Time,Time Code,Country Name,Country Code,GDP (constant 2015 US$) [NY.GDP.MKTP.KD],GDP growth (annual %) [NY.GDP.MKTP.KD.ZG],GDP per capita (constant 2015 US$) [NY.GDP.PCAP.KD],"Inflation, consumer prices (annual %) [FP.CPI.TOTL.ZG]","Foreign direct investment, net inflows (% of GDP) [BX.KLT.DINV.WD.GD.ZS]",Exports of goods and services (% of GDP) [NE.EXP.GNFS.ZS],Imports of goods and services (% of GDP) [NE.IMP.GNFS.ZS],Individuals using the Internet (% of population) [IT.NET.USER.ZS],Fixed broadband subscriptions (per 100 people) [IT.NET.BBND.P2],Mobile cellular subscriptions (per 100 people) [IT.CEL.SETS.P2],Secure Internet servers (per 1 million people) [IT.NET.SECR.P6],High-technology exports (% of manufactured exports) [TX.VAL.TECH.MF.ZS],Access to electricity (% of population) [EG.ELC.ACCS.ZS],Research and development expenditure (% of GDP) [GB.XPD.RSDV.GD.ZS],Technicians in R&D (per million people) [SP.POP.TECH.RD.P6],Renewable energy consumption (% of total final energy consumption) [EG.FEC.RNEW.ZS],Forest area (% of land area) [AG.LND.FRST.ZS],"PM2.5 air pollution, mean annual exposure (micrograms per cubic meter) [EN.ATM.PM25.MC.M3]",Energy use (kg of oil equivalent per capita) [EG.USE.PCAP.KG.OE],Electricity production from coal sources (% of total) [EG.ELC.COAL.ZS],"Population, total [SP.POP.TOTL]","Population, female [SP.POP.TOTL.FE.IN]","Population, male [SP.POP.TOTL.MA.IN]",Population growth (annual %) [SP.POP.GROW],Urban population (% of total population) [SP.URB.TOTL.IN.ZS],"Life expectancy at birth, total (years) [SP.DYN.LE00.IN]","Unemployment, total (% of total labor force) (modeled ILO estimate) [SL.UEM.TOTL.ZS]","Labor force, total [SL.TLF.TOTL.IN]","Compulsory education, duration (years) [SE.COM.DURS]","School enrollment, tertiary (% gross) [SE.TER.ENRR]",Total greenhouse gas emissions excluding LULUCF (% change from 1990) [EN.GHG.TOT.ZG.AR5],Total greenhouse gas emissions excluding LULUCF (Mt CO2e) [EN.GHG.ALL.MT.CE.AR5],Total natural resources rents (% of GDP) [NY.GDP.TOTL.RT.ZS],Energy intensity level of primary energy (MJ/$2021 PPP GDP) [EG.EGY.PRIM.PP.KD],Renewable electricity output (% of total electricity output) [EG.ELC.RNEW.ZS],Nitrous oxide (N2O) emissions (total) excluding LULUCF (Mt CO2e) [EN.GHG.N2O.MT.CE.AR5],Total fisheries production (metric tons) [ER.FSH.PROD.MT]
2021,YR2021,Afghanistan,AFG,16345202562.5485,-20.7388393676343,408.625855217403,5.13320340824963,0.144466946606861,14.342152797537,37.06956357719,16.51429939,0.066424315829547,56.6944760468967,39.1245970166507,..,97.7,..,..,20,1.85278199408184,39.7388328758413,..,0,40000412,19813956,20186456,2.35609779179185,25.3478620272481,60.417,12.006,9128262,9,..,153.919081938817,32.8358,0.428525449642917,2.94,78.2344746063241,3.6664,12907
2021,YR2021,Africa Eastern and Southern,AFE,1014482704419.61,4.45264295607002,1422.65546311873,6.82472709282067,4.91733778368595,25.7282688404396,26.2881671327756,25,0.62,74.7,1436.91352640515,5.17659971140957,48.1272110400485,..,..,..,29.9313691395649,25.5294580355908,579.961578587522,53.8226161835914,713090928,360249371,352841557,2.6494391643563,36.9085426088518,62.9799991857494,8.40741154700022,277268587,7.5,8.66186046600342,80.0336688095969,1490.5839,10.3300167787945,6.54584253327783,33.1591703379323,183.342,4830187.287
2021,YR2021,Africa Western and Central,AFW,836671456137.296,2.54547274764256,1725.17121673839,3.74556782333009,1.6013875786779,..,..,34.7,0.36,95.2,41.1296333917643,3.61135675259108,54.3660120999023,..,..,..,19.7320365324224,49.3359719043818,353.122558892368,0.411451216228281,484978794,240936753,244042041,2.35569541452186,51.0894191806819,57.3550150454372,4.67076109003218,198696338,9,10.1902599334717,96.0594125225422,851.1541,9.73438039740326,5.72306736772593,30.178924805363,105.2639,4469290.565
2021,YR2021,Albania,ALB,13722964212.462,8.96957619074095,5511.75743402862,2.04147163139545,6.75791457973236,31.1330562572669,44.457347833234,79.32371752,19.6303737145283,92.4843357131703,1115.76929843093,0.419509988977299,100,0.18998,..,41.9,28.7919708029197,15.8337516349214,914.732925521475,0,2489762,1258129,1231633,-1.54312080996395,57.5077187031778,76.844,11.474,1227911,9,59.9698690125562,-26.1088499269464,8.4963,1.44260146706838,2.27,..,0.8668,18484.5
2021,YR2021,Algeria,DZA,199488888151.485,3.79999999900707,4456.74687637774,7.22606307415477,0.466728479682941,23.4443672905951,23.3926919693657,72.21240234,9.33184191925225,105.037092587919,62.1075009798128,..,99.8,..,..,0.1,0.822088053271978,16.8669275134746,1451.44517709293,0,44761099,21912671,22848428,1.61936460233826,73.6199218261573,75.208,13.656,11881915,10,54.2222597146723,86.2661796055532,245.8762,22.5902703479201,5.61,0.913584728890971,6.3024,79427.261
2021,YR2021,American Samoa,ASM,651422900.763359,-0.782472613458523,13233.5784817341,..,..,44.2666666666667,92.5333333333333,..,..,..,426.6124936516,..,..,..,..,0.4,85.5,3.44788729126219,..,0,49225,24337,24888,-1.0829920166826,82.2127091544092,72.708,..,..,..,..,21.9178082191781,0.0089,0,..,3.8725406815218,0.0021,1211.746
2021,YR2021,Andorra,AND,2893905656.89506,8.28677879049404,36929.0191528644,..,14.5826583360123,..,..,93.89749908,50.2769128681537,119.687611658415,11280.6901128069,24.3806762508654,100,..,..,18.4,34.0425531914894,9.25302038744399,..,0,78364,38353,40011,1.26362889534188,88.6627318165299,82.331,..,..,10,15.4117647058823,..,..,0,1.89,93.3403907227408,..,0
2021,YR2021,Angola,AGO,96282191774.5762,1.09058369944815,2788.16737086685,25.7542948841891,-5.56323234141154,40.092305214066,22.4364653180014,34.55649948,0.39092529517689,44.3868689341257,26.1782917153033,16.1269540436105,48.2,..,..,52.9,52.9817223871019,18.4908414693325,430.74656947008,0,34532429,17455057,17077372,3.18132259995095,68.2524163556969,62.958,15.799,14529142,10,..,95.4023089674192,66.6019,29.9674348417559,3.1,91.1643122192566,6.6331,571352
2021,YR2021,Antigua and Barbuda,ATG,1485407940.31841,8.17286311186622,16084.7214406048,2.06299638545334,17.8854599675431,46.9612135727066,54.1137470120719,71.64530182,8.66279006811119,199.244171566557,801.308081300285,0,100,..,..,0.9,18.3029545454545,9.34508100191775,..,0,92349,48430,43919,0.546161676855974,24.574983819566,77.197,..,..,11,..,61.8410381184104,0.3991,0,4.83,5.65579264886605,0.0123,3225
2021,YR2021,Arab World,ARB,2802376771055.43,4.43140396719774,6083.57198947026,2.86833027751015,2.25423129793072,41.3602061150739,35.6897534112032,..,9.72405002319894,99.2339505781343,193.304366992152,4.55397572743265,90.4340947732985,0.677204938802721,..,..,2.79106542010418,37.8556017697281,1733.38722241099,2.29149405920018,460646603,222606670,238039933,1.51437547360799,59.112484714184,70.4041144889903,10.8627489086684,134965857,9,32.6684608459473,140.443553319005,3027.3815,20.3694351969748,4.96561460212019,4.79067848099356,102.2668,6048127.045
2021,YR2021,Argentina,ARG,568636554720.066,10.4418119882506,12549.2811699342,48.4093786255199,1.36838083162438,18.0667091690365,15.0119803984295,87.15070683,23.1500020932515,130.352799939601,5116.36127962748,4.42289139264312,100,0.5236,..,9.2,10.4008857415345,13.9190749120157,1741.51377200597,1.81813433956352,45312281,22834166,22478115,0.265879395046274,92.0292776175651,73.948,8.736,20993886,14,107.219557633976,46.7282739784056,371.3182,2.65308888983975,3.39,25.5361113468556,38.711,891526.782
2021,YR2021,Armenia,ARM,12633615899.6682,5.80000000065645,4264.79961505187,7.18483629443371,2.64014282794454,35.6688923952932,43.580013369418,78.61225758,16.2565945813558,125.395134877327,712.95952469365,5.95671993684786,100,0.20557,..,9.1,11.641626848728,30.5313936417254,1271.52805556324,0,2962300,1591948,1370352,0.0270096898904032,65.3572875314441,72.2780487804878,15.469,1467125,12,56.6235144830279,-55.1236690967137,10.908,7.05429982361028,3.91,30.0380758979566,0.4831,19699.999
2021,YR2021,Aruba,ABW,2832837377.86958,14.833691976226,26303.0397202375,..,4.62204992644621,67.3235487070639,72.1873538770091,..,17.664887781476,131.09206195727,1643.45403899721,4.81705330254684,100,..,..,8.8,2.33333333333333,..,..,0,107700,56900,50800,-0.82021108315363,61.9275339886843,73.655,..,..,13,..,144.348615524285,0.5383,0.0020661282461218,3.13,14.7971787957078,0.0091,166.5
2021,YR2021,Australia,AUS,1527396783519.68,2.00694844335034,59465.535671364,2.86391284709318,2.01542405903096,22.0018144228925,18.200421516167,96.97219849,35.8359861455454,105.118514623956,46481.5592601746,22.3940766008599,100,1.85783,..,12.3,17.4213145571644,5.4818683964456,5006.44306522882,52.8370877486312,25685412,12940520,12744892,0.14089508329287,87.2353407632761,83.3,5.022,13859964,11,112.688293457031,25.0682060056883,576.1891,13.3578752832739,4.1,26.6608674695166,47.129,350837.526
2021,YR2021,Austria,AUT,406312360757.929,4.92309171717903,45368.6434337368,2.7666666666667,3.95409878611296,55.9539450675875,55.0789870565772,92.52915104,29.2537339731419,121.357731973824,39775.2427840872,11.017122140568,100,3.25565,..,36,47.1720794958798,10.7703740394321,3728.13398931398,3.04850472044774,8955797,4549341,4406456,0.435671684056384,68.773601700253,81.190243902439,6.459,4650207,13,93.940071105957,-0.123974930622661,80.0781,0.117855774382781,2.86,79.9114280061055,3.3407,5270.413
2021,YR2021,Azerbaijan,AZE,54232727563.5559,5.61644027150554,5349.58226071425,6.65029912708779,-3.11473447263613,46.4887471674792,29.7981185195358,85.99998954,20.0856994533421,105.693559477177,416.857784025055,2.09710423147129,100,0.20836,..,1.3,13.8329909255898,27.2242211332911,1623.82932438235,0,10137750,5176589,4961161,0.441197735816311,58.3659969744818,70.999,6.04,4963081,9,39.0095977224788,-16.3687652755736,56.5961,29.9383945565987,4.73,5.79875927851687,2.1581,59544
2021,YR2021,"Bahamas, The",BHS,11540027214.2601,17.5861390037409,29114.0597726386,2.90491262928478,3.18239411083404,27.9712552961701,37.9612860347263,92.34980011,20.7423310871326,100.257333370336,2765.07229301693,0.261199965818234,100,..,..,1.1,50.9350649350649,5.76047860913552,..,0,396373,206455,189918,0.128749531818761,81.4784235345083,70.752,11.078,223263,12,..,38.8616891064871,1.8152,0.0147540061086709,2.87,0.480875807854305,0.0435,8705.851
2021,YR2021,Bahrain,BHR,36235315986.0804,4.35004091668986,24086.7847803428,-0.60631938514085,4.3566259787756,86.2742186726683,67.5250978124398,100,16.5057891919103,128.078912532195,3892.00759124282,0.59059004344565,100,..,..,0,0.911392405063291,57.5337113311962,10665.6287316741,0,1504365,571651,932714,2.16102845934147,100,78.083,1.548,837039,9,47.5015525503536,118.485885813565,63.5062,16.6400337175308,9.23,0.0374420435657423,0.2193,17051.005
2021,YR2021,Bangladesh,BGD,285368829855.224,6.93867912442445,1702.08028414189,5.54565430773473,0.414118154040593,10.6627789004134,17.0612258032497,38.91744466,6.64246518111116,110.012054001037,228.70847011754,..,99,..,..,25,14.4687716063609,73.1105267513781,298.53034978646,5.55823714585519,167658854,85086513,82572341,0.814977993693211,31.3992156886061,71.103,5.457,72637932,5,23.9006822335243,192.976914703938,219.365,0.610069177584654,1.93,1.50701993704092,24.9697,4621667.998
2021,YR2021,Barbados,BRB,5190267687.6007,8.0198770096479,18395.6153622073,..,4.01309546170598,..,..,69.4756012,36.3512637029634,112.222706603295,914.416952864996,17.1559663528192,100,..,..,5.5,14.6511627906977,12.1711043025916,..,0,282147,146790,135357,0.159263661079578,59.3220365433819,76.58,11.015,144514,11,54.672,-0.595655220742819,0.8511,0.328405869203115,4.01,7.32507956609401,0.0356,984.167
2021,YR2021,Belarus,BLR,60073587228.1282,2.43886210234947,6457.73053706343,9.46028389623099,1.76640687852003,70.8317550415821,65.1824128358935,86.88841196,35.0097634241001,127.117317282369,9313.43277164358,6.01576846359853,100,0.45981,..,8.2,43.2722345405272,13.8648907796671,2929.16750076532,0.0678968937171124,9302585,4967859,4334726,-0.82823272086807,78.131086803694,72.0714634146342,3.9,4938726,9,78.6027133367864,-36.6139366895379,91.8916,1.86330240223309,6.18,3.1465360459759,14.3811,9116.131
2021,YR2021,Belgium,BEL,499839663858.827,6.25445686466593,43140.9676652971,2.44024851144084,5.6774240968721,89.625374866218,87.7565373348573,92.78867618,43.0218054966431,101.462935633736,28369.365438783,21.3799638763737,100,3.40589,..,11.7,22.604446776415,10.7283609930744,4823.5834216252,2.0182920154059,11586195,5873102,5713093,0.411601996532257,87.4305564090635,81.790243902439,6.248,5217415,13,82.6882019042969,-14.9754433290082,119.5214,0.0448914290094104,3.86,23.5431574128442,8.5694,18160
2021,YR2021,Belize,BLZ,2308584056.87279,17.9899244143607,5839.40157956017,3.23563659237071,5.16738739330779,47.5814821772776,51.4009547657221,70.65370178,9.10594770150703,66.7769498110516,319745.235818751,0.191639909392131,97.7,..,..,26.6,55.4971503726436,15.8517350969341,..,0,395346,196444,198902,1.1534704907648,42.3910809205294,70.917,10.302,171060,8,23.6813942822198,115.432098765432,0.9423,0.523036536890701,4.78,92.8601757887138,0.1021,190062.468
2021,YR2021,Benin,BEN,15779238957.3117,7.1554516457574,1176.37727637273,1.73353962694036,1.95608661099463,20.9188061754733,27.1360546569676,28.20470047,0.154166533404575,94.9182598289459,21.7692479105063,2.69844689930495,42,..,..,54.5,27.3603228095069,40.8353843252766,376.055295296953,0,13413417,6692742,6720675,2.59230167510348,50.1961807561354,59.61,1.833,5877845,6,9.82796955108643,321.61296204642,16.1853,2.30442028320417,4.79,0.257548845470693,1.8485,72205
2021,YR2021,Bermuda,BMU,6667171891.16811,4.76497899668355,103130.365845318,..,0.681418926611757,47.9001272558699,25.0269648837173,..,35.5772800395991,105.185001856206,6171.88466773914,8.07436049658355,100,..,..,0.9,18.5185185185185,5.41726938273909,..,..,64648,32916,31732,0.412307799470137,100,81.745,..,..,13,..,-3.93756651294785,0.2708,0,1.52,..,0.0058,419
2021,YR2021,Bhutan,BTN,2486224986.25084,4.42136738945015,3206.20366997254,7.3468144053353,0.244983575408047,29.1987406924537,48.3837075785288,85.63688389,0.364566273170656,100.330908049861,816.308634301469,..,100,..,..,81.8,71.4997378080755,32.476862028065,..,0,775442,359754,415688,0.703488233671584,40.3075199874379,72.448,4.803,414321,..,14.7382447141292,152.329590663955,2.8541,2.73325446048629,9.72,100,0.1865,194.1
2021,YR2021,Bolivia,BOL,35949969737.6152,10.0290488827886,3011.55110825301,0.737383721452275,1.21888494970059,23.5525156265644,24.114568689334,65.9773785,9.44574009663778,100.809064985893,244.526427953919,4.54888314317125,98.6,0.06308,..,12.8,46.7283054555525,28.1172356323428,757.897180576978,0,11937360,5947416,5989944,1.01931284088344,70.3450412826165,61.427,5.089,6426918,14,..,81.3991892599023,53.3856,9.46769419569564,3.89,38.2375964718853,6.5312,38140
2021,YR2021,Bosnia and Herzegovina,BIH,19454976126.4078,7.39164256472846,5995.54197590494,1.98163900587622,3.24230818475028,42.8225929673139,53.9165214735605,75.67620138,24.5890868366952,114.911613799718,3956.6619320677,5.31622200242201,100,0.19035,..,36.6,42.7326171875,25.6011826273789,2267.26088940872,60.4499352611135,3244907,1701558,1543349,-1.66384860150923,50.4899479477034,74.567,14.897,1339593,9,45.0589485168457,-7.66644966202034,30.3517,0.813398711441269,5.89,39.3396633577902,1.2567,4163.6
2021,YR2021,Botswana,BWA,16560125447.6096,11.9162724376008,6895.91184943107,7.24097765588442,-1.70161470195308,41.7739949800303,49.2738547603695,54.70069885,5.5483769953124,173.25235140068,335.215397754931,0.330785941453264,73.7,..,..,27.4,26.7083090713391,13.9720494964628,1149.11419904777,96.0991466883381,2401441,1202318,1199123,1.49130106425067,66.5182767068255,63.303,23.106,1036012,..,21.2032904951187,32.2082713093004,12.2565,1.03853443914101,2.68,0.248679398618448,2.0122,2208
2021,YR2021,Brazil,BRA,1843881119920.2,4.76260437908608,8799.22945810901,8.30165975585673,2.77979084938159,19.1094303688709,18.5469003909373,80.68989314,19.8363162401481,104.824727184587,3546.59010881655,9.00155420026002,99.5,1.13371,..,46.5,59.2704836243471,13.6869644159129,1430.3934661032,3.66646395644626,209550294,106313829,103236465,0.425360907216456,87.1360781715439,73.038,13.158,104085430,14,57.6311988830566,96.7215311535405,1277.187,7.94111199933246,3.96,77.3753492178891,159.6406,1185725.525
2021,YR2021,British Virgin Islands,VGB,..,..,..,..,..,..,..,..,20.8865614007247,99.5556613504721,1797058.90131979,..,100,..,..,1.3,24.1333333333333,..,..,0,37809,20078,17731,1.79872484022046,53.972618684518,75.297,..,..,12,30.3667262969589,245.017182130584,0.1004,..,..,2.2534386889084,0.0043,1134.19
2021,YR2021,Brunei Darussalam,BRN,13215632407.1015,-1.59076260099606,29256.1833678343,1.73341388450593,1.47404982867232,80.1689108084537,66.9542015668641,97.62879944,17.580984722871,133.597065445264,14092.769652064,1.36091758514108,100,..,..,0,72.1062618595825,7.41473381939997,8962.62325631033,21.775750131602,451721,211320,240401,0.96027430523198,74.7667316936175,74.869,4.905,227037,9,27.4258937503291,114.202953038485,12.5343,24.2800139399884,6.33,0.0196525706264257,0.3996,20062.925
2021,YR2021,Bulgaria,BGR,59619536577.8514,7.82817310703665,9161.94541759347,3.29774435299506,2.52871196630769,61.8496078917309,59.3644831208726,75.27144583,32.7688420838347,114.911988483727,55100.7245553879,10.9244735738213,99.8,0.76933,..,20.4,35.9801031687546,20.3137843906143,2918.91641380678,35.9170030272452,6507301,3356188,3151113,-0.664652622488209,73.346765618041,71.2121951219512,5.166,3082471,12,85.3017501831055,-41.2712670190741,59.1719,0.917744335906696,4.72,22.1918096199125,4.002,21982.838
2021,YR2021,Burkina Faso,BFA,16396850182.5889,6.94252492572348,745.472563435144,3.65326761825509,-0.405926078113797,32.797073516181,29.6232851445985,18.1522007,0.0740660150924452,112.198419449151,11.0478433905004,2.25653916783306,19,0.25057,..,71.2,22.5380116959064,37.330661427955,310.286656956393,0,21995243,11041607,10953636,2.37649218888363,26.8114307743017,60.046,4.511,9191515,10,9.30513098594236,213.415054790522,35.4369,20.1354014379911,5.43,13.9238095238095,6.6326,30609
2021,YR2021,Burundi,BDI,3431737891.10688,3.23707479372925,264.682651658422,8.40453845076341,0.652577753652764,..,..,6.777999878,0.0304886490520483,59.700785493419,6.32448576338973,0.250001784207837,10.2,..,..,83.1,10.8894080996885,36.847841947951,..,0,12965481,6526617,6438864,2.72425539520386,21.1108861865354,62.101,1.118,5484419,..,..,159.468242245199,7.9047,13.9570339894077,7.48,61.3041849395068,1.3101,20090
2021,YR2021,Cabo Verde,CPV,1793627260.88123,7.03353010694514,3471.6553421786,1.86215297494647,4.45730498164251,23.8497983576563,53.6052602688779,70.28250122,5.90962142576488,114.230551109167,648.40926818788,2.03802142478556,95.5,..,..,22.6,11.4193548387097,19.0896305382384,..,0,516649,253761,262888,0.38203217521266,74.1607930892827,74.424,13.932,201583,10,..,304.543347241539,0.8726,17.6577234520724,2.45,18.2655949281105,0.0628,11142.927
2021,YR2021,Cambodia,KHM,32909177695.673,3.08984284148661,1938.76436741728,2.92073477592949,9.4684591111041,72.3610346435508,73.8188118661646,60.76269913,1.98089406311481,117.234785164989,166.36910907398,2.98063279368018,82.5,..,..,52.4,44.825968728756,19.5777877942962,497.04212828098,36.9822774894742,16974305,8667395,8306910,1.47677836241244,40.1091858128847,69.301,0.396,9341945,..,13.5005634857238,231.597036427248,48.3369,0.835283715830679,4.96,56.368745716244,3.2859,856400
2021,YR2021,Cameroon,CMR,38854942334.5769,3.33885747179505,1443.57600237663,2.27185762503637,2.14061326900656,16.5088840367781,20.2219506820777,38.89260101,2.23385126289217,80.8081013360278,17.4618897970475,2.15123166966613,65.4,..,..,79.2,42.9110448266379,53.1474397977025,378.003030105632,0,26915758,13500426,13415332,2.65496076580698,54.5548664463635,61.146,3.976,10140896,6,17.1581831920239,32.4130457905653,39.8362,5.52598268395679,4.23,61.8966686856451,4.6265,223420
2021,YR2021,Canada,CAN,1706998394665.32,5.95052804984759,44639.2381171993,3.39519318527528,2.97618405526996,31.1750905922479,31.0717706707868,93.93710327,41.6930962576979,87.4056019628826,43542.2312171403,16.33762888714,100,1.87064,..,23.8,39.4701279256318,7.83769210708607,7524.86361233157,5.32187223366307,38239864,19240905,18998959,0.553902422386893,82.1779279079275,81.4514634146342,7.527,21005652,10,79.7657318115234,25.8104104277686,742.9301,4.94905581435186,6.55,67.0163805768966,38.4014,973511.282
2021,YR2021,Caribbean small states,CSS,59811288479.9111,7.23640467044548,13353.2168994617,2.22891330700344,4.83193079282107,..,..,..,18.3844757261607,109.129045044123,30328.8535569225,0.208705084041073,98.1746990902549,..,..,..,86.5610599799752,14.3675894452074,..,0,4479167,2272126,2207041,0.444484009630739,50.1235419064094,69.9228107471769,9.71327125079923,1865871,7,..,112.097108432726,50.663,7.88791358939435,9.52731525798176,9.06061134489452,1.021,289343.013
2021,YR2021,Cayman Islands,CYM,5416518358.04824,4.86941655353661,77259.6331096058,..,-13.3283722401281,..,..,..,45.6438637530667,142.637074228333,5762.53779882467,67.7653374620884,100,..,..,0,52.75,..,..,0,70108,34865,35243,2.05206347593734,100,79.3,..,..,12,..,166.409861325116,0.3458,0,1.93,2.93933111462709,0.0074,210
2021,YR2021,Central African Republic,CAF,2024497026.49048,0.982919996264229,396.020622931961,4.25936417542868,0.214980465443776,13.2274599967551,30.9316599983489,..,0.00976115490698539,35.8169832358522,0.978071633966472,7.66912447024762,15.7,..,..,90.9,35.7523516003724,33.2577447153042,..,0,5112100,2628853,2483247,1.68608971248183,42.8547782897949,40.279,6.701,1893361,10,..,67.8305945505019,12.7563,10.2601957578803,8.41,96.473071423708,4.5638,28320
2021,YR2021,Central Europe and the Baltics,CEB,1577162479351.97,6.57271679525719,15739.2441317825,3.83984491500146,6.31291483772997,63.116382613769,62.0553444295121,..,28.9659286694394,124.396200399213,38686.0504147607,12.7268181785903,99.9870121182289,1.31378375201668,..,..,34.5892800367668,16.5662159921164,2806.97546373865,42.569719978482,100205732,51653953,48551779,-1.00291129900562,61.5491099540844,74.7232827859077,4.44508031221282,48626191,10,67.2225112915039,-34.8337337734308,912.8168,0.786955582401545,3.40004636002681,24.8023669805393,69.9613,655556.11
2021,YR2021,Chad,TCD,15288236703.0191,0.293442648033434,857.52763057976,-0.77284437035914,4.17913326043699,26.2833492963398,17.6631548052497,9.653699875,0,58.0323175441615,1.23399501454796,..,11.3,..,..,69.9,3.33650992693774,40.2491809011673,203.211499981214,0,17828273,8883575,8944698,3.44423869357111,25.2312246423075,53.136,1.53,5534858,10,..,678.453238385281,86.1413,21.3429312625159,4.34,4.61004784688995,19.1405,103110
2021,YR2021,Channel Islands,CHI,10716059398.8152,9.93680136985076,64267.6930018122,..,..,..,..,..,..,..,..,..,100,..,..,..,5.15151515151515,..,..,..,166741,84339,82402,0.30392604241618,32.8148141071941,80.3,6.643,82146,..,..,..,..,..,..,..,..,3332.51
2021,YR2021,Chile,CHL,273483125955.671,11.3374032409913,14056.251601955,4.52456838259144,4.81031437211446,31.974345622206,32.8656468569676,90.23280334,22.0140443723879,136.571581265001,12724.956304718,12.4417748590856,100,0.36063,..,24.2,24.6807203850391,22.0634868594571,2032.98120427379,29.6132609239019,19456334,9783967,9672367,0.441498091207504,88.4660511664452,78.876,9.281,9171143,12,96.2227935791016,132.209008351207,127.2099,16.9044168802743,3.46,48.0821990956395,6.453,3834716.587
2021,YR2021,China,CHN,16198805195731.6,8.57038414981781,11469.3174514512,0.981015135544882,1.8903454142588,19.4350556514909,17.2078233128845,73.05323517,37.5611751315805,121.491918368395,1083.91132572432,30.2190732796596,100,2.38165,..,15.2,23.6315548970464,31.918522723712,2623.79959356116,63.0009520818053,1412360000,691353011,721006989,0.0892522000412526,64.721076965332,78.117,4.55,781187865,9,66.8186077597542,300.417987376829,14866.4936,1.70756488252672,6.3,28.427997926748,394.9117,85948133.999
2021,YR2021,Colombia,COL,330530695024.886,10.8011981904878,6457.16921807086,3.49505757399448,3.00175693787234,16.1970059548864,23.8621404387264,73.02837449,16.4767904492313,146.627837254516,646.067207751291,8.20914960906244,100,..,..,29.7,53.1253958539883,16.6640289062553,880.466204307389,5.38582339924334,51188173,25914903,25273270,1.09642825395961,77.8339570326128,72.698,13.898,25915910,12,58.3159217834473,60.8490483994038,212.6989,5.32396445388134,2.33,75.1246222666381,19.4962,633452.87
2021,YR2021,Comoros,COM,1112983883.13101,2.04245238320844,1360.32663361462,-0.00441793682346988,0.309826819264342,9.91703418014113,32.1506894694666,30.68120003,0.150456993255713,104.311430086999,18.3335085201925,0.206883909574449,87.9,..,..,41.2,17.4529822675981,9.93169178429907,..,0,818174,406650,411524,1.97631988078353,32.4124444313246,65.201,4.394,279968,6,..,181.007378889958,0.8759,1.62843413378353,4.27,0,0.0618,19202.856
2021,YR2021,"Congo, Dem. Rep.",COD,48103175756.1974,6.42961005647355,485.160805929784,..,2.84027556004194,37.829511069311,37.5575413167622,16.1595993,0.0312660957356555,47.2882541992485,4.70000019768241,0.0782346689876282,20.8,..,..,96.3,55.1615535607949,36.8463421764002,393.949173556287,0,99148932,49963807,49185125,3.23790848096045,43.6290681792218,60.044,5.289,34004531,6,..,108.603245658704,52.844,38.8272665239082,12.51,90.4325595509028,7.4257,266835
2021,YR2021,"Congo, Rep.",COG,10027261669.7995,1.01507036990908,1701.79060456872,1.7156427545126,-2.15982873741865,52.8365708586233,32.7096322965954,30.02739906,0.256899692355108,95.8614998889206,10.1829831150865,6.53711247460385,49.7,..,..,71.4,64.2196193265007,36.7456736527741,581.818154474185,0,5892183,2946115,2946068,2.39414288318435,63.6179125824196,64.192,21.998,2257465,10,..,113.684307071448,23.298,37.7125480946685,6.72,31.7064705882353,0.6837,70330
2021,YR2021,Costa Rica,CRI,67132150844.0064,8.21817953969082,13267.2549508035,1.72647755109241,5.47775634815964,35.8298587276824,34.2738345782266,82.74901607,20.9242986347003,140.788061157457,1720.95269791154,16.9670005542705,100,0.27385,..,34.2,59.7579318448884,18.054990422746,996.593947554107,0,5059988,2557639,2502349,0.508564932290693,77.9868940200009,78.05,15.139,2491035,13,..,60.7916705749929,15.4278,0.763407374189705,1.99,99.3668053701814,1.5673,46907.406
2021,YR2021,Cote d'Ivoire,CIV,63620521822.0335,7.06253713446816,2146.46047529012,4.15919657911798,1.91282655892028,22.2962678369402,22.8177649393033,35.95069885,1.13037781443128,150.343798608733,56.4444973464001,3.86336645370502,71.1,..,..,58.2,8.5654927672956,21.3540188476971,475.7701142407,0,29639736,14518035,15121701,2.47398737434864,52.3183461956059,60.29,2.623,11390094,10,10.7725833415282,252.762236354854,35.0561,4.73502206212113,3.3,22.7753265853448,2.9169,73745.07
2021,YR2021,Croatia,HRV,59718022506.1921,12.6312741312741,15395.2861605128,2.55450699642041,7.42755621800021,49.7866067908747,52.5410074901873,81.25396608,26.7157501000099,112.169438491978,25479.3720309535,9.60673351412275,100,1.24187,..,34.1,34.6963902787706,15.8311978587026,2212.49721053261,9.57264957264957,3878981,2009887,1869094,-0.904000889163613,56.7683502560171,76.4243902439025,7.483,1728310,8,78.0067901611328,-22.2123397826405,25.538,0.681198197003712,2.91,69.8809993425378,2.3352,90368.97
2021,YR2021,Cuba,CUB,82070953176.2327,1.25448735650322,7379.04275283674,..,..,34.893565509576,45.1302047988144,67.64354869,2.67322881654008,63.8661095570576,108.701828636287,70.086566034141,100,0.32282,..,20.9,31.233140655106,9.8262445208671,791.974143484846,0,11122168,5624501,5497667,-0.486006262271645,77.0987701416016,73.201,2.11,4945430,9,51.8885571735926,-36.0644601723139,37.7423,..,1.35,4.77073999691024,2.7065,40717.7
2021,YR2021,Curacao,CUW,2405500822.32169,4.18371018614259,15625.4113227953,..,6.23861045672485,..,..,..,32.5704880878504,90.6602271807463,4897.75768441292,..,100,..,..,2.8,0.157657657657658,..,3492.20664587289,0,153948,80746,73202,-0.991508623687595,91.391865832772,75.686,..,..,14,..,..,..,0,10.39,18.2624113475177,..,25030.279
2021,YR2021,Cyprus,CYP,27218270154.3629,11.3975590801512,29517.05859375,2.44608867175474,21.8171208826836,90.7578331633624,86.0699036565075,90.75951564,36.6502473650247,142.051408905141,55321.8720892365,15.9690026786633,100,0.77686,..,15.6,18.6699134199134,16.4064238159329,1666.21660995085,0,1317309,653366,663943,1.1499785451605,66.6718365394971,80.573,7.513,735675,10,106.362930297852,56.8835775970187,8.7563,0.0127645649104764,2.45,15.1349873022075,0.2988,9284.809
2021,YR2021,Czechia,CZE,214043320221.167,4.02901832055149,20373.8783043424,3.83984491500146,4.43029524586196,70.550045142844,66.8280711600245,82.67062427,37.4984794433561,126.173145654465,75932.7348813586,20.3560909262553,100,1.93302,..,17.2,34.7066980208929,13.9271630754611,4056.31700066788,40.9421866729401,10505772,5326877,5178895,-1.81187141002542,72.6810594374316,77.2219512195122,2.803,5242069,10,69.8369293212891,-38.1080720868056,123.5249,0.394999591152656,4.16,14.0234899723578,6.3021,24305
2021,YR2021,Denmark,DNK,347379325644.417,6.50025445756295,59312.8158043771,1.85304543989689,4.18538817542322,59.2073478715957,53.114124825695,98.8658506,44.9598379722906,125.604137839658,259654.486554193,13.9247982031326,100,2.74323,..,39.5,15.7345,7.83233153264872,2756.12264765988,13.2072617246596,5856733,2942923,2913810,0.433414489409722,88.2616449318149,81.4048780487805,5.065,3076617,10,83.982292175293,-37.3292379910608,43.2563,0.33866438619955,1.96,78.958880484115,4.6643,506223.758
2021,YR2021,Djibouti,DJI,3200221046.31128,4.40715667561153,2854.15987035097,1.18086783934059,4.91482788768696,142.728193974095,120.749534759797,61.41120148,1.39112845686235,43.6423520933817,46.3768943177602,2.62827621175548,65.4,..,..,26.6,0.253377911993098,36.2143866826732,..,0,1121248,565118,556130,1.44268944208775,72.2882954556515,63.83,27.628,247690,10,..,22.1267628464905,2.2602,0.277110490356489,2.08,35.3535353535354,0.2124,3088.9
2021,YR2021,Dominica,DMA,520030399.241901,5.37983838954712,7738.31730070386,2.22891330700344,5.0343144105378,..,..,78.07949829,20.9562215410256,92.5136156662004,55117.4072200232,3.30533077770519,100,..,..,8.8,63.8266666666667,12.3704806638306,..,0,67202,33492,33710,-0.550548598917183,72.2613620044042,69.832,..,..,12,..,80.8805031446541,0.1438,0.0330678676450178,3.03,20.2875714004333,0.0113,289.47
2021,YR2021,Dominican Republic,DOM,92824351636.8768,14.0124289062207,8344.90510312395,8.24300347981809,3.53154938314388,21.5282997986043,30.4217229317071,85.24298638,10.3195260186654,87.5207623947766,142.131830014287,8.48005001549177,98.1,..,..,14.8,44.6530791098888,13.666329634232,954.921847557077,27.9318064405028,11123476,5588247,5535229,1.04082961778304,72.9243347395035,71.757,7.702,5099149,15,56.4690832383051,175.11933568302,45.8203,2.07711318519727,2.11,17.0566127087997,2.8632,21316.9
2021,YR2021,Early-demographic dividend,EAR,12034409317738.6,7.50689561708779,3506.50286307281,4.12676744440695,2.2009787557197,25.5987039213023,26.9723428562101,..,5.47910506073188,97.8329155295442,1162.99348926978,11.0271853002407,95.2423338887017,..,..,..,22.704486950728,43.3740273159279,912.754623482764,35.8761952510718,3432026092,1690278563,1741747529,1.0537443092784,46.3752600779412,68.1790994839634,6.74359581980053,1346271066,10,33.4120712280273,126.116648292986,12122.3636,6.76810749384769,4.06562313675518,20.5751413214838,774.171,69415769.879
2021,YR2021,East Asia & Pacific,EAS,28544440452498.4,6.48037639158159,12018.1160959764,2.47710241465447,2.58515639592984,28.3523670890111,25.8822914443139,78.8,28.69,127.6,4097.13208505241,35.2749910969289,98.1534049450822,2.57649455499986,..,..,27.1947527408613,27.2666703326686,2289.53492224628,56.0150508192675,2375117716,1175427965,1199689751,0.240142918855769,63.2351929830371,76.152941315904,4.06219092494546,1267027273,9,56.0834693908691,190.420544218773,20378.4727,2.14386252768639,5.23130108527051,25.8905896296862,649.863,140185108.495
2021,YR2021,East Asia & Pacific (excluding high income),EAP,18956219942852.2,7.72023040471529,8905.68067463003,2.69891859529198,2.06362878777772,22.9979669542706,21.0749961924266,77.6,27.78,124.9,1396.79019539945,31.1714827909387,97.9599209910295,2.30357679372756,..,..,30.5126862102911,28.7939808593472,2079.09178730252,61.1451647885293,2128553744,1050156931,1078396813,0.314672689212406,60.3526131684329,75.2781418410849,4.13328662810016,1132761849,9,53.9938011169434,269.254899597391,17694.8676,2.09969813644638,5.6873987294078,28.1838753579584,558.4407,130012475.436
2021,YR2021,East Asia & Pacific (IDA & IBRD countries),TEA,18932757223857.9,7.71993890573823,9005.51806406365,2.6124818577648,2.06377433439377,22.9959483877826,21.0617442480978,78.3,28.12,126.2,1414.13275966362,31.1714827909387,98.5259377999818,2.30357679372756,..,..,30.3673491931958,28.8776740785909,2097.42798257012,61.2136727410713,2102350702,1036880894,1065469808,0.31401226881642,60.3208754851698,75.3009806060199,4.14006542894987,1115624247,9,54.3689193725586,280.492121322194,17614.6225,2.09967893068391,5.68746096987729,28.0919821463722,556.781,129244093.68
2021,YR2021,Ecuador,ECU,102825145845.295,9.42189269033631,5815.09477390949,0.133251386096389,0.607504922954352,27.0659755840025,26.1953000265705,69.1147995,14.0284374555704,94.950621672761,431.840512634728,4.84096317381331,100,..,..,18.9,50.0626509904977,18.605495375963,886.251942198984,0,17682454,8860886,8821568,0.774314023514489,63.0871268249117,72.746,4.504,8597736,15,..,93.8155507180325,68.4667,6.69943720189179,3.26,80.9483764822748,4.4692,1767269.793
2021,YR2021,"Egypt, Arab Rep.",EGY,425777537422.894,3.29064601193245,3837.31992325256,5.21404940513043,1.20617861055665,10.5611502153652,19.295823265447,72.05599976,9.76582299335252,84.0866220906029,38.0868236821959,3.17081927055814,100,0.91175,..,6.1,0.0451855944547692,41.5138300696419,857.821938469275,0,110957008,54930870,56026138,1.4908053906311,42.5686062621468,68.976,7.441,31865548,12,35.1185317783157,136.318201196378,352.548,5.1391200748227,3.06,12.1959401781537,19.4562,2000998.4
2021,YR2021,El Salvador,SLV,26571731219.3539,11.9047617015957,4247.54750394978,3.46692585313082,2.7560499827498,28.7814953892726,53.0635805908039,57.26380157,9.07178351163771,176.973446325336,154.257293492644,7.17516150721425,97.9,0.16252,..,21.9,27.9623552123552,28.6065883877576,722.144578885879,0,6255782,3283657,2972125,0.338002420196154,73.6838531494141,69.941,4.327,2739437,15,30.3043325211094,77.836914476099,12.5969,0.535264947589614,3.26,95.5593380614657,0.9816,72101.726
2021,YR2021,Equatorial Guinea,GNQ,9652085293.25754,0.860269956382069,5487.92479201992,-0.0971007664640198,4.59725955429429,45.1275510492817,31.839097550571,58.71730042,0.0976810140631094,46.434813558898,19.9000901758372,..,66.8,..,..,5.2,86.9896613190731,41.5933457698159,1295.32967648807,0,1758786,828870,929916,2.43551071649529,70.6431215020592,62.447,8.821,630607,6,..,4920.24838012959,9.2975,23.500064053404,5.18,8.82316227461859,0.0484,6327.127
2021,YR2021,Eritrea,ERI,..,..,..,..,..,..,..,..,0.149245578525113,53.7582573847458,0.89547347115068,..,52.5,..,..,80.7,8.68225472898591,30.3260485663662,288.025287685807,0,3350183,1698263,1651920,1.77411588481268,34.9871139526367,66.94,6.489,1572766,8,..,36.1044979168438,6.4029,..,6.37,5.05022831050228,1.2597,1097.216
2021,YR2021,Estonia,EST,28709089435.1187,8.25488044580031,21570.6658455268,4.65316673847473,20.2291128645653,79.6159088233408,80.8560134825861,90.97970174,37.357189680638,148.739589817601,96297.9325765704,20.6301155577085,100,1.75152,..,38,57.0385964912281,7.22114742755663,3427.29968051085,57.6762909494725,1330932,699762,631170,0.105996956310127,70.1777274135822,76.9439024390244,6.178,703200,9,73.1502075195312,-63.342819806704,16.7189,1.72122598420606,3.73,39.9573847862299,1.7134,73084.982
2021,YR2021,Eswatini,SWZ,4487365678.93282,4.23621913615419,3719.03838239806,..,2.34790226144325,44.6125701755824,45.3188173110744,53.99530029,2.55280778191155,118.627490794327,87.8506671263632,0.325445621132478,82.9,..,..,65.4,28.9982558139535,17.8762333514337,964.692810769215,2.70758122743682,1206593,614424,592169,1.15567266949473,25.0156180525173,58.228,34.153,393966,7,..,-9.80227830027625,2.9059,2.99915237990705,3.91,83.072202166065,0.4899,85
2021,YR2021,Ethiopia,ETH,96569731966.5325,5.64153069324176,790.657019602458,26.8395221557722,3.90520609775086,7.63170919167145,16.7133482738948,16.6981031,0.399382380284272,52.8088633217211,7.19674276896013,8.54658883162268,54.2,..,..,90.6,15.0601822445542,23.7887266123944,372.343233834902,0,122138588,60910800,61227788,2.67249538803955,22.1067085266113,65.33,3.935,49963936,8,..,165.007083404467,176.9606,5.86707347361267,6.79,..,37.1591,73548
2021,YR2021,Euro area,EMU,12841288688013.8,6.44349747359811,36304.0120488212,2.52692009066166,3.42367123623626,48.6229792591402,44.6203523498243,..,39.907173788575,123.005707748284,59481.5750396403,16.8960290879227,99.9963206008424,2.25891301253763,..,..,38.6561828857757,11.3170869871823,3143.37894717685,11.4487335912492,353715415,180652960,173062455,0.050498815108036,76.96550965754,81.3931203059577,7.69446992680361,170814849,11,79.9525680541992,-24.6986018428389,2763.2022,0.123810772357737,2.85488050079639,37.5597179227979,163.2382,3891090.925
2021,YR2021,Europe & Central Asia,ECS,22777941569934.7,6.82460720354004,24641.4252022588,3.19017771027094,2.65814555899094,45.3696939576092,41.4466362829685,86.3,30.85,126,36831.0364193371,16.1185067998469,99.9881930522021,2.16876429997001,..,..,38.5536024266168,15.2960693043462,3181.06740134042,16.5010379722646,924375980,475686972,448689008,0.0774353815871693,73.6225305947295,76.7286208536036,6.90011121093882,437859933,10,79.1505813598633,-23.4977354422732,8422.889,2.20775071937352,3.85363433231036,34.3713206156606,451.8537,19221704.785
2021,YR2021,Europe & Central Asia (excluding high income),ECA,1936981176857.74,9.27987062914227,7690.46991422501,6.91756771076075,2.34150384127615,37.513912204085,37.9198310401886,79.1,19.15,109.9,5622.23182406412,6.38586667375973,99.9616464835516,0.864415852216202,..,..,11.1974044412188,24.2327373615992,2010.43054045206,29.028773698913,251867727,128852336,123015391,0.603916502040543,68.150425455559,72.8823762052943,8.95407922243149,105704179,9.5,77.9448471069336,-17.960557150789,1805.0036,6.93870414472702,4.36855505004588,25.7884232832117,115.7901,1475413.33
2021,YR2021,Europe & Central Asia (IDA & IBRD countries),TEC,4388678720899.94,7.59725679517675,9476.65110748915,5.10641129002836,2.94132504408177,38.2751290614415,34.567474599494,82.6,21.68,130.9,12608.7234647157,8.68771350415942,99.9763873001269,0.966865197619736,..,..,39.3183058158927,19.7716254898185,3249.59052679363,25.7684998109799,463104389,240633485,222470904,0.0566125487591527,68.8680370709709,72.1506406826172,6.78803635122713,211083274,10,79.2664413452148,-20.1708313709512,4904.7885,10.0911044271425,5.83471956339674,22.6183142190688,239.4597,7336634.123
2021,YR2021,European Union,EUU,14943314673230.5,6.37773717070797,33488.0493001082,2.55450699642041,3.9123858480567,49.7170697533901,45.9109100924003,..,37.8613994311883,123.265317671991,57756.1846645932,16.3762623617225,99.997083420627,2.23759475780294,..,..,39.968951803205,12.0799112711181,3109.88687759671,15.5283893657357,446228281,228019613,218208668,-0.143920872876958,74.6469430900615,80.3071959761974,7.02659354012655,216270955,10,77.8575668334961,-26.5591740306587,3572.3655,0.227718366090662,2.91823364050612,37.7828384531169,223.7888,4880072.249
2021,YR2021,Faroe Islands,FRO,2998979304.47733,5.06636291600633,56275.5306614124,..,..,51.9804810937466,51.5075560523657,..,34.6022514071295,111.093808630394,6305.00459739919,..,100,..,..,5.1,0.0583941605839416,..,..,0,53291,25708,27583,1.37930615088331,38.8083763122559,82.6763219512195,..,..,..,..,6.65926748057715,0.0961,0,..,38.0840018876829,0.0527,658479.2
2021,YR2021,Fiji,FJI,4131922227.74208,-4.3459619989752,4507.33353013335,1.53454853751592,9.85590435372296,34.210067932416,53.0058642512919,70.56800079,2.51573287546457,108.158405429846,255.260381952436,1.90912873666526,92.1,..,..,29.7,62.7640941434045,5.97518909759315,..,0,916711,461603,455108,0.190863715994045,57.6618364761928,64.904,5.225,359413,..,76.7030156165859,11.3546751783703,2.3723,2.25290361305504,2.27,60.0656085236255,0.176,32306.102
2021,YR2021,Finland,FIN,253734502126.393,2.67634641498897,45792.0454180872,2.19457432339998,8.01406291677223,39.9217732469328,39.8675049444453,92.80806082,33.6396818306917,129.036333202492,104960.876315666,10.2937538536253,100,3.01133,..,50.2,73.7264996576714,5.26109490666293,5996.8929932427,7.74382296663986,5541017,2802531,2738486,0.207288594407348,73.3710215780329,81.8853658536585,7.617,2799945,10,100.868072509766,-24.1483173080214,55.4026,0.448312840515242,5.15,52.9302986606029,6.7423,148379.4
2021,YR2021,France,FRA,2580120255051.75,6.88233783360239,38030.8571685178,1.64233141038394,3.30405312221271,31.2880499332105,32.5004326976615,86.09548575,47.6442336298287,113.952719366702,39644.0530743928,22.305003085565,100,2.21278,..,16.2,32.1669913721124,9.93627290816782,3469.83398574773,1.32081685836718,67842811,34973992,32868819,0.356902332389048,78.7364603392338,82.3243902439024,7.871,31188658,13,69.9397888183594,-18.8400452062535,430.8782,0.0325366370984223,3.23,22.8038733642766,33.5103,712077.801
2021,YR2021,French Polynesia,PYF,5491263054.60892,3.36590242421546,19626.2332540206,..,-0.427435261380748,13.443127139243,39.5356912545265,..,26.724495339395,115.413592954766,1604.7635386287,23.2822467980556,100,..,..,7.4,43.0596369922213,..,..,0,279792,138084,141708,0.208586464560115,61.7399813226008,79.571,12.558,120135,..,..,-21.3981244671782,0.7376,0.00357012625688161,2.6,23.7317475837087,0.0276,14382.977
2021,YR2021,Gabon,GAB,15398898313.8373,1.46795731508091,6479.0490069252,1.0869074651941,7.86436710821205,60.9391204926094,24.4091917128693,65.76809692,2.65142494578668,132.30865873249,39.9710189075542,1.48332589633571,91.8,..,..,91.3,91.2745760080723,30.4548421034181,2106.98378794876,0,2376722,1167434,1209288,2.30612435799096,90.7881967286967,67.072,21.223,728512,10,..,-6.14516113238217,19.1691,18.4933440925176,6.47,31.5882541720154,0.4553,29892.556
2021,YR2021,"Gambia, The",GMB,1776141480.03218,5.25596878816744,689.49323955737,7.37034758876618,12.5026201279668,6.61733476020691,35.4806480369685,41.67309952,0.194098625393535,108.847403542688,46.1954728436613,0.000735977873561209,63.7,..,..,48.6,23.4123814229249,38.4502793605721,..,0,2576010,1293829,1282181,2.36774778418782,62.7550706637859,63.847,6.213,716337,9,..,87.8601489155066,1.7409,2.85673041093642,3.11,1.60250694249828,0.2148,53228.99
2021,YR2021,Georgia,GEO,19192793472.268,10.6442336580969,5175.19865185825,9.56691433824769,6.84360165773215,42.6743612080891,58.9265463408208,76.4427093,26.6463786914494,146.566472682371,3725.11533970949,1.60289302245774,100,0.24875,..,25.2,40.6159159591308,19.566218652052,1425.96785615054,0,3708610,1981454,1727156,-0.379636607027231,59.4293560618005,71.635,11.785,1783433,9,77.2303110681266,-54.530911620888,18.5603,1.38946631019879,3.86,81.3667062079873,1.4606,198366.454
2021,YR2021,Germany,DEU,3661544208117.2,3.90999994204108,44011.0194631674,3.06666666666673,2.93002168676674,42.5198379291429,37.3996969318423,91.43060973,44.0643361489671,127.125099449404,113297.576359309,15.3851048227765,100,3.0786,..,17.6,32.6826755201923,9.90412103549472,3467.03057027911,29.4980254690038,83196078,42124059,41072019,0.0423270572552137,81.6325870653934,80.790243902439,3.594,43283278,13,75.6655426025391,-37.3852379618575,773.6886,0.0770848993139744,2.7,39.8305665158005,32.7555,222625.267
2021,YR2021,Ghana,GHA,66014472471.1465,5.07646643533542,2030.04866500967,9.9710886750444,3.18633188953992,30.0551194696231,32.6527114432115,68.6,0.352237707175248,124.402625384529,50.0020526672912,0.726084593720307,86.3,..,..,39,35.1286771589176,29.2960702713952,382.191892428598,0,32518665,16271078,16247587,1.95904584379494,56.6952556826536,64.286,3.2,12396107,11,19.2005186528071,344.261230725164,46.5297,13.3474845007777,2.88,34.867098938968,3.2154,482706.52
2021,YR2021,Gibraltar,GIB,..,..,..,..,..,..,..,..,59.8567475174996,92.6501709262575,16414.3469531716,..,100,..,..,0,0,..,3239.43414520829,..,36858,18513,18345,1.87597072209458,100,80.274,..,..,10,..,320.962634578847,0.6647,..,..,..,0.0085,22.576
2021,YR2021,Greece,GRC,203277223532.871,8.65449786002131,19231.2888803517,1.22382501019854,3.0165221032062,40.260408549747,47.7522568992909,78.49426371,41.9213046741732,108.643525000707,11383.3983120359,12.2848681524393,100,1.43353,..,21.5,30.2699767261443,15.6616318007135,1923.83371318401,9.71762770721009,10570130,5449170,5120960,-1.20806995499074,78.3884898647442,80.0829268292683,14.656,4573946,10,150.605484008789,-25.2179185623479,73.506,0.0875219452812631,2.71,40.5640135246276,3.5379,203557.437
2021,YR2021,Greenland,GRL,2759563889.53607,1.63409410992996,48709.9339758895,..,..,34.0554688971416,49.6283883305726,..,29.9441480344748,118.85048446673,4377.52634458899,..,100,..,..,11.6,0.000535997076379583,1.72065428953595,..,0,56653,26780,29873,0.506106194434674,87.5452017613678,71.2614634146342,..,..,..,..,903.600654664484,0.6132,..,..,77.0421783235451,0.0072,370497
2021,YR2021,Grenada,GRD,1024791581.86502,4.6977240232674,8782.32193426078,1.21951193916838,13.5644762706271,..,..,67.02279663,26.1175099410394,86.5710270122035,625.599890305773,1.24145758164245,93.7,..,..,10.2,52.0588235294118,12.3513912939514,..,0,116688,58008,58680,0.297817230024271,36.2831603706908,74.522,..,..,12,..,135.344827586207,0.2184,0,2.78,1.96573875802998,0.0086,1339.566
2021,YR2021,Guam,GUM,5442300818.9263,2.0581832574708,33239.4846327875,..,..,3.09592556945781,58.7423804940648,..,1.83228485921945,..,1154.33946130825,..,100,..,..,4.5,51.8518518518518,3.41198728904722,..,0,163730,80573,83157,0.964756108149453,94.0884327694075,75.434,6,72348,0,..,42.6229508196721,0.0174,0,..,4.80077087647049,0.0053,109.578
2021,YR2021,Guatemala,GTM,75122101496.5524,8.04170398855833,4268.62864461492,4.26105127422813,4.19448571319716,17.6296569856584,31.6314924570096,50.84164945,3.4775394703571,125.718955715353,122.509397027613,5.16708104325419,97.9,0.05835,..,62.1,32.812616648003,31.1657290720303,924.272879220565,21.5719171452539,17598650,8868626,8730024,1.3807587059317,54.9047071553758,67.858,2.174,7391464,16,..,225.064030520578,42.5174,1.92928512463796,4.42,60.6103116732271,4.6887,45058.653
2021,YR2021,Guinea,GIN,13349198344.073,5.5823328114905,973.646890096159,12.5972882566934,1.15770496278309,56.2186332783709,58.9768995109853,28.61330032,0.00729367311055392,110.185519681138,7.07486291723731,..,46.8,..,..,66.8,25.0244180367898,27.0984815291413,..,0,13710513,6943925,6766588,2.50610419423246,36.8502178436256,59.373,5.815,4194116,6,..,293.074503095235,27.1131,4.51955879028644,5.13,88.1321934987129,3.9914,450320.4
2021,YR2021,Guinea-Bissau,GNB,1501712207.49424,5.0173096003907,729.396882757942,2.24248879577658,0.971357397018973,17.5423365338781,27.277887743448,23.3519001,0.160430067207715,108.62961248586,5.82852196939929,..,35.8,..,..,87.4,70.1127311522048,31.7834142819936,..,0,2058841,1042725,1016116,2.23903878745423,44.7334136962891,61.653,3.016,785828,9,..,86.9928545476565,3.088,10.4285037712862,7.14,7.08661417322835,0.5268,63236
2021,YR2021,Guyana,GUY,8735441012.70968,20.0599975568418,10711.9973374148,4.50619858925893,27.8124987352703,..,..,71.65090179,11.6495520440672,104.968595260226,64.9922377195327,0.221685101474626,92.9,..,..,13.2,87.1750179975372,18.2191500248983,..,0,815482,417833,397649,0.985982406099209,26.443303961947,64.323,14.576,294524,6,..,155.265606667476,6.3094,33.6832711741997,2.8,7.1061714531072,0.3742,35400.98
2021,YR2021,Haiti,HTI,14704149691.2104,-1.79823988931486,1292.71954963551,16.8415240198785,0.247164798843834,4.35213301018327,29.0598696670291,43.37919998,0.272537391690564,64.3451990252656,7.91237588779055,..,47.2,..,..,76.7,12.4887518142235,16.259372740045,397.561128417168,0,11374586,5737335,5637251,1.15604339382525,53.2460637918026,62.613,15.296,5061618,6,..,85.7533112582781,13.4634,0.327641965983974,5.88,20.5416248746239,1.4,16553
2021,YR2021,Heavily indebted poor countries (HIPC),HPC,837431567575.247,4.35683661926664,962.578481916824,4.37012190478157,3.48079433747399,22.7675801258044,29.8557093593488,..,0.671554280983301,74.4847568397299,25.7061066278153,2.99175070808375,48.0116236625576,..,..,..,26.9148136527804,30.4392288741334,399.672551897777,1.17002259260306,869987833,436471697,433516136,2.69418958338331,36.4661763671202,62.5327589317045,4.93715177073133,327220085,8,9.09300994873047,155.10057870621,1307.8448,11.3095092772319,5.79805653648754,60.525047386921,223.6325,6412749.643
2021,YR2021,High income,HIC,55679557508204.9,5.97111332006301,40005.1470452164,2.51837109614213,2.77464826162942,31.1569350531957,29.875615938147,90,35.39,128.7,67284.1152525842,21.1062279737499,99.9798908670507,2.81076375254701,..,..,36.1892519809124,13.6403669917296,4618.53890983624,19.5991285711182,1391809845,701585295,690224550,-0.119155828637909,79.808750690419,78.7981548654152,5.56341269080663,705169946,10.5,80.3660430908203,-3.26788554678545,17882.567,2.47643858083253,4.07632509563562,26.6521308128597,716.2741,39744507.684
2021,YR2021,Honduras,HND,24940257609.6892,12.5652843771279,2423.76634916911,4.48087963413446,2.84361329738544,39.3653983599255,64.0072450999929,51.95159912,4.0958409901304,73.4771659564055,113.412434376038,1.4495499920383,94.1,..,..,45.9,56.6476896952364,30.2857858448489,569.966470568883,0.557553956834532,10289877,5107017,5182860,1.66825063176954,57.3550236357547,69.492,8.506,4260442,12,..,152.588160111544,21.739,1.22455313744521,4.22,64.6209532374101,1.789,84947.8
2021,YR2021,"Hong Kong SAR, China",HKG,330112173307.105,6.45443038333934,44530.9213833761,1.56875834445922,37.1838191639948,204.014263732608,198.445417721854,93.08715788,39.2188975738319,319.852066930488,100440.301628199,70.5506557214905,100,0.97026,..,0.4,..,..,1669.7851278249,36.2092555331992,7413100,4068311,3344789,-0.91177674914823,100,85.5326829268293,5.174,3872131,9,97.3813269493844,1.99411905599127,40.028,0.000992608591579756,1.17,0.83458081824279,0.5466,119187.869
2021,YR2021,Hungary,HUN,152052706989.445,7.22291580811137,15787.9535427563,5.11096534382855,18.2639108972104,79.4114343821378,79.7760929506963,88.64083466,34.8391868436369,105.137285804787,42102.778838019,16.3975126429279,100,1.63327,..,15.3,22.4803495507342,14.3835277703063,2850.7057950255,8.59634551495017,9630932,5013533,4617399,-0.409163639262836,70.2059275331413,74.0658536585366,4.021,4864077,13,58.6536102294922,-27.4651531539753,69.9447,0.402362635857113,3.48,19.1445182724252,5.7138,22625.293
2021,YR2021,IBRD only,IBD,33008810382039.3,7.62447663420478,6729.33339266546,4.27166381536798,2.22797093611658,25.5481640271423,24.2084318635232,70.3,17.46,111.6,2484.87419459239,21.4466556161632,99.1094167920247,1.77054384540358,..,..,33.7751008654681,34.6056731109914,1688.96951899966,49.067488895762,4905212516,2427907770,2477304746,0.55022908934187,57.4187341409059,71.974203378406,6.31312953704222,2253413790,10,48.078239440918,110.521157299028,31963.0869,4.62034860628825,5.1652989768887,27.7989218950823,1433.3944,170763270.857
2021,YR2021,Iceland,ISL,20222255993.2392,5.18057190719905,54285.0209203242,4.44423970189746,1.52832650765088,37.3649519241173,38.8667730609771,99.68701957,38.4077027940877,117.34255750797,78946.0968538602,33.4874148657273,100,2.78171,..,82.4,0.515719527918278,5.81227571822743,15779.653070706,0,372520,181612,190908,1.6393166402584,94.2108206403841,83.1658536585366,6.029,222546,10,86.5232086181641,-3.46671500430508,4.2604,0.000106967737793307,12.33,..,0.2798,1224384.402
2021,YR2021,IDA & IBRD total,IBT,35600558124565.6,7.35158119263311,5288.48751677048,4.25936417542868,2.1994036454402,24.9956393137627,24.2458071549037,59.3,13.23,104.2,1854.07492150453,20.8097089699083,90.0247787023894,1.74106452597515,..,..,31.6966697367295,36.6450720907929,1368.52726216525,47.2861124486286,6731708832,3341642309,3390066523,0.987074934479923,52.5081681188004,69.6690947451642,6.14426628538333,2949270943,9,36.371711730957,110.087026821105,35099.6234,4.79827029400089,5.15233562139895,28.3199200336247,1837.7039,189782369.981
2021,YR2021,IDA blend,IDB,1270813794299.18,4.36009454869888,1988.14316748151,3.46677876951929,0.842868029003117,..,17.1795116765268,32.4,2,90.9,316.103197083649,2.21001284410545,76.4698873250238,..,..,..,30.4810990678503,51.5961318886355,479.096313567851,10.2838812052768,639196319,316035997,323160322,2.01581444092209,47.0949322895637,60.876535738179,5.813781237265,250395043,9.5,11.750789642334,77.3781166988268,1331.6169,7.17679514028044,5.67176586825913,27.094795550256,130.7558,3083915.811
2021,YR2021,IDA only,IDX,1320933948227.06,3.64269213685422,1112.55281021201,4.37012190478157,2.77705207901883,21.113191522239,30.850844477742,28.4,1.77,80.9,73.2956388623351,2.71256236715177,59.7443718318286,..,..,..,24.7779149280931,37.0221431703669,376.149367192904,9.21354289558315,1187299997,597698542,589601455,2.25279015277306,35.1349266899544,64.8793395181521,5.4758211874645,445462110,9,12.3128900527954,133.307627418138,1804.9196,6.92655107637537,4.43881030357596,48.1007303766744,273.5537,15935183.313
2021,YR2021,IDA total,IDA,2591747742526.24,3.99322003260568,1418.97233507819,4.17270582217659,1.83657018951164,18.6435788639878,24.4096229394638,29.8,1.86,84.4,158.35116948489,2.53824522008949,65.6033228695587,..,..,..,25.8851653415504,42.1274139980138,415.21063573691,9.66074353538495,1826496316,913734539,912761777,2.16979480396582,39.3204218850565,63.4785278004251,5.59743166548829,695857153,9,12.1378402709961,105.762982433629,3136.5365,7.05014196795415,5.03090352669255,39.32418990444,404.3095,19019099.124
2021,YR2021,India,IND,2779348258938.28,9.68959249191741,1965.30943437472,5.13140747176364,1.41217101040888,21.3991583305515,24.0239304534931,49.2580986,1.9487996093033,81.603974311212,528.190455501333,10.2125596625118,99.6,..,..,34.9,24.3596944695764,55.6234726382873,676.814293488143,71.4858907657204,1414203896,684279793,729924103,0.822648220128724,34.4425517181304,67.282,6.38,550352877,8,31.5741765984501,174.779747772804,3719.5632,3.15934537555664,4.21,19.131292447169,258.0971,14433204.886
2021,YR2021,Indonesia,IDN,1065709127396.86,3.70288562827751,3850.68877253903,1.56007882983334,1.7878556314554,21.4165556390653,18.7882026359018,62.10447842,4.4874632789818,132.199444256099,2189.14677796205,7.20127970144306,99.2,..,..,20.2,48.3619448681206,19.9850538348218,902.233603991512,66.8668021944359,276758053,137726598,139031455,0.704601321926319,56.8761702464027,67.452,3.827,135672770,9,40.6293239880732,206.850257646033,1037.2806,5.15704008451705,3.04,15.5300398228856,61.3344,21905567.968
2021,YR2021,"Iran, Islamic Rep.",IRN,468869169367.781,4.13089685034471,5300.62271961895,43.3890162681514,0.34982143161472,22.0192078360416,20.6531717002195,78.5957366,12.068102546673,153.624638869213,3109.71095428245,0.380525397860673,100,0.72665,..,0.9,6.63543913713405,41.088278911137,3356.96967009824,0.204826487520757,88455488,43449371,45006117,0.831029236943935,75.9926376342773,73.752,9.282,27754866,9,54.3051986694336,194.040183685464,974.1072,30.4480600937139,9.32,4.23813256684958,29.3044,1335756.744
2021,YR2021,Iraq,IRQ,180145367592.813,1.5021807095434,4182.50064045825,6.04186489058043,-1.25770209772783,37.3216528340457,24.1816154776761,65.00219727,14.8275236561145,94.6092832170426,21.545714143027,..,100,0.0407,..,1.1,1.90035242899592,48.7958205411035,1275.91306536574,0,43071211,21484495,21586716,2.24127347113109,69.8682708740234,70.704,16.173,10581037,6,..,110.703757668086,361.8167,43.4458576871878,4.96,3.77958595889556,6.0252,66413.679
2021,YR2021,Ireland,IRL,474166373639.897,16.2581881158197,92781.2322150786,2.34034113447044,14.6537815105934,136.397670222851,94.6346806407347,93.50610352,31.3616427884193,106.86972424373,113930.009969504,28.4781475271992,100,1.0732,..,12.7,11.4097837131659,8.08642354824427,2689.36333693732,9.49793930310978,5110585,2580285,2530300,1.39579966615221,63.6774229356985,82.2536585365854,6.357,2604356,10,78.4613265991211,10.430180485819,65.1008,0.10098823103923,1.09,37.1541775946047,8.8293,284257.918
2021,YR2021,Isle of Man,IMN,7558904124.23897,3.83783632334639,89873.5420093569,..,..,..,..,..,..,..,31103.6073526264,..,100,..,..,3.2,6.07017543859649,..,..,..,84106,42436,41670,0.0499494569462143,52.1999559660634,80.42,..,..,..,..,..,..,..,..,..,..,3056.323
2021,YR2021,Israel,ISR,382242904637.58,9.33534690236249,40788.2391785198,1.47965474722561,3.86941902029446,28.8185860359887,25.9998176202801,90.29689758,29.7078785417387,139.775312861878,13021.9604328062,29.5956758722761,100,5.75725,..,6.2,6.46950092421442,21.2769390267208,2432.5509270456,23.0229280719822,9371400,4711795,4659605,1.68190551747412,91.5353517549466,82.5,4.812,4275735,15,60.2585487365723,87.2789631601292,78.5212,0.441424749575518,2.39,7.63056263212098,2.4461,16955
2021,YR2021,Italy,ITA,1908092024820.83,8.93106210800055,32267.7091050201,1.87378325762481,1.20474315612308,31.1716088630092,29.1303687572707,74.8623274,31.2852927413407,130.781488497698,24823.3931231798,7.77024565516253,100,1.41065,..,17.5,32.5308994748357,14.908654546733,2531.08698798735,5.51287062950368,59133173,30270742,28862431,-0.515599998844444,69.4812507629394,82.6463414634146,9.497,25032297,12,71.2745208740234,-18.9673693240218,408.9319,0.112009125283042,2.51,40.9735703240403,13.6427,296641.667
2021,YR2021,Jamaica,JAM,15912170664.5422,5.70467978309095,5607.45378253877,5.86278242801063,2.00753132739669,..,..,82.36071561,14.5717525783368,102.38666630017,176.904952704355,2.47195001164729,100,..,..,10.5,55.4730655586334,22.2134550045398,877.903327788015,0,2837682,1432859,1404823,0.244971341124232,57.5411017937226,69.085,5.188,1490454,6,..,-15.778947709804,7.7907,0.457652062306756,3.85,12.7547999074717,0.3193,14115.2
2021,YR2021,Japan,JPN,4624147102598.69,3.56419531474475,36792.556429474,-0.233352779398264,0.67025659122188,17.4619853799579,17.963407354096,82.91407928,35.9391724358064,159.516123485628,25729.8696078749,18.0039913482614,100,3.27383,..,8.8,68.4087791495199,11.541008097897,3196.03970960845,30.6095541850287,125681593,64301379,61380214,-0.459952415807642,91.8741049279527,84.4456097560976,2.808,68592854,9,62.0412483215332,-9.54740876376554,1172.1252,0.0473044627668744,3.25,21.1036678422205,17.4164,4201060.165
2021,YR2021,Jordan,JOR,47213269175.8014,3.75201276755828,4266.3790298994,1.34609377243118,1.22641995478769,..,..,85.999997,6.45876564968631,65.7448847660422,144.853463958687,1.71367970298807,99.9,..,..,11.5,1.09804716534901,30.9456076388942,741.997765695214,0,11066356,5348302,5718054,1.83419162693059,92.117972910453,74.204,19.837,2893220,10,30.451314266821,158.28280078212,31.3062,0.0776640966166585,3.39,24.9181992606112,1.1047,2810
2021,YR2021,Kazakhstan,KAZ,214679925583.069,4.29999999729456,10873.3915275276,8.04147134028401,2.31675874599247,33.6448621241624,25.0237464537583,90.9239507,13.946795830528,123.943942754522,4342.46981161442,27.3435440636149,100,0.13023,..,2,1.29048383153684,20.7882543073739,3540.40029844449,64.1330228193052,19743603,10142525,9601078,1.33325722721198,61.030254280267,70.131,5.568,9656830,9,59.3849415869809,-7.77873122194632,315.6438,26.8423173327291,5.81,10.9976885243053,9.9165,57233.149
2021,YR2021,Kenya,KEN,90413816676.9795,7.59048947333467,1698.89578271444,6.10793603659176,0.382593996518954,13.1097382018218,21.8923095777051,26.96290016,1.48254108303764,122.297519656734,260.207008880973,3.12736061396888,76.5,..,..,67.7,6.21662477880402,20.7417100078724,539.778643234306,0,53219166,26746066,26473100,1.90040858948898,31.2879334021971,61.225,5.693,22012863,12,..,165.64234043549,102.1602,1.22792857770901,4.76,78.0821751777634,16.2122,173688.884
2021,YR2021,Kiribati,KIR,243353190.923592,8.44155844155846,1895.61362957222,2.05361676773907,0.361313798304443,3.7676885945066,70.6828214210224,67.08760071,0.0864640862459786,40.9979980837689,38.9477865972877,2.29693114054698,92.8,..,..,42.2,1.45679012345679,3.46098456213132,..,0,128377,66336,62041,1.79039347594032,59.6364645301985,64.148,..,..,9,..,243.80664652568,0.1138,0.043500143330191,6.85,16.3652802893309,0.0069,199352.974
2021,YR2021,"Korea, Dem. People's Rep.",PRK,..,..,..,..,..,..,..,..,..,22.8723614729709,6.25177880261205,..,52.6,..,..,14.7,49.9044929823104,22.0593942623409,619.354172479083,34.6923647146034,26232534,13289964,12942570,0.36747843663433,62.926560562457,73.437,3.692,17137602,12,..,-50.5115191840911,81.636,..,6.48,63.0792789980882,1.6868,892630
2021,YR2021,"Korea, Rep.",KOR,1801214449834.76,4.61296795454287,34792.9397214598,2.49833333333339,1.13577953855347,39.3388192669479,35.9674854941434,97.57132698,44.2526082339633,140.516382791931,7334.11978035964,36.014503674486,100,4.59673,..,3.6,64.3135245901639,21.5452573537044,5513.62830573477,35.407072795039,51769539,25932664,25836875,-0.128757315474928,81.1616526507785,83.5268292682927,3.639,28560792,9,100.359878540039,130.981293960445,719.2806,0.049812574781783,5.32,6.58834768589831,14.3172,3796721.368
2021,YR2021,Kosovo,XKX,7912104735.45137,10.7456560819583,4429.87389440857,3.35369139207997,5.32217005283667,33.4091827278011,65.2292477577243,..,..,..,..,..,..,..,..,..,..,..,..,93.4043930085637,1786079,907377,878702,-0.227725943787301,46.4995789423362,74.981,..,..,..,..,..,..,0.928898942515976,..,6.37447655640132,..,..
2021,YR2021,Kuwait,KWT,114268886945.818,1.67213054307859,26203.2617257856,3.42362947609188,-0.183575378772919,51.725692658617,30.2746825189716,99.7,1.61587179429556,158.646854136291,400.608594854461,1.1917798374399,100,..,..,0.1,0.350729517396184,61.9693860366375,8573.69391090114,0,4360865,1715490,2645375,-0.899478872255975,100,78.7365853658537,2.97,2459769,9,51.8967176944636,201.439820868007,152.3926,..,7.75,0.265012812418762,0.9988,3983.36
2021,YR2021,Kyrgyz Republic,KGZ,7759385792.10421,5.50700762671923,1132.5546781282,11.9050398185147,2.44569276771409,35.8055898779632,64.455786983606,77.11769867,4.43257724274204,108.171654806063,515.674279515602,16.298726070934,99.7,0.07102,..,27.6,6.95318039624609,21.825457176683,595.833222359916,13.0334258158277,6851224,3462155,3389069,1.83581016918265,34.7521210171204,71.9,5.149,2709138,10,51.6239256637785,-34.5796633230738,21.829,11.5065410174076,5.15,85.5934733782534,1.8908,10322
2021,YR2021,Lao PDR,LAO,19054754737.3799,2.52835100486102,2556.58912640405,3.75562036658877,5.69344695957329,..,..,62,2.0226898696049,64.7101497693472,82.246618027117,7.28644637663924,100,..,..,51.5,71.7547660311958,26.0671819322606,753.830328331407,26.4510096400027,7453194,3706725,3746469,1.44141640887407,37.338778268357,67.807,2.08,3310087,9,12.4396649191011,459.016466071033,37.8538,5.38276112647354,4.25,63.2882872854376,2.7554,206010
2021,YR2021,Late-demographic dividend,LTE,24617038020065,7.59396655185003,10610.2084233095,3.49505757399448,2.63210124818983,29.2281051561954,25.7393203895947,..,30.5466806297646,125.812134493348,3735.43109583499,23.9686724822302,99.4116181639433,1.96116789365958,..,..,39.5365502560065,26.7787940216195,2530.23440557383,50.4280766219662,2320127658,1153075803,1167051855,0.171482605874454,66.1284355869503,76.3060137275686,5.50538471355182,1237088734,10,61.8659400939941,122.848062306608,22476.8402,4.2404274305029,5.79046770625858,30.0037512809454,825.2519,116226683.441
2021,YR2021,Latin America & Caribbean,LCN,5400114230996.61,7.07608139571873,8317.64330039219,3.87805442411131,2.85266053370407,27.1752106973646,28.1917937252176,75.8,16.59,108.7,2430.60732366062,12.5768626683984,98.2756306140479,0.617603270264567,..,..,46.346460393507,17.1700556084677,1292.17550441525,5.2035939369493,649236092,329376840,319859252,0.577402706574956,80.6341875645003,71.8141764640132,9.14468412313157,306628100,13,56.7638816833496,65.6439547927345,3385.5847,6.1385827293041,3.35499117125385,56.6769562524499,324.141,18337989.193
2021,YR2021,Latin America & Caribbean (excluding high income),LAC,4775676639761.52,6.85451332312384,7827.41188417897,4.27166381536798,2.60949925434478,25.6009175012679,26.9911602795735,75.3,16.58,109.3,2021.26277168832,12.9180605463775,98.2080478765579,0.65529864902249,..,..,46.9883341822734,17.1217669336872,1248.03966170839,3.83897168547543,610122057,309549354,300572703,0.589563616486852,80.5058130551037,71.442251113131,9.08714668261223,288700634,14,54.614860534668,64.2789199358775,3122.5135,5.68778569715328,3.36523693626459,57.6415039510823,306.9006,14065577.072
2021,YR2021,Latin America & the Caribbean (IDA & IBRD countries),TLA,5194193913414.48,7.27596087772766,8194.51065809746,4.26105127422813,2.86858928253391,27.0075350640311,28.1833121686087,75.9,16.8,109.5,2373.85511664744,12.6187736404352,98.2338083621938,0.617603270264567,..,..,46.4216806951668,17.3529875614459,1300.44540056818,5.14861644057923,633862610,321516006,312346604,0.603142566290651,80.621099914497,71.7449274626405,9.26330031941499,300237632,14,56.7357902526855,69.7721650204098,3329.8924,6.29672477224178,3.38449887037313,58.0725136052565,320.7045,18257297.532
2021,YR2021,Latvia,LVA,30284070900.4111,6.94254173062592,16070.1680032322,3.27582937431165,9.77936027100744,66.8112769573847,69.985338457434,91.17964988,25.9761549056076,114.644670333429,22572.6854480523,16.9803713630842,100,0.77085,..,44,54.8716053350474,15.6506457326208,2375.51850702838,0.00017105713308245,1884490,1013110,871380,-0.843294678005026,68.1808791463693,72.9804878048781,7.513,950956,11,93.4839324951172,-54.8089768535997,12.4485,1.16511975350878,3.1,63.5961341087923,2.3212,62559.51
2021,YR2021,Least developed countries: UN classification,LDC,1154577868938.36,2.75579291386683,1041.81864393151,4.15649125482107,2.11026525876901,20.872153263996,28.6428228010825,26.1,1.43,77.4,59.3900345321316,5.49005518050659,56.1058821370756,..,..,..,25.9615004241247,37.413603794255,368.228720153321,7.62650625216932,1108233065,557895450,550337615,2.32586878914746,34.8106741074615,64.2699057684324,5.73711716533604,420901831,8,10.6617698669434,157.283288566887,1648.307,8.53888324506851,4.63788124719054,48.3115039319587,262.8197,14885304.221
2021,YR2021,Lebanon,LBN,34156740537.1604,-7.00123862514116,5973.41933892988,154.756096023393,2.5929006838647,26.0256276927137,52.8029927098104,82.65599823,7.55615217723581,74.9935205999452,341.02105551438,2.15425314478037,100,..,..,6.8,14.069403714565,25.2265566483814,987.597103750431,0,5718122,2940407,2777715,0.275364167930295,89.965362045441,73.65,12.715,1884419,10,56.8657861418168,206.47179473949,23.758,0.00276403839242888,3.55,5.07230201863354,0.7723,3566
2021,YR2021,Lesotho,LSO,2160272945.18777,2.26670961833291,955.221236301503,6.04774591950676,-0.512915958026648,46.1460898214545,93.0403896439522,45.05670166,0.353652507890634,80.5368195682415,67.210779194019,0.0697267831899667,50.4,..,..,33.6,1.13702239789196,27.1127701740992,..,0,2261542,1160865,1100677,1.14804266920884,40.6551760851997,54.209,18.214,827248,7,..,23.1513670957437,2.6214,4.31788190525398,10.42,99.7862526718416,0.4122,1580
2021,YR2021,Liberia,LBR,3270920145.66908,4.98671283481617,621.927983063426,7.81559385858648,-1.11842850292887,..,..,26.38229942,0.247180102838331,31.429900768597,6.65484892257045,7.93496540512927,29.8,..,..,93.2,78.7705564784053,16.8624791037979,..,0,5259323,2636157,2623166,2.11098738475006,53.9224618859098,61.166,3.844,2370566,6,..,132.793320800619,4.2103,21.9156000871056,14.01,57.4209245742092,0.427,26319.139
2021,YR2021,Libya,LBY,55164567212.7209,28.2996823429147,7731.35448152581,2.86833027751015,1.71219284038518,92.0546075514658,72.2294624156388,77.438797,4.65300430613124,195.117849246865,155.427161912637,..,70.2,..,..,3.1,0.123327687918433,22.0481982301485,2102.63589527131,0,7135175,3504230,3630945,1.26619979488109,87.8365018271835,72.062,19.779,2302838,9,..,6.40750932058802,92.6155,61.0347089411103,5.26,0.0223947103636625,1.4396,32052.103
2021,YR2021,Liechtenstein,LIE,..,..,..,..,..,..,..,95.56939697,47.5207458252228,126.070587030017,62069.3175437701,..,100,..,..,53.6,41.875,..,..,..,39182,19737,19445,0.719750043098349,14.6989159370696,84.4024390243902,..,..,9,46.0189590454102,..,..,..,..,..,..,0
2021,YR2021,Lithuania,LTU,52158046400.3588,6.39481772930206,18572.2895051093,4.68354420903453,3.73869903984915,79.5885699025887,75.1377340115099,86.93054425,28.712701575387,133.357273318046,53718.8699534963,11.508956927432,100,1.10044,..,33.2,35.1807490816164,13.1257678749685,2774.31979458134,0,2808380,1488262,1320118,-0.070798680741267,68.1912117004395,74.0365853658537,7.112,1485276,11,75.0314712524414,-50.0360003785183,24.2878,0.28612663033099,2.94,65.6144151240646,5.6931,101287.822
2021,YR2021,Low & middle income,LMY,32764345049399,7.37033958733097,5019.23390795338,4.25936417542868,2.06409687231362,23.6258289594974,23.3380215440078,..,12.9370224740086,103.023535265877,1193.96189797148,22.6110411430865,89.5267133602325,1.84896536423247,..,..,27.8409820968805,37.3415541164672,1249.18965278159,49.6665875820265,6527758150,3233601946,3294156204,1.03732803386416,51.9053998647644,69.5994726083483,6.16482463440876,2850794142,9,35.8265914916992,147.742685783005,31871.825,4.10132757644947,4.99637212216938,28.8231433274253,1701.8681,180356877.376
2021,YR2021,Low income,LIC,483019823666.099,2.03102251641869,700.702189041902,5.81225118787715,4.1069351121513,19.6487800771026,31.9793344774129,19,0.46,60.2,15.398858126,4.1130773385471,44.8338005527739,..,..,..,20.1429261190799,31.1671222241129,360.809726888977,6.68889321302188,689336827,345882826,343454001,2.71232996929194,33.4763957965515,62.9162289932422,5.83298884904326,249860087,8.5,9.28015041351318,75.7224949086137,991.7507,13.7586200605032,7.13933996469931,58.7503238385932,170.4308,3825156.334
2021,YR2021,Lower middle income,LMC,5597001281786.37,6.79896357094398,2001.03941041582,4.48087963413446,1.29277809041367,20.3389528336419,23.9264208457071,47.4,3.47,92.8,330.625119874416,7.9292314491247,89.8258266528143,..,..,..,30.472490378202,50.559511259955,597.378037103947,47.4935913269041,2797047001,1374614701,1422432300,1.27629085119707,40.4037713212789,66.0070723287166,6.2565962013459,1086556844,9,24.9580802917481,130.043759689364,6695.6562,4.65430635595978,4.27071682989919,24.7747847559618,543.3534,34099125.669
2021,YR2021,Luxembourg,LUX,70965889651.5506,6.92973270801744,110873.115269021,2.52692009066166,28.7187121123012,215.618162988769,181.888017879203,98.66086333,38.0399641403524,136.87108956478,49199.7675232477,6.0752020682151,100,1.03153,..,20.5,34.4538272103664,8.97511853947365,5631.08725670864,0,640064,317795,322269,1.51834936706612,94.5861743396533,82.5975609756098,5.571,330815,12,20.7341499328613,-27.9397093738158,9.3179,0.00475136757511518,1.98,89.0447963800905,0.2404,8
2021,YR2021,"Macao SAR, China",MAC,28415367854.0484,22.4622020023362,41634.2386139903,0.0264543647055504,18.372810695022,91.8949115359993,79.4210592845405,88.46810492,29.6158421202704,183.574788091048,5169.23076923077,0,100,0.37318,..,13.6,..,..,..,..,682500,366127,316373,-0.424008238139362,100,83.7292682926829,2.221,402627,10,98.9696202531646,112.931895346515,2.1323,0.000724556273813068,0.85,..,0.0412,1500
2021,YR2021,Madagascar,MDG,12814644792.2069,4.65068343174309,431.599103077746,5.81225118787715,2.49072338064723,23.091632100144,32.1242264926044,13.74590015,0.104182794544746,53.9177233784298,13.876220008546,0.405991436478599,35.1,..,..,83.6,21.3416925060158,12.7391892591544,305.976255858139,18.5981680605337,29691083,14797988,14893095,2.51537360931706,31.1137123216036,62.516,3.498,15114095,5,5.3135678666922,46.8248384122225,33.5969,5.5311886434036,9.35,34.110314615691,5.0188,130825.679
2021,YR2021,Malawi,MWI,11426314939.9064,4.55829212016083,569.968967322435,9.33014410835212,1.04617739110529,12.7119564156437,31.8838054014105,15.30300045,0.0670814931398598,59.5599408158462,21.1999067403632,6.07356230862874,14.2,..,..,71.1,23.3315655494272,15.6967269641745,..,0,20047258,10272771,9774487,2.59415828794597,16.4881925800694,64.782,5.652,7249519,8,2.39798041885226,217.926021754302,18.6772,4.22250421289741,3.04,80.0551584735492,3.7525,185951
2021,YR2021,Malaysia,MYS,356134704342.139,3.31534954399166,10388.2667120857,2.47710241465447,5.41626377085161,70.6330555493337,63.4029391413929,96.7514278,10.8921782282506,137.684938559871,7998.18589124991,51.6786836379514,100,..,..,7.5,58.0243189773246,14.1005683018031,2781.735038205,47.8812358670348,34282399,16273730,18008669,1.15251304394292,75.5088628191907,73.917,4.64,17233270,6,38.1899993008367,242.072694278643,293.3116,6.92196634868479,4.49,16.9995110757999,7.7419,1758286.046
2021,YR2021,Maldives,MDV,5037261439.19069,37.507870124321,9759.2219360708,0.543149688737013,12.238665987932,76.0989851624572,66.5083115338037,81.95760345,14.8246453577808,136.789214071769,1241.87742417961,2.01125189381146,100,..,..,1.4,2.73333333333333,10.7460916544878,..,0,516154,195678,320476,2.75700187362712,40.7398648710483,78.052,5.016,244493,7,23.794640430505,1284.81481481481,1.8695,0.00370182242347212,2.87,5.82133253659994,0.0374,145001.211
2021,YR2021,Mali,MLI,19530329790.4298,3.10094124463507,872.332509422409,3.92560283104277,2.78245724174957,23.4347727463223,33.2802798102242,33.95650101,0.648338018002888,108.693122357196,11.9256962127651,13.8853977586833,53.4,0.14596,..,71.2,10.896663634352,34.9143864868661,..,0,22388630,11088185,11300445,3.06035796580474,29.7049638253978,59.116,4.006,7917555,9,..,275.489492396802,44.9904,18.4178821970492,6.43,62.2933606249605,9.7388,113904
2021,YR2021,Malta,MLT,16280015568.2968,13.3509818925498,31419.5031714693,1.49789217934724,433.606839879867,118.784056780784,101.288238009316,87.46977742,42.1830899964911,123.941408455002,6185.4675287079,30.7355590982316,100,0.59682,..,8.6,1.4375,11.9224212348358,1363.05571036865,0,518150,249130,269020,0.51468710034629,95.5145343617045,82.2585365853659,3.754,280621,11,70.2313537597656,-17.925314496607,2.0682,0,1.21,11.8897922312556,0.0396,18913.144
2021,YR2021,Marshall Islands,MHL,225670100,2.15939339067452,5455.31704015278,..,0.191172075059349,45.9784379061075,74.0777544493589,63.97259903,2.27717746029444,38.6781734232601,169.217008726763,..,99.8,..,..,12.1,52.2222222222222,4.27642742263445,..,0,41367,20174,21193,-3.18559640580083,77.6163157431143,65.421,..,..,13,..,56,0.0039,0,10.32,2.4256748351785,0.0013,95821.183
2021,YR2021,Mauritania,MRT,7216504489.52491,0.7427154981402,1524.11753502309,3.56516484650185,11.6066300912418,39.8560232643025,48.450850492821,35.63660049,0.405903092669414,137.540323142707,13.7279260229522,5.07698180804383,47.7,..,..,22.1,0.298211603764432,48.987965577262,..,0,4734874,2417259,2317615,2.88703345850902,57.901535141641,66.762,11.131,1086687,9,..,145.559040230489,16.3643,11.4487520863931,3.54,19.3554142491133,2.305,762868.259
2021,YR2021,Mauritius,MUS,12472565404.1389,3.33809084057279,9849.34891121846,4.02852888157376,2.24180552669211,60.7673543178385,74.4256502967714,71.59999847,25.7028828022003,154.053185977432,1966.30588770419,0.386204360949942,99.6,0.36784,..,8.6,19.4341512268403,14.2401161185035,1072.42945671071,41.9117647058824,1266334,631390,634944,0.0252729878913446,39.077147315722,73.680243902439,7.719,560132,11,43.9577226373808,216.816702819957,5.8421,0.00271526913227865,2.15,21.682820855615,0.1476,32355.016
2021,YR2021,Mexico,MEX,1241768434190.09,6.04848347173572,9728.05680024504,5.68920847683753,2.70530313479407,40.5691931964594,42.500104429993,75.62650476,19.2796725887476,99.09481491263,348.79471968524,19.8113406398377,100,0.27305,..,13,33.727204917822,16.8243083628705,1417.70559078908,5.16549978165503,127648148,65668355,61979793,0.66740537533078,78.9324007418057,69.75,4.019,56864048,14,45.6506195068359,48.9971639436712,656.289,3.64307338835023,2.99,23.3762297959545,37.0113,1923485.753
2021,YR2021,"Micronesia, Fed. Sts.",FSM,338881815.12605,3.09969928290539,3035.92251779232,3.19128406597466,..,19.6628259464523,70.7351011320425,..,5.37518813158461,19.7090231491436,179.172937719487,..,83.6,..,..,2.1,92.0714285714286,3.56978052028658,..,0,111624,56107,55517,0.636292251926478,22.3928762855411,66.152,..,..,8,..,44.3213296398892,0.0521,0.0178477556025635,6.46,4.94750949296404,0.0142,165246.721
2021,YR2021,"Middle East, North Africa, Afghanistan & Pakistan",MEA,4003259471671.34,5.030413314914,5215.44015006661,2.86833027751015,4.08253417547133,36.1084824365791,32.3249129431675,54.2,7.92,98.3,659.324137279617,7.20363228614641,96.4166690553693,1.32887737497567,..,..,2.20991908453557,44.9552223115061,1607.38683782763,3.86814682283141,767578451,372532911,395045540,1.46633720086535,54.8188568175474,69.7113193479505,9.00366611562493,239918913,9.5,28.3076190948486,155.422515488364,4451.5248,17.3492014076328,5.33200610795375,6.29602197492612,158.1412,7167558.367
2021,YR2021,"Middle East, North Africa, Afghanistan & Pakistan (excluding high income)",MNA,2048674285673.99,4.33211957315503,2908.15343616643,5.21404940513043,0.633552005895235,21.4901764682146,26.3675541466345,50.2,6.06,93.7,477.732692166717,..,96.0956018888668,0.538755837378145,..,..,2.63370729588379,43.5241795084179,1066.10387982935,5.03133233650953,704458802,347315970,357142832,1.70753659078455,51.9157887433595,68.9280214782653,9.6948074926195,207285663,9,..,131.849100353343,2878.1068,16.1160371395331,5.12265332277488,9.90704582129466,141.0072,5921742.521
2021,YR2021,"Middle East, North Africa, Afghanistan & Pakistan (IDA & IBRD)",TMN,2033652585673.99,4.31282389000222,2907.14478110535,5.46019980671871,0.620934991487249,21.5289813677932,26.0866394827455,50,6.05,93.8,476.913232090412,..,96.0681260042218,0.538755837378145,..,..,2.63427714507477,43.6765590900036,1066.10387982935,5.03556193114447,699536053,344839846,354696207,1.7022820773622,51.6735754616086,68.8931032282321,9.58930430798614,205983974,9,..,131.849100353343,2878.1068,16.2372522312841,5.1312659939065,9.89480904875359,141.0072,5916384.821
2021,YR2021,Middle income,MIC,32281074869093.4,7.4508617815507,5529.07594077267,4.14298201176246,2.03967663163433,23.6917545794657,23.21794435152,..,14.3596258479531,108.170552432744,1333.15629206038,22.763258060863,94.8051776493539,1.85162871790729,..,..,29.6275874147704,38.0707864757411,1334.09221845322,50.0590093709628,5838421323,2887719120,2950702203,0.841401299751263,54.0812947662006,70.3885567961503,6.19670261206739,2600934054,10,39.6747283935547,151.047191083801,30880.0743,3.98553729025669,4.9612703056679,28.5498834914467,1531.4373,176531721.042
2021,YR2021,Moldova,MDA,9573777856.36482,13.9299997889786,3688.16729442144,5.10641129002836,2.8200678267721,30.6487877126898,57.8220988272368,74.91899872,25.2112754309344,128.983642317657,6661.50706773881,2.23694740673712,100,0.23154,..,21.4,11.7512921860748,15.613577613811,1611.52792339614,0,2595809,1399856,1195953,-1.50342952349937,41.8115425109863,68.991,0.794,1503026,10,61.3014036981023,-64.6864210200002,13.2142,0.235942049452034,4.92,6.50390625,1.0724,12905
2021,YR2021,Monaco,MCO,7500231633.85052,22.2322155851208,194674.686164262,..,..,..,..,99.07759857,54.9173307031433,97.1422638668985,15807.0963220599,..,100,..,..,..,0,11.7314886869995,..,..,38527,19652,18875,1.24582098923186,100,85.113,..,..,11,..,..,..,0,..,..,..,1
2021,YR2021,Mongolia,MNG,13749955731.6936,1.63676957736662,4063.53669849245,7.35894657888155,14.217731942267,58.5488639540916,60.5492144836795,81.60682285,11.3929982387502,140.352142155192,1994.83352892553,22.0206999866538,100,0.10008,..,3,9.09894465963877,48.7495925005672,1944.5266435799,84.3401049374411,3383741,1692787,1690954,1.684959051396,69.2153244018555,71.6451219512195,7.871,1389087,12,67.4261046440448,136.977824998914,70.9277,33.1372162654312,6.96,10.9483384905153,11.8965,0
2021,YR2021,Montenegro,MNE,4499319776.55507,13.0462607426359,7198.3012265441,2.41080198403165,11.9139900701323,43.1193682105877,62.5998809644568,82.21969752,31.180870777725,185.488473149833,919.921990615196,9.44448387506183,99.8,..,..,39.6,61.4869888475836,18.5616072203119,1730.51151191493,38.2415254237288,625053,324278,300775,-0.245597310506825,65.3266031317675,73.8243902439024,16.543,245080,9,57.9613914489746,..,..,0.637197671980386,3.53,61.7770127118644,..,1711
2021,YR2021,Morocco,MAR,124135631043.727,8.15473889823681,3309.130859375,1.40195883962006,1.59422321445366,33.1360849405787,42.3873322350718,88.13031937,6.14617858388986,138.911268095998,602.958637557022,4.30127636011555,100,..,..,10.9,12.8903354246023,18.8808973994063,616.051393306028,66.4505063320881,36954442,18301045,18653397,1.00691847923959,62.3173276600289,73.385,10.551,12266110,9,42.531967383806,160.836818704972,110.822,0.391702933228196,3.14,19.319165433143,6.0095,1433534.351
2021,YR2021,Mozambique,MOZ,18651030677.5113,2.37743572761507,588.215854695416,6.40847652975692,32.7522138534006,40.3504985242732,71.7284659340598,16.35759926,0.206558007808804,43.1636190464176,32.2002787957537,1.59903962784626,31.5,..,..,76.9,46.412173122409,13.3097982315407,353.113453155889,0,31707800,16353471,15354329,2.9577768101764,34.4499259401554,60.268,5.413,13595901,..,..,261.475057755488,31.1371,14.9074768559672,11.95,82.7092499337397,4.3795,413797.2
2021,YR2021,Myanmar,MMR,60700903302.881,-12.0163724829177,1136.9956605414,..,3.11492561696787,..,..,..,1.67276170937317,127.240645128106,12.6622344101015,5.06936843360325,72.5,0.12402,..,62.9,43.2901466284646,36.8613783730995,391.964305331604,8.81815159574468,53387102,26780850,26606252,0.696558038955431,30.2368812529698,65.553,4.34,22117425,5,..,91.8311761644837,121.282,8.6785038087485,4.17,50.8374750664894,13.3162,2709506.69
2021,YR2021,Namibia,NAM,10707646943.9364,3.60382919248703,3809.80753359714,3.61690530108814,6.77514897706551,31.9564108832988,51.5878922090636,60.25999832,3.1781346555903,103.727351391971,246.215328825553,0.0666275179134238,55.2,..,..,30,7.97761420641572,14.4518731743436,680.382622029259,2.80112044817927,2810548,1439149,1371399,2.95314556354467,49.0571881483796,60.85,20.931,994464,7,26.6057345682932,83.98987142164,12.1345,4.03058059383138,3.45,93.3683473389356,2.1038,318174.283
2021,YR2021,Naoero,NRU,97487754.0549406,7.75193798449692,8325.88214663427,..,4.50866961886277,36.21115,93.97445,80.29499817,..,85.404389785635,427.021948928175,..,100,..,..,1.6,0,4.02205182033666,..,0,11709,5745,5964,0.565263581170869,100,61.331,..,..,14,..,40,0.0014,0,6.94,9.82367758186398,0.0005,123413.044
2021,YR2021,Nepal,NPL,31325711777.1674,4.838149614115,1062.7888430629,4.12676744440695,0.531690906776232,5.11917148482606,37.9346333063959,40.98910141,4.30873475530627,129.645418271275,269.787864363744,1.24783157075866,89.9,..,..,73.7,41.5907220090687,56.8352288944933,534.031692327606,0.000414336026517506,29475010,15234961,14240049,1.74002411752275,66.144235274522,68.385,12.241,8226953,9,15.243139284484,119.768186974481,50.7581,0.498936909947826,5.63,83.9765900145018,6.0764,105291
2021,YR2021,Netherlands,NLD,872809532457.157,6.27683593745216,49780.8328352542,2.67572008805385,-10.9725941589172,86.4500028041052,76.7048398855925,92.05298013,42.9460563127039,123.447849713072,164133.506993994,22.0023211908273,100,2.21542,..,12.2,11.001980991981,10.0302491904906,4057.79129205731,14.2129819104526,17533044,8830353,8702691,0.523490508168757,94.6294783220315,81.309756097561,4.209,9858813,13,89.3898620605469,-22.4413494583973,173.5896,0.340536679351668,2.95,33.1271998035524,8.3191,337239.115
2021,YR2021,New Caledonia,NCL,..,-2.0999999972552,..,..,7.88090550414583,14.154621023622,34.8896132874016,..,19.2837658740455,91.1596204954876,6023.54723120183,..,100,..,..,8.3,45.8380743982495,..,..,39.0473899446716,285214,144458,140756,0.364601116942216,67.4130776539646,77.113,11.574,127574,0,..,162.329945269742,5.0328,16.7918673249355,12.35,22.4774047218117,0.1756,4764.475
2021,YR2021,New Zealand,NZL,210043909984.57,4.29916005216614,41309.8198451344,3.94112060778728,2.09061969632742,22.3336966551166,26.0978404190373,91.99060059,35.262820014578,114.454714130458,16145.0261574165,9.76110781430146,100,1.48604,..,28.9,37.6306509437545,6.64525633790746,3907.64776650523,7.24260832530094,5084600,2560391,2524209,0.240228529431089,83.8299382585905,82.2073170731707,3.776,2904263,10,79.4128875732422,16.2432342485229,83.4788,1.49411356490814,3.77,81.4350720674273,10.7855,460632.03
2021,YR2021,Nicaragua,NIC,14142060746.7673,10.4543887816515,2128.30880041334,4.92841396948968,7.36996671682569,46.4042462306705,59.8031518362997,51.62039948,4.51379519532816,93.8165084237294,104.744488912359,1.21798820225134,86.3,..,..,50.4,27.4848761841449,20.0656114146273,602.731073978591,0,6644741,3378214,3266527,1.20325375827905,58.8592529296875,70.478,6.076,3032996,7,..,104.665771394959,18.441,3.84080893833151,4.29,69.5093757417517,2.6272,86292.831
2021,YR2021,Niger,NER,12763477152.9842,1.11520063869706,520.912751008043,3.8378680284051,3.98247849972574,11.0621894157621,26.9839054628996,12.45689964,..,61.5063092448251,1.42844665812864,32.369958747641,18.6,..,..,79.6,0.842567300860504,62.6985995228804,150.08935016997,10.0169779286927,24502140,12062154,12439986,3.25425239869281,17.2295936666686,59.542,0.806,9808662,..,..,264.979001182639,39.194,6.40907047167716,5.19,7.8251273344652,9.6064,47672
2021,YR2021,Nigeria,NGA,482220722032.144,1.109252540249,2206.66406255564,16.9528457221608,0.543909122159359,..,..,35.50979996,0.0301639204550369,89.2915858426408,61.547814694274,6.4879650491258,59.5,..,..,80.3,23.5664876972232,63.7505486555452,334.476501487262,0,218529286,108111257,110418029,2.09618685225463,60.5698545383604,53.455,5.404,100887576,9,..,31.4135734212217,342.7471,8.55295423830806,6.57,22.2303049100539,28.7192,1080855
2021,YR2021,North America,NAC,22668118543356,6.13640923701173,61198.2512363301,4.04652602445635,2.08964793422109,12.4349764136617,15.7177011046286,91.5,37.48,104.4,145215.004547,19.1869887593758,100,3.34336470006787,..,..,36.6124410534822,8.19025411459621,6557.24339669983,20.4304010759131,370404678,184390475,186014203,0.19823759626924,80.2350390902744,76.8590190564362,5.59210953628448,188188053,11,84.3603820800781,-0.931618110673468,6743.7076,1.56769066645961,4.4336766983098,26.2981134682884,254.3918,6161064.395
2021,YR2021,North Macedonia,MKD,11141955229.994,4.51067949038222,6064.92315120022,3.23074912132928,4.97315294989199,65.4438648561578,81.2775466279157,81.873703,26.9448892231031,104.875134243923,1546.44730811479,4.0331959439009,100,0.37252,..,19.5,39.7101506740682,22.1217769876626,1455.08840227388,39.5046103778702,1837114,943403,893711,-1.02945804668594,61.6841975628139,73.2463414634146,15.801,784953,13,44.3020210266113,-28.8053923070496,10.2244,0.136921063560563,3.25,30.9676369553426,0.4158,2174.51
2021,YR2021,Northern Mariana Islands,MNP,768812121.212121,4.96987951807229,16365.016735395,..,..,6.01750547045952,72.8665207877462,..,..,..,2086.03844270844,..,100,..,..,0.5,52.9565217391304,2.78361494766136,..,..,46979,22262,24717,-1.16183177026859,91.7842137303802,78.16,..,..,..,..,66.6666666666667,0.004,..,..,..,0.0011,210.691
2021,YR2021,Norway,NOR,439152009907.477,4.14314688769197,81199.3391492139,3.48388055266669,3.51903435020736,41.7846805150434,27.3213767194877,99.0000036,44.9392216218255,109.585637519783,43861.1250813561,20.5863715899543,100,1.88764,..,61.4,33.4581491750625,6.32535191211004,5298.87662808584,0.121579007358063,5408320,2680009,2728311,0.534772281874925,82.8612877226956,83.1634146341463,4.359,2948722,10,93.9243011474609,6.06787653228065,58.7091,10.0482763904291,3.43,99.1038297387318,3.9612,4250920.726
2021,YR2021,Not classified,INX,..,..,..,..,..,..,..,..,..,..,..,..,..,..,..,..,..,..,..,..,..,..,..,..,..,..,..,..,..,..,..,..,..,..,..,..,..
2021,YR2021,OECD members,OED,53194215678189.2,6.09471533648059,38777.5008307701,2.81528975687994,2.18087816308988,27.8507453859865,27.7476562750222,..,34.3185169388163,119.661730921855,64895.3650819105,18.4130655022104,100,2.89422761827735,..,..,32.9358651481294,12.5872869087171,3831.88056543111,20.4862188596443,1371780402,693969371,677811031,0.18049946526991,80.8557784895293,78.5867205183939,6.19605024177905,678624339,11,78.8566436767578,-2.28228628188466,14877.7537,1.43119967972982,3.56031154204405,30.2267632256481,683.8465,33300649.729
2021,YR2021,Oman,OMN,82318780120.4001,2.5821749892893,18291.3387983888,1.68221185876085,10.015189421015,53.329759351918,42.6197283774124,95.23880005,11.5852955507366,135.076972756826,272.418776541944,6.61068684650433,100,0.29266,..,0.1,0.00786203554119548,45.7566725913839,5956.40935867476,0,4500424,1749460,2750964,-0.489266037731458,80.1239942103569,75.969,1.9,2169738,10,43.8433613964625,241.899965394856,119.5484,29.2115792686173,7.21,1.93992360506721,1.1105,923786.336
2021,YR2021,Other small states,OSS,147065543383.023,7.99114438236406,11725.9484104048,2.4284453278932,59.4851539180359,75.9238773732763,73.6492484410013,..,15.9796592086703,122.10410369102,20197.9940980182,17.1573200741743,93.8560728212473,1.42042860813961,..,..,29.9210066274307,16.3811169450524,..,13.3755134579042,12541889,6189262,6352627,0.998084267144432,54.2199717949652,71.7699719301416,9.49668399234599,5367121,9.5,22.1164093017578,-11.9181422390665,64.8419,3.50529206713095,4.20914264355615,62.7248571604357,4.1768,1717137.267
2021,YR2021,Pacific island small states,PSS,9005636380.13033,-2.62004384629151,3430.07442035851,2.47788271992717,5.77793251936929,24.6202250892465,53.8533532642869,..,1.67904879323406,76.1797159429208,542.755208259934,1.85208936506718,85.6708178235478,..,..,..,68.5720966484801,6.12187036141872,..,0,2625493,1307960,1317533,1.1481035475349,39.6583318985728,67.4810209240703,3.35468526106548,959356,..,25.3326797485352,4.59091456802025,6.076,4.0665361751726,3.72643893136109,42.5934634375735,0.4053,797359.194
2021,YR2021,Pakistan,PAK,381973779235.3,6.51388575852702,1595.02792175422,9.49641577285205,0.616039439073827,9.05159988878188,17.9788205237729,..,1.23144065449307,78.8012296805749,65.7388698838102,1.48848823606751,94.9,0.16431,..,41.6,4.7796803652968,58.590150324952,465.115862856144,16.2124274834002,239477801,117358452,122119349,1.8867779716011,37.9333395514173,65.773,6.338,78814704,12,12.3810012807012,178.991398653306,526.9517,1.43561633294011,4.21,28.276210800358,56.9212,661270.999
2021,YR2021,Palau,PLW,229971280.110212,-11.9146400192064,12932.0857060233,2.6124818577648,13.5977706323233,6.58256757890493,72.9965753427494,..,..,134.960355395603,1068.43614688185,..,100,..,..,0.9,90.195652173913,5.02301222684776,..,0,17783,8182,9601,-0.0505973306648282,79.0890798782416,68.563,..,..,12,..,-40.7058120679355,1.3895,0,13.27,4.59829235675342,0.0266,835.2
2021,YR2021,Panama,PAN,63238394459.0666,16.4669992022652,14552.9345271768,1.63070337301898,2.71982266279312,41.6067039493249,38.5267595739638,66.04270172,14.8381106018887,147.899862038176,1548.53230021137,0.260062226704829,95.3,0.17691,..,28,56.6517026152602,14.7545659474275,1033.31759264066,4.1057414291615,4345405,2171401,2174004,1.20723809203153,65.8092302689169,77.004,10.177,2018222,11,52.7147829654218,149.942541275729,17.1823,3.6647948599442,1.41,79.278975629905,0.9934,231041.131
2021,YR2021,Papua New Guinea,PNG,23814565624.2584,-0.510612607034361,2378.3893914666,4.48359014042398,-0.131802749385713,..,..,16.55960083,0.209729532794508,48.1179470954257,85.3898812091926,40.0540621623383,20.9,..,..,54.5,79.1022170207128,14.6480533757505,..,0,10012896,4848513,5164383,1.98860312209741,14.4398342822353,64.358,3.03,3393679,..,..,106.845378599725,10.0773,27.3866812481734,6.54,39.9588024788339,1.5287,235419.94
2021,YR2021,Paraguay,PRY,41955105419.3976,3.99461510731535,6276.7748423663,4.787983101236,1.46244749899002,35.4652163043306,34.2667963783853,77.01838621,10.8118689766377,119.312639901188,625.057785679684,7.42054598468191,100,0.14398,..,58.8,39.8261432167128,15.7732462771943,1094.06594460795,0,6684182,3329042,3355140,1.21078357917422,67.3058612772421,68.108,7.311,3412056,13,..,104.154951276817,42.4038,1.34701587848651,3.4,..,6.62,31710
2021,YR2021,Peru,PER,217203104601.484,13.4166456126513,6550.96747543872,4.27166381536798,3.15463147592016,29.225876726221,26.1824464676564,71.10782643,9.05771410333768,129.993736857913,597.239427984452,4.46164505002167,95.6,0.13754,..,30.6,56.373072890625,28.9466302805559,775.289508844919,0.238676049911374,33155882,16657801,16498081,0.961612354333265,83.9480118272361,71.596,5.097,17853296,14,..,115.164372939154,93.5085,12.7247082349187,2.3,61.7794528000562,7.9955,6726988.67
2021,YR2021,Philippines,PHL,378998554988.857,5.71473313185116,3350.97587587776,3.92718022100332,3.04078855310045,25.7520349160187,37.7325748976525,66.90779877,8.50897715713263,144.424289981649,133.650513103559,64.2254083346106,97.5,..,..,28,24.226045544488,22.7416729471695,531.045421495391,58.466814909735,113100950,56681259,56419691,0.905660310915421,54.4504102510776,66.675,3.398,44699749,13,33.6166173848126,156.070191531239,235.613,1.97263339590791,2.78,22.6350488071458,15.22,4088654.673
2021,YR2021,Poland,POL,605337233054.782,6.92718266052501,16368.6239689025,5.05502704719272,5.44306737738578,57.0379760723016,53.836306949643,85.37490906,22.8165643900514,132.987203939653,31394.3768568545,9.44556514280936,100,1.41558,..,15.2,31.0192747468148,18.6068862351858,2920.11352538648,72.2648095261954,36981559,19050967,17930592,-1.4341408496549,59.8096513205543,75.3512195121951,3.268,18351011,9,72.2060623168945,-21.4846619649294,403.1414,1.03024380772929,3.42,17.4599985525884,26.715,234994.385
2021,YR2021,Portugal,PRT,214984151437.597,5.55875672070374,20747.6990734163,1.26565719069044,3.60836004516304,41.5484271843512,44.3251180305463,82.30902804,41.5145728650954,119.768700781718,24123.9217277333,6.250331404512,100,1.66711,..,32.3,36.154994891142,8.90743352046322,1943.29269675495,1.569273622472,10361831,5430708,4931123,0.626850165433157,61.0951249296597,81.3780487804878,6.712,5114630,12,72.5122375488281,-1.17476824742482,56.9598,0.291415692065373,2.42,64.9061770532965,3.2159,199068.158
2021,YR2021,Post-demographic dividend,PST,49621439025339.9,5.82057405938134,44440.6342345946,2.50835221473776,2.60615589386332,28.4552392380406,28.3882660893012,..,37.5619670210331,122.464288181858,79255.8226258319,22.53715011326,99.9988344208097,2.97151446683273,..,..,32.306882050267,10.7063229887693,4355.31630615881,19.9163117945649,1116578102,565766202,550811900,-0.0381233384223229,80.8170398426815,79.7932796702764,5.80602995350964,565485623,10,81.0674819946289,-11.4418345859979,13303.436,1.30772431307563,3.70235117699937,29.2711700767042,591.5676,24559176.605
2021,YR2021,Pre-demographic dividend,PRE,1436138766046.78,2.29076410791771,1402.45446054346,4.22278962033194,1.0670681473666,21.8368981692012,20.5944390803555,..,1.04148528643808,80.385516649546,41.9592188657679,..,50.5123491097242,..,..,..,25.6158460481063,38.3597237673436,430.9023875515,0.685590317021035,1024018110,512551120,511466990,2.59941687874608,43.966697242761,60.2743516231876,5.76848661848567,394865254,9,8.72068023681641,110.250316746798,1847.4668,15.4305434503705,5.91588992894011,36.8110534684545,226.9936,7503035.595
2021,YR2021,Puerto Rico (US),PRI,92715228856.7798,0.385222719529239,28416.4489370346,..,..,54.4123367654327,42.3330257661149,84.78666399,23.6440930650035,112.540413929626,494.371126519471,..,100,..,..,2.6,56.011273957159,8.38041523934302,..,16.6346398049013,3262731,1722685,1540046,-0.576379102762983,94.0550712597302,79.77,7.9,1174418,13,88.5327447779272,-31.4952304332835,14.9015,0,0.68,4.57841328319192,0.6563,1591
2021,YR2021,Qatar,QAT,164042828070.675,1.62684671918775,65488.5117911123,2.30446565742003,-0.608353846418717,58.7260170336864,34.0531415378261,99.65280151,11.0795735105944,137.709548409191,532.154847878766,1.71940426411282,100,0.68058,..,0,0,107.889879004395,17103.3823019572,0,2504910,705826,1799084,-10.9274424335586,99.203408908243,81.083,0.14,1827072,12,31.2813974439236,447.87179818789,144.0344,27.2897873992471,7.2,0.276427644700916,0.7747,16668.4
2021,YR2021,Romania,ROU,220789460074.341,5.58735072538869,11546.3224998072,5.05232876096582,4.12832844182863,40.6943872735548,46.3768092724597,83.5904265,31.6949603653045,119.123068432356,23316.8405138798,11.4879408346099,100,0.47108,..,23.6,30.1158292767733,16.1003744255086,1787.09564245924,18.2377669413149,19122059,9858388,9263671,-0.746036478523061,52.2321512130811,72.809756097561,5.59,8417695,10,55.2656097412109,-52.9164208309372,113.4783,1.144376067244,2.4,44.8574239112157,11.0995,18063.6
2021,YR2021,Russian Federation,RUS,1506233291829.03,5.866491772979,10231.318359375,6.69445891957612,2.21136527873962,30.0024195364041,20.5837759257711,88.21384578,23.7409106485411,169.07261384221,16210.0206428107,9.72984772707015,100,0.96602,..,3.5,49.7843605035639,12.9278827390739,5710.55279279027,16.155633525844,144746762,77505719,67241043,-0.343724409889771,74.7516840220252,69.900243902439,4.749,73799608,11,54.9542479280814,-18.2411844111013,2498.4553,18.5109394363314,8.46,19.1544751840582,79.5179,5495811
2021,YR2021,Rwanda,RWA,11632990181.3646,8.41140448646523,871.041835304187,-0.391346748300791,2.07399909664917,19.2857935398644,40.5150058536374,24.4416008,0.238872174708692,81.6381635400584,99.3615998490482,5.10240802707913,48.7,..,..,79.4,11.2282124037292,37.0965668074397,362.679226062045,4.22535211267606,13355260,6854356,6500904,2.1909353521865,26.1049092762833,66.85,15.775,4769099,6,..,37.777268399337,7.8139,4.01723634071877,3.59,59.8933601609658,1.3713,37897.3
2021,YR2021,Samoa,WSM,861986282.12791,-5.04350589708287,4032.1373106241,3.13320473174494,1.04090555935629,11.470913137998,48.2988664539377,..,0.791471566430753,32.2763227445165,575.360535880512,1.0752843011372,98.3,..,..,36,57.9820143884892,3.68268675074482,..,0,213779,106258,107521,0.862068229419543,17.5672426452007,71.096,6.664,59735,8,19.1409681560724,79.5516304347826,0.5286,0.280275449205485,4.9,49.1406825435797,0.0406,9162.709
2021,YR2021,San Marino,SMR,1604162183.58074,13.8977857594089,46834.1172363873,1.61551411551421,6.75426980183027,184.314279955291,158.155891066268,81.66999817,34.7101700798334,115.700566932778,37895.5973373818,..,100,..,..,..,16.6666666666667,11.7981796012366,..,..,34252,17567,16685,-1.50099888558244,97.1035668453272,83.539,..,..,10,57.6704545454545,..,..,..,..,..,..,0
2021,YR2021,Sao Tome and Principe,STP,317023957.753826,1.89929891337832,1428.28676097975,8.13777038378732,11.250926099997,15.1022711580538,42.8380761574694,54.94950104,1.54216281238596,85.2577705092336,40.5476637787719,8.17926748262372,78.5,..,..,40.8,53.4166666666667,14.8156728919369,..,0,221961,111464,110497,2.06017354745306,68.1738967895508,68.026,9.563,31376,6,..,201.680672268908,0.2513,1.88439596006627,3.97,6.05617320070216,0.0174,5117.247
2021,YR2021,Saudi Arabia,SAU,767229070838.89,6.51959698325419,24922.6716948944,3.06328988941548,2.8850612174452,29.1556614026837,21.728264937195,100,33.7973610185654,145.003757775499,306.45408745077,0.305715240109385,100,0.39379,..,0.1,0.454484134921779,73.6731291479972,7467.02479068822,0,30784383,12087819,18696564,-2.46456261487283,83.9716349986538,77.089,6.621,14623231,9,74.3924865722656,220.356748144094,757.9945,25.5652418188141,5.81,0.0652981651937175,9.4134,177851.659
2021,YR2021,Senegal,SEN,24359596784.0565,6.5440010991951,1414.53951093499,2.18032278088147,9.40426405095026,24.6396021156771,44.7363918727061,55.04040146,1.20966034985347,115.325093678501,40.9967744365019,1.87918674699481,68,..,..,35.4,41.6982288474523,42.371884937796,294.173427358174,6.26959247648903,17220867,8482181,8738686,2.53848919398481,52.2260292191155,66.868,3.436,5361107,11,14.6823561354842,198.83696234792,29.5487,4.40159712005452,3.58,13.2915360501567,3.4654,515177.577
2021,YR2021,Serbia,SRB,51022863667.9918,7.94905650472278,7465.67601077148,4.08510285335102,6.95312089132574,52.3404005216526,60.0018978032927,81.16588116,26.4794202826056,125.075587327252,11213.541759641,..,100,0.94784,..,27.2,32.3812581757641,19.0942900855095,2355.24230805463,62.2989407610828,6834326,3578623,3255703,-0.943688169512831,61.363899230957,72.780487804878,9.843,3290058,8,69.1800231933594,..,..,1.74631766481948,4.97,34.9821890937623,..,10360.89
2021,YR2021,Seychelles,SYC,1687886479.31967,0.552281631207279,17005.0422063679,9.76909936973542,7.52808883301193,80.2638714731898,103.50694354147,81.99530029,33.5645230796751,149.479213250181,70372.161437869,3.34307615789092,100,..,..,1.7,73.2608695652174,8.80433921966237,..,0,99258,44723,54535,0.805183391179401,44.6026796065539,73.3975609756097,..,..,11,26.8701526144608,177.070866141732,0.8797,0.120645132507182,2.85,4.51403741810568,0.022,146290.808
2021,YR2021,Sierra Leone,SLE,8465060863.02376,5.8968527047094,1045.7661615758,11.8739588840234,2.98593617782997,15.5476394983086,26.5958766638268,18.65390015,0.00227311979020093,101.636782141976,10.130207760678,..,27.5,..,..,71.1,34.8455250761984,21.3670032854365,..,0,8094602,4058933,4035669,2.27463021517533,43.7345385973699,60.26,3.551,2629616,9,..,125.522542753498,7.8333,9.03701414128967,5.49,75.2819403676811,0.8696,205035
2021,YR2021,Singapore,SGP,370007310021.275,10.1410845197192,67846.8565377728,2.31610315765146,32.2624851402185,181.159299725796,145.373954861844,96.92468156,27.5210996900631,157.977675166643,176692.094677134,54.9722752514087,100,1.93761,..,1.1,21.4345403899721,13.8183890637078,5966.32763521289,1.18694888490677,5453566,2634886,2818680,-4.17033630017526,100,83.0926829268293,4.64,3385810,6,97.0989103061521,109.288725488744,70.6452,0.000180989109199595,2.51,4.02215992761209,0.548,7385.884
2021,YR2021,Sint Maarten (Dutch part),SXM,1240255611.86927,4.57759677933345,29834.6350068383,..,1.98179684518215,..,..,..,..,..,1178.70630968704,..,100,..,..,0,10.8823529411765,..,..,0,41571,21292,20279,1.36356391629724,100,74.505,..,..,14,..,..,..,..,7.7,0,..,253
2021,YR2021,Slovak Republic,SVK,102454294896.646,5.6558588065555,18808.4540496595,3.1496062992126,2.25677867211963,90.7618617591412,91.2176227259784,88.92560523,32.6060735005904,135.268252737261,31322.794798914,9.00138940151075,100,0.90093,..,17.9,40.05615640599,15.2070816251722,3305.89912789281,7.38606076759062,5447247,2786819,2660428,-0.212358807611049,53.1901479870605,74.6146341463415,6.894,2757031,11,50.7342491149902,-37.2034824435606,46.3719,0.226150293544136,4.14,23.5607675906183,3.3517,4329
2021,YR2021,Slovenia,SVN,51996698295.6593,8.41686457725321,24665.4410464026,1.91706506089269,3.60613978687237,83.6999417881902,78.0887857232485,89.00399524,31.5502669986288,123.362924143622,55445.2655711669,6.20930603257085,100,2.13847,..,23.4,61.3711140025029,12.7146140710229,3144.09351642077,24.2378432854623,2108079,1050160,1057919,0.268851969969908,55.3046289429588,80.6756097560976,4.744,1044095,9,82.2400436401367,-13.6831466112432,18.1905,0.189323915465621,3.26,36.1126858150668,0.7143,1954.71
2021,YR2021,Small states,SST,215882468243.065,7.29421049896773,10988.3149576582,2.41070312174393,43.4167609072648,75.7677578550218,71.4049415840418,69.1,15.39,114,19881.0488294916,16.3039052166026,93.7468179373385,..,..,..,64.3165031446738,14.5510496888894,..,10.1451181013604,19646549,9769348,9877201,0.891610040984682,51.340072776001,70.7756825891382,8.82676059647368,8192349,9,22.3052196502686,17.6838009321324,121.5809,4.67255582842515,5.53737295335048,50.5491737965449,5.6031,2803839.474
2021,YR2021,Solomon Islands,SLB,1434092017.05313,-0.227975292792024,1880.5519827183,-0.115437894412839,1.79162262618701,26.5555182506775,40.8645385113232,26.03790092,0.131131891144795,62.1565164026326,93.1036427128041,..,76.3,..,..,49.1,90.1121829224723,8.16366216339273,..,0,762591,372519,390072,2.40116798691356,28.6889396820578,68.89,0.879,396138,..,..,104.111405835544,0.6156,18.395048524098,5.07,6.5551580779271,0.0326,62677.237
2021,YR2021,"Somalia, Fed. Rep.",SOM,7972973226.06415,3.44719850031242,461.627830726021,..,6.33765685964357,16.1552251397237,62.9442159654118,23.87479973,0.68899907598855,51.2059481348129,5.26881646344185,..,49.3,..,..,95.4,9.40996907578028,16.8921929608927,..,0,17271431,8617767,8653664,3.65720037777736,52.9060649733324,55.703,19.662,3090758,8,..,30.0696630614344,33.3842,11.2356934915275,6.57,11.2132448947616,4.849,96830.45
2021,YR2021,South Africa,ZAF,353695896167.047,4.85864865060148,5750.90937479584,4.61874544887136,9.68098022663018,31.1916105051608,24.9731031225938,74.96859741,2.75540858002384,163.12806305125,16057.5805222423,5.54756049045268,89.3,0.6139,..,9.7,14.0250847010527,27.7225927797214,2124.62297436572,83.1709379710998,61502603,31649230,29853373,1.54055743832642,63.4503925883909,62.01,34.007,23480812,9,22.3431289991291,41.3507622703505,575.4292,7.32857859192335,6.57,6.44786393924166,19.8845,626731.399
2021,YR2021,South Asia,SAS,3200121520162.37,9.24659959756499,1957.51785298129,5.33853088974918,1.28837189003887,20.011492655258,23.467298542821,48,2.6,86.2,492.560076492391,9.94475395872662,99.3693129133951,..,..,..,25.4284002736771,56.9506143793745,633.381629990765,66.7181256083958,1634785356,796585954,838199402,0.842298209099239,34.5086968655354,67.8215299767513,6.33048938390488,640376891,8.5,29.8268604278564,174.404534071783,4030.4752,2.76936071804782,3.94266769303355,19.3206102539249,291.1456,19728481.973
2021,YR2021,South Asia (IDA & IBRD),TSA,3200121520162.37,9.24659959756499,1957.51785298129,5.33853088974918,1.28837189003887,20.011492655258,23.467298542821,48,2.6,86.2,492.560076492391,9.94475395872662,99.3693129133951,..,..,..,25.4284002736771,56.9506143793745,633.381629990765,66.7181256083958,1634785356,796585954,838199402,0.842298209099239,34.5086968655354,67.8215299767513,6.33048938390488,640376891,8.5,29.8268604278564,174.404534071783,4030.4752,2.76936071804782,3.94266769303355,19.3206102539249,291.1456,19728481.973
2021,YR2021,South Sudan,SSD,..,..,..,10.5167158294358,..,..,..,..,0.00184064098481655,30.151042999214,4.04941016659642,..,7.7,..,..,32.4,11.3256215087114,24.9020366181579,73.0642324619261,0,10865780,5519926,5345854,1.55179411079181,20.4811115270532,57.047,13.95,4661528,8,..,..,..,..,5.88,0.335664335664336,..,45035
2021,YR2021,Spain,ESP,1267004457826.92,6.68314420473001,26705.3629138959,3.09313511976402,4.42272902452136,33.7570843255301,32.7675046176609,93.89752157,34.9302420932073,118.999806936801,24984.2229191447,9.39320382214351,100,1.39617,..,19,37.1727521093233,10.2366414392856,2422.46704705393,2.1923940622357,47443821,24144198,23299623,0.178046695121711,79.7846242983598,83.1780487804878,14.914,23392854,10,95.3768997192383,2.7595935453425,302.6753,0.115181021827658,2.66,47.0149136749395,20.0654,1080039.964
2021,YR2021,Sri Lanka,LKA,96555233166.2537,4.2074764950026,4357.97224978578,7.01478071238195,0.668825708548416,16.9214215897796,24.3074247397182,44.45308724,10.5401488574725,135.522602889503,482.487813684781,1.04519129609506,100,..,..,48.8,34.1070158422244,21.4624506663055,527.156696517111,35.0625502123264,22156000,11429255,10726745,1.07544995696428,19.8266275195269,76.278,4.981,8500316,11,20.7824292013914,126.563599356719,36.0653,0.0832444969793704,1.67,49.2380351199357,1.7785,423122.778
2021,YR2021,St. Kitts and Nevis,KNA,889985054.357552,0.367606879216311,19031.8211910603,1.195688870384,2.23512681815828,..,..,74.37159729,43.0254688535808,121.256121292475,7420.39646729252,..,100,..,..,1.6,42.3076923076923,9.73771165912598,..,0,46763,24280,22483,-0.228551998925832,31.5393525093972,69.271,..,..,12,..,172.621035058431,0.1633,0,2.63,4.52674897119342,0.0061,676.013
2021,YR2021,St. Lucia,LCA,1686550996.36471,11.1466993240856,9447.30059244639,2.41070312174393,3.75307666270784,..,..,63.06330109,10.675434960397,96.2374385229832,352.897682078399,..,100,..,..,9.7,34.0491803278688,11.8233788131253,..,0,178522,90113,88409,0.152478363043745,27.4443458949551,69.119,20.514,95353,10,..,187.42474916388,0.4297,0.0134294898917373,3.35,2.54489148622662,0.0169,1785.411
2021,YR2021,St. Martin (French part),MAF,..,4.89999967133534,..,..,..,..,..,..,..,..,467.274123026601,..,100,..,..,..,24.8,..,..,0,29961,15912,14049,-5.91294053455205,100,80.206,..,..,..,..,..,..,..,..,0.811168745171615,..,180
2021,YR2021,St. Vincent and the Grenadines,VCT,844461993.24839,2.09340124465459,8211.33588012942,1.57272932500558,18.8915993798527,..,..,68.83339691,27.1020312910221,95.5173520288601,194.474966209975,0.00345024871330536,100,..,..,5,73.1794871794872,11.8266935743069,..,0,102841,50257,52584,-0.663868269423874,47.4554100739049,69.132,20.356,53497,12,35.7032258064516,115.796178343949,0.1694,0.0193291690653381,2.46,15.0174216027875,0.009,1600.279
2021,YR2021,Sub-Saharan Africa,SSF,1851154160556.9,3.58194129290288,1545.11388324435,4.43905481215002,3.32049430451945,22.9237559194339,22.3005406575456,29,0.51,83,871.900007836105,4.77013649949947,50.6526785971142,..,..,..,26.0715140158541,35.1663382383195,491.630188608771,42.0154370754992,1198069722,601186124,596883598,2.53042768655601,42.6489634636483,60.7030048050853,6.84750929089377,475964925,8,9.27116012573242,85.5462182210608,2341.738,10.041932653574,6.14028336029393,32.5003512911911,288.6059,9299477.852
2021,YR2021,Sub-Saharan Africa (excluding high income),SSA,1849466274077.58,3.58478965187514,1543.83294885439,4.25936417542868,3.31755718201318,22.8786619776838,22.241848222666,30.3,0.52,86.4,866.141554555055,4.77467234685162,50.6485899183237,..,..,..,26.0706058528619,35.1685224652076,491.630188608771,42.0524505876863,1197970464,601141401,596829063,2.53057187220254,42.6488015882409,60.701952995968,6.84750929089377,475964925,8,9.27089023590088,85.5231876413947,2340.8583,10.048859393724,6.14202946860318,32.5250058429872,288.5839,9153187.044
2021,YR2021,Sub-Saharan Africa (IDA & IBRD countries),TSS,1851154160556.9,3.58194129290288,1545.11388324435,4.43905481215002,3.32049430451945,22.9237559194339,22.3005406575456,28.9,0.51,83,871.900007836105,4.77013649949947,50.6526785971142,..,..,..,26.0715140158541,35.1663382383195,491.630188608771,42.0154370754992,1198069722,601186124,596883598,2.53042768655601,42.6489634636483,60.7030048050853,6.84750929089377,475964925,8,9.27116012573242,85.5462182210608,2341.738,10.041932653574,6.14028336029394,32.5003512911911,288.6059,9299477.852
2021,YR2021,Sudan,SDN,48525909156.8784,-1.8685204827207,1009.54888916016,359.093040778999,1.52754029838982,2.2498704277993,1.87767821048496,..,0.0632992450276202,71.767230205952,8.50896970232587,..,61.8,..,..,61,9.73608137044968,38.7008440663385,426.163230119972,0,48066924,24214787,23852137,2.6941220236505,34.6421563427994,64.46,11.087,10843717,8,..,128.401134515256,139.7164,12.7502116848016,4.83,57.9598635588403,29.2875,47470
2021,YR2021,Suriname,SUR,4309144555.20541,-2.43538583612838,6973.89941868115,59.1196626251977,8.23142955004276,..,..,..,19.899950800782,146.654129497521,5297.00791071637,4.63398792876065,98.8,..,..,14.5,94.6001457500987,16.9623559951022,1698.95174083857,0,617896,308474,309422,0.907003624018977,65.9853973388672,68.943,8.706,241674,6,8.45416298008342,76.8681666214873,3.9148,9.59272209392741,4.74,41.9336561743341,0.1578,32171.439
2021,YR2021,Sweden,SWE,562423939232.591,5.2258643028773,53997.1337068799,2.16319736447143,9.17868162234424,47.4842370278491,43.626000413455,94.6703163,40.8351431063991,124.96149481991,38601.5068821813,13.9348317468926,100,3.41565,..,57.9,68.6996660773915,5.82496147194208,4558.74420693219,0.433648820125962,10415811,5173965,5241846,0.600591532839468,88.1741651958315,83.0560975609756,8.803,5504637,10,85.9426193237305,-25.8255273288781,55.8177,1.20827979934218,3.49,67.3919370423404,6.0559,182769.288
2021,YR2021,Switzerland,CHE,791460198101.875,6.17622836050151,90924.9256769825,0.581814168489856,-14.366241892487,69.9421328454497,58.0619868071113,95.56937154,47.9433096708255,123.21236546636,140348.158307165,14.2350632729725,100,3.24862,..,27.7,32.2086033202538,9.5328942364051,2619.80556120156,0,8704546,4383967,4320579,0.765501039496593,84.2006477608879,83.7512195121951,5.013,5007036,11,71.893928527832,-13.07008507737,46.9199,0.00910740311945595,1.53,67.8762344840083,2.1279,3859.92
2021,YR2021,Syrian Arab Republic,SYR,16136789237.2306,1.7896919997567,746.077458768389,..,..,14.9508204374067,44.0511918088493,..,7.28562915466706,78.5558300193552,46.4195049951595,..,88.8,..,..,1.1,2.84310842454937,30.5681166315142,419.006558516427,0,21628839,10818054,10810785,2.71541292038855,73.0125007629395,72.418,14.887,5237189,9,..,-26.9923815833057,46.2861,..,..,3.39200288473096,3.4758,6115
2021,YR2021,Tajikistan,TJK,12499200274.9255,9.39999955037523,1254.06999592306,..,0.94025522151091,24.1819298886089,47.6440075467741,36.70560074,0.495991334524208,64.0874682499327,100.532682753769,0.408284648961987,99.6,..,..,34.9,3.0607392463434,34.7938330280456,367.769041949913,8.46083305178821,9966908,5080941,4885967,2.20738922074721,26.1991525151375,69.594,7.687,2344147,9,37.4220713871838,-2.87466113567308,21.3532,9.04634759702914,4.03,93.3827887446305,2.0215,4389.215
2021,YR2021,Tanzania,TZA,64226431583.1539,4.32138429480482,1054.31726074219,3.69091958802199,1.68494347865961,14.1200223265815,15.7951616808233,22.87540054,1.97842,86.0162814148027,35.8743469643331,1.68293471092468,42.7,..,..,78.3,51.1131180853466,20.59925012622,404.180640287945,0,62830412,31701548,31128864,3.00113934816488,34.3500111758619,66.131,1.876,29917681,7,3.59164319762461,192.24588490756,85.3282,6.69370906979479,6.38,37.1995633187773,17.4451,544024.769
2021,YR2021,Thailand,THA,438907447802.797,1.55858232076893,6119.11018526099,1.23104516549814,3.04112326260094,58.4211124446229,58.7103597385762,85.26956666,17.3168855632327,168.485285358167,2134.31889534104,24.6642800019366,100,1.20822,..,19,38.8283192076572,23.8087317782197,1848.06336093307,19.2039471096301,71727332,36686198,35041134,0.119758274714782,58.5087776184082,77.606,1.215,40439671,9,43.4690405127808,117.532481349788,398.6981,1.8170265297611,4.44,19.9307401392503,19.0354,2424821.25
2021,YR2021,Timor-Leste,TLS,2721637728.85821,5.36980119392668,2015.82039246197,3.69792094666786,-6.5936436488535,63.512788038414,36.3472129000625,35.04199982,0.0101471033723194,102.668836319816,118.506316757015,0.0271228875443355,100,..,..,12.1,61.8493611297915,12.917068808454,..,0,1350139,669265,680874,1.80006893139932,28.7927371734472,66.199,2.344,579432,9,..,257.277704360959,1.8925,34.7297460391742,2.45,0.371447028423773,0.2078,7217.94
2021,YR2021,Togo,TGO,7367160812.92227,5.13562929064506,928.301087692897,4.1862150652352,-1.59478801736582,23.134296059825,33.2432620159071,30.33839989,0.749325974933037,70.4496733018494,28.0991752199044,0.32609213809593,55.7,..,..,75.1,22.1788931788932,34.5087889494952,472.643155617547,0,7936176,4067652,3868524,1.88405259258743,42.3105904515122,61.337,2.344,2695442,10,..,199.956907165723,9.745,7.86417419787513,8.6,25.3008,1.2051,18866
2021,YR2021,Tonga,TON,486614912.684838,-0.934919892094683,4612.90086913298,5.64051140636743,0.0497755463114463,11.0814138080371,57.4647379396868,57.549,6.4574841217177,60.9801876955162,692.008721205802,1.68995954105615,100,..,..,1.8,12.4305555555556,4.62303505862083,..,0,105490,54769,50721,-0.202657341819835,21.258003897665,72.13,2.111,35255,15,..,69.5002575991757,0.329,0.0407524657583253,4.65,14.2006227155814,0.026,1215.83
2021,YR2021,Trinidad and Tobago,TTO,21276595987.8665,-0.716740625909793,15558.0940536829,2.05922746915458,-3.85907284846354,..,..,84.36576986,24.9299429931902,134.221562299819,348.796906602864,0.102834401912664,100,0.05445,..,0.5,44.3996101364522,14.7081564101409,11212.0075366802,0,1367558,691550,676008,0.0609300519200696,53.9421278853848,71.111,4.446,641986,7,..,122.137284509878,35.3065,7.85936855870429,18.72,0.067595292085088,0.2436,13102.369
2021,YR2021,Tunisia,TUN,47020147729.5282,4.73603648206102,3902.53322990199,5.706350208307,1.16289301361367,41.7802023040094,51.8532117623985,68.31552226,12.4220429522978,129.846077003661,413.491268960052,7.16831118373217,99.9,..,..,11.6,4.53308444902163,20.064818139673,964.474882954034,0,12048622,6082035,5966587,0.620790374510459,69.3997523770568,72.893,16.632,4089131,9,33.2740287780762,86.5773401900233,43.3199,2.24923087429424,3.81,2.82000913659205,2.2585,128904.384
2021,YR2021,Turkiye,TUR,1150372769727.98,11.811094450607,13670.938029516,19.5964926913324,1.50891969619413,35.0536332850518,34.5552643235919,81.40843745,20.9211211378579,99.5415432248525,7755.87404936661,3.28362739970141,100,1.40209,..,12,29.0741785013578,25.2242202848915,1894.62719281739,30.8858369457731,84147318,42082196,42065122,0.910444902564511,89.1762048153239,75.722,11.969,33490693,12,125.763786315918,157.312963518082,581.9848,0.827048726504594,2.48,35.4189464124067,34.0967,799844
2021,YR2021,Turkmenistan,TKM,51379113005.0297,6.15115785574542,7244.61385880341,..,4.8884551850333,20.7809265461685,12.6315263036323,..,4.08263176069293,88.1929367884543,87.7039239609799,..,100,0.1,..,0.1,8.78215904496414,35.1310852664652,5109.26062011343,0,7092043,3619307,3472736,2.02444537373143,47.0581410301711,69.353,4.458,2025036,12,14.5425982703266,109.456409353177,128.4349,..,10.18,0.0110915492957746,5.9257,15212
2021,YR2021,Turks and Caicos Islands,TCA,1941275299.16352,29.6293781722414,42907.7492465912,..,2.3203583782398,..,..,..,..,..,640.983135512676,..,100,..,..,0.8,11.0736842105263,..,..,0,45243,22570,22673,1.91238576461203,93.4467025398547,77.234,..,..,13,..,2338.04347826087,0.2243,0.00326750077470616,5.95,1.48336829487564,0.0043,2277
2021,YR2021,Tuvalu,TUV,44356547.5832902,0,4351.24068896314,..,0.323763417463415,..,..,..,4.41436138905238,88.2872277810477,588.581518540318,..,99.7,..,..,5,33.3333333333333,4.78158567274116,..,0,10194,4981,5213,-1.99103357602457,62.6098296425994,65.824,..,..,9,..,29.0322580645161,0.004,0,2.79,15.8385093167702,0.0015,33935.287
2021,YR2021,Uganda,UGA,42210585952.7826,3.53658034070898,919.401675217265,2.20457204757414,4.06673785760736,15.7810081695276,25.9326225729506,10,0.0838841644026815,65.6220730009172,34.4144629612164,2.34793469732292,45.2,..,..,91,11.4534375623379,32.2662841882816,483.427100082329,0,45910930,23163441,22747489,3.21773661761443,29.2362957789022,66.45,3.416,20121421,7,..,250.194842556753,53.5602,7.47552032336567,10.2,90.0085291887794,10.0097,773153.36
2021,YR2021,Ukraine,UKR,101499127457.564,3.44562065945944,2426.6123046875,9.36313917695223,3.98166133947207,40.6883404768688,42.0096208865812,79.21829353,18.2677942438439,135.025688989835,9534.33333393531,4.51050792257841,100,0.38478,..,8.9,16.7345529858474,15.7278049885396,2096.06217562326,23.1366439960991,44298640,23654574,20644066,-0.857231073467664,69.4027032653896,71.631,9.834,20538715,11,75.9079435107907,-70.8535585509954,285.0364,7.5129023639251,6.89,12.0136593335613,26.0973,79953.386
2021,YR2021,United Arab Emirates,ARE,391967383829.611,4.55280140106356,40935.8915482084,0.179935336174431,4.89230595097426,100.642599583908,82.2668014928681,100,36.5005361093336,186.30089463245,2580.22013645319,8.95796265725262,100,1.49469,..,1,4.46775556181357,56.3065448613774,8500.46410586578,1.93355339076296,9575152,3425770,6149382,1.83513009029147,85.3571908511355,79.083,3.105,6160044,12,56.4520334436146,221.183165060242,255.3525,17.634095847399,5.48,4.20134583903604,2.1316,70606.942
2021,YR2021,United Kingdom,GBR,3113908148054.35,8.5431118453255,46491.5068836685,2.51837109614213,3.20643815254935,29.2894071087705,29.2489791841395,96.19650269,41.1134869970784,117.887430294308,44117.1578727343,23.8654057182193,100,2.89968,..,12.2,13.2214553796553,9.99579607939085,2377.4766480833,2.50520838395915,66978000,34019761,32958239,0.355973393742215,82.9886431523641,80.6473170731707,4.864,34105361,11,76.7543563842773,-43.7280684450217,437.8694,0.588544260440276,2.2,40.1999760236135,26.3592,874767.693
2021,YR2021,United States,USA,20954452976799.5,6.15202247867526,63096.7856149746,4.69785886363742,2.01451214498067,10.8266687797107,14.4060572431224,91.2684021,37.0074278936277,106.324514306135,156949.241031093,19.9014614131792,100,3.4689,..,10.9,33.8669264120375,8.231389869812,6445.82621225492,22.6659071437519,332100166,165116654,166983512,0.157323851413364,80.0074765140272,76.3292682926829,5.349,167182400,12,84.8550872802734,-3.47182214447713,6000.5067,1.27994423022721,4.24,20.2733089261925,215.9846,5187134.113
2021,YR2021,Upper middle income,UMC,26684073587307.1,7.58860883559845,8773.6893792671,3.92718022100332,2.20474749802808,24.5128711080355,23.0549011443547,79.4,25.76,122.9,2255.69138049861,25.1017973071805,99.3872057592045,1.90425559778497,..,..,29.2684402886623,26.5785883846196,2002.77736154791,50.5892816543388,3041374322,1513104419,1528269903,0.443111035197472,66.6600410441556,74.4180568484505,6.15372931005527,1514377210,10,58.9831390380859,157.557652315683,24184.4181,3.83910394444758,5.21185929407094,29.3301969499381,988.0839,142432595.373
2021,YR2021,Uruguay,URY,59156857887.5914,5.84427325018082,17416.0052308469,7.74791402314762,8.50404500730576,32.9446025347538,25.370452971577,87.64440155,32.5451063460216,138.112989243956,2491.53957008209,8.60373400525292,100,0.61467,..,57.8,11.7243743572163,11.1461992677525,1643.32575440656,0,3396695,1749263,1647432,-0.0668956092956434,95.4497146606445,75.434,9.328,1721005,14,75.1713873701582,46.2621187900932,42.2718,1.92773520463627,2.94,84.3537980618944,6.8249,66384.507
2021,YR2021,Uzbekistan,UZB,135330969248.223,8.20448512353877,3951.99657327359,10.8492397508122,2.80927561208071,20.3020010917247,34.4457811217665,76.59043014,21.8944210928633,102.410090312681,595.02922815341,0.308087494427371,99.9,0.11843,..,1,8.43180461723851,34.2032324656807,1465.18513514935,6.94337401734793,34243696,16979564,17264132,1.9382099918182,50.9269905090332,71.681,5.364,13396633,12,22.0939011675309,28.9846937118408,210.4789,20.46516083278,7.55,7.07677648080938,13.747,171933.496
2021,YR2021,Vanuatu,VUT,911300252.724291,-1.16332488626091,2979.39062838967,2.34328358208953,3.93623079389475,7.94507275187518,52.1975910860159,..,1.03214458524592,81.6914485987419,2818.20916212222,..,70,..,..,24.6,36.2838392124692,6.1793223587946,..,0,305868,151286,154582,2.31850921412366,22.2501822422475,69.952,4.776,108816,..,..,41.7802385008518,0.6658,0.568069760913224,5.17,25.154847680445,0.0791,73392.907
2021,YR2021,"Venezuela, RB",VEN,35945170478.4652,0.625000000000014,1272.94397516527,..,2.14254073533861,15.3500529409223,13.8763343273262,74.11219788,9.2424360147272,60.2344883065715,147.178469050698,..,100,..,..,33.7,52.3477807380534,18.171098677907,1409.82623845927,0,28237826,14265712,13972114,-0.727752243229035,89.1766444746891,71.536,7.027,9968779,17,..,-13.6837862103084,141.3264,..,8.32,81.7220757524342,8.7444,258925.236
2021,YR2021,Viet Nam,VNM,332245562394.77,2.55372852648131,3358.21734764714,1.83471554810462,4.27314566190187,93.8502071275575,92.8256257092568,74.20999985,19.5362327330994,136.806313165021,3846.57222455068,41.5396346544198,100,0.42494,..,24.2,46.9611618580284,25.2349538086608,962.199524881189,45.3896147456564,98935098,50486603,48448495,0.868883560805873,36.6540656426603,74.145,2.383,55299911,10,41.9554971195048,429.711453917071,486.7794,2.54701708790768,3.85,41.1697321016349,25.1418,8306715.98
2021,YR2021,Virgin Islands (U.S.),VIR,3950332443.97012,3.66760707873814,37313.0484931531,..,..,90.281783891724,90.0155313956068,..,..,91.7189273471447,472.277321243034,..,100,..,..,5.9,57.3142857142857,7.02606660812034,..,0,105870,54830,51040,-0.395928119020198,95.1604310610968,80.0682926829268,13.508,47357,..,..,2.51046025104602,0.0245,..,..,2.50440255203672,0.0051,426.141
2021,YR2021,West Bank and Gaza,PSE,15021700000,7.01198227592003,3051.48607007995,1.23748102831369,1.95194132723981,17.3411011099453,55.7424485062676,..,8.01282694120497,78.1621094563592,594.180202971957,1.60088574523558,100,..,..,15.4,1.68298755186722,21.8706255570971,..,0,4922749,2476124,2446625,2.45703865277568,86.334956387337,73.89,26.39,1301690,10,44.2081176768623,..,..,0,3.13,24.4633507853403,..,5357.7
2021,YR2021,World,WLD,88442603118342.5,6.48508887596752,11167.6044923385,3.47540320289875,2.52052670937781,28.4640230985895,27.5322845788393,63.8,16.74,106.7,12810.3266903219,21.5461137848745,91.3385144099012,2.5227995854217,..,..,31.1717259151458,33.1988270178342,1852.54433235952,35.9907693605797,7919567995,3935187241,3984380754,0.833112789177893,56.80922270108,71.2160780260296,6.04556088000376,3555964088,10,41.0742492675781,58.6981898102856,51187.953401185,3.06144858257677,4.54490266105104,27.8356846766988,2454.32106206885,220101385.06
2021,YR2021,"Yemen, Rep.",YEM,..,..,..,..,..,..,..,..,1.09217148089821,47.8090200303014,8.69676897531329,..,74.9,..,..,3.7,1.03983180862549,41.7348051930135,166.825172838285,0,37140230,18330840,18809390,2.74426152997255,36.0704951256305,66.019,18.312,7037044,9,..,91.9409839436571,33.6033,..,2.07,10.4517755831057,4.0586,149540
2021,YR2021,Zambia,ZMB,24879098747.8861,6.23492204726448,1269.10821808895,22.0207676245777,1.78407846118257,52.2160900183192,33.9924211751453,14.82190037,0.411108017009319,103.28257957834,44.3285768787346,0.953120510576897,46.7,..,..,83,60.0301501230848,19.5925009286197,768.86430207545,7.31046931407942,19603607,9900765,9702842,2.81534240626742,44.2353731410926,62.363,5.197,6728077,7,..,115.26150238589,34.1493,35.2641479964325,7.82,92.001184566787,7.9191,181595
2021,YR2021,Zimbabwe,ZWE,20729099176.6536,8.46801676808001,1312.20001358807,98.5461050920624,0.575182174042167,15.6502359339218,19.2898810143773,32.5923996,1.29980547197891,90.2538486226365,75.8994784522077,1.05374010425564,49,..,..,82.4,44.9748222825385,15.1447088758431,405.004500691653,35.625,15797210,8291728,7505482,1.72601114303872,37.8692058859373,60.135,9.54,6005153,7,..,-21.1777309387357,27.1497,6.39845161112644,14.77,88.3095170454545,4.1582,115251.82
2022,YR2022,Afghanistan,AFG,15325233810.1388,-6.24017199240269,377.665627080705,13.7121023720065,..,18.3800424016375,54.5054272070161,15.86629963,0.0796301678593983,56.2655188632539,36.7432860701151,..,85.3,..,..,20,1.85278199408184,40.2067792804569,..,..,40578842,20103167,20475675,1.43570437048699,25.3939250580909,65.617,14.1,8617545,9,..,146.7761143246,31.9121,..,..,..,3.7384,13150
2022,YR2022,Africa Eastern and Southern,AFE,1051694225642.19,3.66802914041513,1437.09139374966,10.8834775726018,1.72140037683879,27.0330789398506,29.4724601086904,26.8,0.67,77.7,1332.87713276783,6.31626908307209,48.7420429375177,..,..,..,29.7135358188964,26.3839158119753,568.382394434424,53.0603983859604,731821393,369655503,362165890,2.59275445199729,37.3605781096471,64.4871517904367,7.86947018999245,287406365,7.5,..,80.9047870558911,1497.7963,..,..,..,186.6006,4730010.859
2022,YR2022,Africa Western and Central,AFW,874130137799.265,4.47710763731639,1761.05945140847,7.94925143524016,1.4680087549062,..,..,37.5,0.41,102.1,36.8115420172424,3.65745855168626,55.5855936928306,..,..,..,19.6474877713602,53.6223979405527,352.912345385847,0.751989700374532,496366058,246567047,249799010,2.32085084130242,51.7001028474527,57.9789954665232,3.59653801462938,206671012,9,..,98.1592409843395,860.2701,..,..,..,107.4533,4387554.778
2022,YR2022,Albania,ALB,14385344334.623,4.8268006234359,5867.65096230557,6.72520271530059,7.57934042905775,37.1970755614977,47.5009680329889,82.61367544,20.6989441252111,98.3950391992101,1254.67239019169,0.0596409977568037,100,0.19997,..,..,28.7919708029197,16.4538233724819,884.57221529163,..,2451636,1239289,1212347,-1.54315667695786,57.8643477747383,78.769,10.785,1261497,9,62.647921513098,-33.0550337438252,7.6976,..,2.06,..,0.7993,17799.5
2022,YR2022,Algeria,DZA,206670488126.832,3.60000000094915,4544.46688060372,9.26551551551553,0.107187812155079,30.7915561763341,20.3985331920556,74.78150177,10.3517244580598,107.787115922596,75.0702728338252,..,100,..,..,..,0.826286664371426,19.1821741766237,1499.50999958517,..,45477389,22270515,23206874,1.58758210690673,74.1795862354514,76.129,12.382,13145205,10,53.3875786756,93.8320154299991,255.8633,..,..,..,6.5031,108929.152
2022,YR2022,American Samoa,ASM,662725190.839695,1.73501577287065,13709.0974895473,..,..,46.9575200918485,77.7267508610792,..,..,..,351.661081461255,..,..,..,..,0.4,85.35,4.93764089552049,..,..,48342,23912,24430,-1.81008765020754,81.794797704649,72.752,..,..,..,..,21.9178082191781,0.0089,..,..,..,0.0021,1410.706
2022,YR2022,Andorra,AND,3170696512.04547,9.56461225648184,39780.3966130791,..,17.5702304948555,..,..,94.05169678,51.2050686907973,142.426447525249,13725.6131986701,13.3076613572665,100,0.15818,..,18.7,34.0425531914894,11.4677282320292,..,..,79705,38912,40793,1.69676808598242,88.7548766267286,84.016,..,..,10,34.6414389161411,..,..,..,1.81,..,..,0
2022,YR2022,Angola,AGO,99707423108.6562,3.55749206675667,2798.01717317688,21.3552901320822,-5.14579186855198,36.0134857147868,20.5245865132875,35.83800125,0.386698155907211,66.6008073123779,36.5370826553838,22.0635039995781,48.5,..,..,..,52.5364972326943,22.5172239045117,437.568543756493,..,35635029,18008613,17626416,3.14302612044601,69.0506188977513,64.246,14.124,14812783,10,..,99.6074461998856,68.0352,..,..,..,6.5722,541625.4
2022,YR2022,Antigua and Barbuda,ATG,1611634392.94633,8.49776342254205,17359.2674811108,7.53107834634288,16.4666294790206,55.0022835102638,63.3003005458487,71.9233017,10.6818181818182,200.540715208962,829.383886255924,0,100,..,..,0.9,18.1615909090909,7.94265413166136,..,..,92840,48670,44170,0.530270318994476,24.5114484000414,77.483,..,..,11,..,66.7477696674777,0.4112,..,4.48,..,0.0124,3250
2022,YR2022,Arab World,ARB,2998450003632.71,6.99667634282584,6361.38084442534,5.17222088647606,2.0753601968333,47.6567008332038,35.9635478046444,..,11.9963102299597,102.925568544421,188.328441526339,4.51226573559797,90.6545179070033,..,..,..,2.77334810878314,41.2831313529363,1769.42432808562,2.13211007598112,471352066,227614565,243737501,2.29741398218854,59.3339325148117,71.8760955992222,9.74413095599936,140926434,9,32.7095909118652,148.68491488243,3131.147,..,..,..,104.0476,5992509.19
2022,YR2022,Argentina,ARG,602872713790.916,6.02074537534855,13276.8232110189,72.430757531824,2.3984601182853,16.2816677253254,15.2985115353002,88.37535691,24.6831785056628,131.483556254876,5287.33940240888,4.75157524338594,100,0.54951,..,..,10.3610566048767,15.8656062718096,1808.76021335553,1.82223900580178,45407904,22880775,22527129,0.210808731072658,92.112838186126,75.806,6.805,21566906,14,107.103901423423,51.5559626531028,383.5354,..,3.29,..,38.3016,893216.748
2022,YR2022,Armenia,ARM,14225451502.9981,12.5999999997766,4791.00481712183,8.64091108973855,4.99991586140552,51.5709203656497,52.3077088478584,77.02767465,17.7300708049016,130.540072214196,862.185100363734,21.8475283435373,100,0.20955,..,..,11.6336717932132,29.3633535061781,1347.59055747413,..,2969200,1594364,1374836,0.2326562627468,65.5624462874485,74.7658536585366,13.451,1399516,12,57.1818422625098,-53.8339065611269,11.2215,..,..,..,0.4675,24999.999
2022,YR2022,Aruba,ABW,3133343655.36878,10.6079607621246,29198.9903584827,..,7.45941691066831,80.7428143791554,79.8153266187412,..,17.4862221892338,130.647974615427,1621.47050601062,7.12514654462656,99.9,..,..,8.8,2.33333333333333,..,..,..,107310,56652,50658,-0.362774222330685,61.8811657924257,76.226,..,..,13,..,157.60326827054,0.5675,..,2.9,..,0.0097,173.5
2022,YR2022,Australia,AUS,1592357665099.43,4.25304559238732,61200.4588964781,6.59409658717841,4.05215286724898,25.4615298373659,20.2331120432093,96.11940002,36.3933201898066,109.469171081514,48266.9382557275,25.8318704116272,100,..,..,..,17.4213145571644,5.30273651659332,4942.16372202842,49.199170628768,26018721,13108686,12910035,1.28931130985537,87.3343268253813,83.2,3.728,14230223,11,106.240760803223,24.1113358175246,571.7808,..,4.12,..,46.6505,362765.685
2022,YR2022,Austria,AUT,427972725600.496,5.33096379400371,47332.4240357971,8.54686993188458,3.0221599256451,61.4273121186873,62.1522665342146,93.61409139,29.2342573265435,121.16645744796,39544.447259748,14.9141702472602,100,3.17775,..,..,47.206131846825,10.6275168759367,3486.72943293763,2.83488015728453,9041851,4592386,4449465,0.956287797076634,68.998085127906,81.2951219512195,4.992,4715201,13,94.5116882324219,-5.11153378441582,76.0792,..,2.55,..,3.2787,5068.718
2022,YR2022,Azerbaijan,AZE,56789627303.7604,4.71468033247649,5599.58524971025,13.8522590144267,-5.67773710614177,59.9868480668076,26.9954251873703,88,20.3655958095069,107.506296074404,544.580248233146,3.9129441620027,100,0.1513,..,..,13.9724815486993,24.1942721597719,1714.03725982832,..,10141756,5175175,4966581,0.039507866238038,58.4382815854684,74.125,5.65,5071753,9,41.0017793895325,-12.4673800932124,59.2363,..,4.4,..,2.4478,59938
2022,YR2022,"Bahamas, The",BHS,12795339943.1948,10.8779009410268,32186.4575039237,5.60540633583044,3.82040434055862,37.1589142824247,38.8240458234989,92.2559967,21.135589553703,101.623744145214,5189.44100941294,0,100,..,..,1.1,50.9350649350649,5.17940611031709,..,..,397538,207295,190243,0.293483989063331,81.3200717047725,74.491,9.25,239500,12,..,36.1689106487148,1.78,..,2.42,..,0.0418,9346.212
2022,YR2022,Bahrain,BHR,38474716945.1891,6.18016125475185,25234.40256182,3.62574104304482,4.20018456310523,95.9613654006004,71.1798757519344,100,18.0025680504011,139.636142863944,5210.2292067977,0.569959196315979,100,..,..,..,0.936708860759494,62.6696652208807,10178.1841297543,..,1524693,579797,944896,1.34221960637543,100,80.992,1.265,867174,9,50.3073760962771,123.327197977053,64.9134,..,..,..,0.2254,19892.587
2022,YR2022,Bangladesh,BGD,305629528154.311,7.09982877575158,1804.3493461776,7.69695437176898,0.347960024540439,12.8822264348985,20.897740835675,41.61650085,7.17020479104462,109.8665408168,329.568934354283,..,99.4,..,..,..,14.458774758176,63.2199514017555,308.276302614701,5.55206964842448,169384897,85985502,83399395,1.02423384746683,31.673734726234,74.265,4.593,74651451,5,23.5005059888653,197.80419234853,222.9794,..,..,..,24.6094,4759224.002
2022,YR2022,Barbados,BRB,6017872511.55711,15.9453206225473,21315.9363255517,..,2.90417181231459,..,..,69.06359863,37.4843261853654,114.580721030894,981.16308559851,17.0117393061682,100,..,..,5.5,14.6511627906977,10.7984053903982,..,..,282318,146907,135411,0.0605883465692588,59.3538514107686,75.676,7.261,151781,11,55.0600902713579,4.04111188974539,0.8908,..,3.76,..,0.0366,966.077
2022,YR2022,Belarus,BLR,57275121695.7263,-4.65839591328999,6206.61909685419,15.209675274081,2.17745011943276,63.0511868938428,56.973020682251,89.50733148,34.0671782490739,128.314999383533,10278.4211348179,..,100,0.47477,..,..,43.3351396620523,11.3970306974406,2862.48962279083,0.065989847715736,9228071,4928161,4299910,-0.804228426880244,78.4732787892908,74.1033658536585,3.574,4907541,11,77.0977334087936,-38.4685106638348,89.203,..,..,..,14.652,7520.4
2022,YR2022,Belgium,BEL,519956253598.61,4.02460852835887,44516.002160801,9.597511728725,2.22097062697703,94.3593146395926,96.6941034919995,94.00783071,43.5657139519422,101.680355820653,30850.8151822613,22.8179135173265,100,3.19592,..,..,22.604446776415,10.074123834212,4368.44562567427,2.41584158415842,11680210,5923682,5756528,0.808165350001861,87.489200269855,81.7487804878049,5.57,5320892,13,83.5736465454102,-20.3342325115527,111.9884,..,3.4,..,7.8815,18953
2022,YR2022,Belize,BLZ,2522139931.98722,9.25051329530994,6262.56088273674,6.27689319447544,4.95003696669658,52.5787874243921,55.2614626616446,69.98329926,9.75385677359442,67.1750266305468,342412.963427382,0.000182431620336189,98.6,..,..,30.8,55.0078912757563,16.0563950590085,..,..,402733,199820,202913,1.85124805102003,42.1373251262137,72.19,8.682,170023,8,23.9767727412258,122.542295381802,0.9734,..,4.29,..,0.1023,203331.146
2022,YR2022,Benin,BEN,16765906414.7949,6.25294705373625,1218.49668929091,1.35077863583527,2.15770537478617,20.8153300474458,23.5662628402967,30.53730011,0.153072411564925,105.745019386968,8.2125071250767,4.28715620621521,56.5,..,..,..,26.9169031571479,41.496929120914,375.820983649337,..,13759501,6863042,6896459,2.54740926342667,50.9627000010887,60.475,1.685,6074872,6,10.2350101470947,344.218395894657,17.0531,..,..,..,1.9508,66001.953
2022,YR2022,Bermuda,BMU,7084333850.33281,6.25695521240877,109412.251159598,..,0.0758736695647656,50.9884416399627,26.9886110554689,..,35.5804722852863,105.274212729154,5498.15441165114,12.5402908347027,100,..,..,0.9,18.5185185185185,4.67916643603767,..,..,64749,33016,31733,0.156108751379667,100,82.062,..,..,13,..,0.638524299396948,0.2837,..,1.51,..,0.0061,392
2022,YR2022,Bhutan,BTN,2615853471.18587,5.21386783786224,3349.73309632799,5.6391667139637,0.289904655137253,25.4988399587876,60.0723765638263,88.35620117,0.631823734751842,95.129809428439,1024.44059140955,0.0122179939865199,100,..,..,82.5,71.5521761929733,25.657638995936,..,..,780914,362724,418190,0.703183917780367,40.9365143617581,72.754,5.947,384122,..,14.5780698560857,147.502431261604,2.7995,..,9.04,..,0.1853,104
2022,YR2022,Bolivia,BOL,37297165307.1202,3.74741781241461,3088.24126173436,1.74632872945969,0.0122391923945909,27.7939915042015,29.7309420747615,72.62270355,10.9975247479663,101.57150434614,275.975614784741,5.51769748718287,99.9,..,..,..,46.5396883596418,30.5651114620926,799.661765658889,..,12077154,6023404,6053750,1.16425907336882,70.6352598708131,67.434,3.552,6569575,14,..,88.3526617487657,55.432,..,..,..,6.5656,53150.5
2022,YR2022,Bosnia and Herzegovina,BIH,20277301651.4265,4.22681333390325,6327.16206849174,14.0208440826771,3.78827280691079,48.3071264641554,61.8981572555954,78.8455371,27.3190356221695,118.944352880459,4776.58214142403,5.22474917760104,100,0.18743,..,..,42.7326171875,27.1094617563555,2270.72637629896,67.449951171875,3204802,1680628,1524174,-1.24363802761194,51.0215287060993,76.777,12.657,1355798,9,45.6063499450684,-8.51337620696159,30.0733,..,5.53,..,1.2603,4264.9
2022,YR2022,Botswana,BWA,17468616755.5627,5.48601706446772,7159.5860618268,11.665567478802,3.49204705165089,43.4790657146074,42.5905382721178,57.9,4.53192190474005,178.205018910673,369.688494408769,0.502381294093243,75.9,..,..,..,26.4995676953752,13.3955374058688,1286.46723695541,98.5931034482759,2439892,1221897,1217995,1.58848021878269,66.5889787170477,68.749,23.615,1065472,..,20.7095613715302,35.1811101762561,12.5321,..,..,..,1.7967,3865
2022,YR2022,Brazil,BRA,1899505377558.02,3.01669435393015,9032.08481566299,9.28010608956873,3.8680317970139,19.6307650034371,19.1853009729027,80.52775094,20.9534469027015,101.245468903076,4685.09246377482,9.11134627987528,100,1.18873,..,..,59.1275092305226,14.946073685839,1432.72741132919,2.10121189126786,210306415,106757480,103548935,0.360180890872169,87.349556243881,74.872,9.231,106610573,14,61.0000915527344,96.9302688082608,1278.5422,..,3.87,..,162.1731,1326957.396
2022,YR2022,British Virgin Islands,VGB,..,..,..,..,..,..,..,..,20.5485529371852,92.8912549909966,3262663.43067408,..,100,..,..,1.3,24.1333333333333,..,..,..,38319,20316,18003,1.33986872052852,54.795911692548,77.177,..,..,12,29.0409725348942,259.450171821306,0.1046,..,..,..,0.0044,1137.518
2022,YR2022,Brunei Darussalam,BRN,13000438095.7254,-1.62833154515108,28549.1756060465,3.68225030604216,-1.73946797718401,86.3893568836847,60.5846089959126,98.97042579,19.8049937413532,116.108439291126,21094.9337901047,1.04425960383175,100,..,..,..,72.1062618595825,7.47961376576273,9894.81949906257,21.5458764726883,455370,213203,242167,0.804554269312164,74.7772642014221,72.917,5.191,230003,9,31.1925368707703,103.479390252239,11.9068,..,..,..,0.3899,21213.091
2022,YR2022,Bulgaria,BGR,62054317357.9063,4.08386398118941,9598.35828571579,15.3252589264367,5.24634717472155,69.9794718032462,68.8654009670208,79.12686326,34.9667968772891,116.679163253179,57819.5501165721,10.3826775418569,100,0.75174,..,..,36.0998526160649,22.8155719307165,2968.65663426552,43.1394681082794,6465097,3335288,3129809,-0.650676134087796,73.4799164005224,74.1609756097561,4.148,3134677,12,84.1293563842773,-37.7267142145371,62.7432,..,4.72,..,3.9122,14647.343
2022,YR2022,Burkina Faso,BFA,16663583086.9504,1.62673258211919,740.306319930259,14.2902354303358,3.59640793567206,31.2180734191588,36.3022167140067,25.3987999,0.214398323020291,113.996146792235,21.7246068001662,1.5289989764953,19.5,..,..,71.4,22.3552631578947,41.5553296753411,312.969408025336,..,22509038,11297679,11211359,2.30907147387783,27.2791369742712,60.7,3.828,9286105,10,9.67069485831779,216.118761442331,35.7426,..,5.4,..,6.6453,30938
2022,YR2022,Burundi,BDI,3511275322.19666,2.31770122350822,263.587550049119,18.8008786664945,0.627981649090288,..,..,7.144800186,0.0300650914860841,56.2599912004244,10.8099205343224,1.11792409166671,10.3,..,..,83,10.8894080996885,36.3050025944922,..,..,13321097,6704830,6616267,2.70585008916716,22.3202446002597,62.882,0.909,5691432,..,..,153.074019366486,7.7099,..,7.4,..,1.2962,20475
2022,YR2022,Cabo Verde,CPV,2077803747.08658,15.843675684642,3997.76763250653,7.93092925430087,5.43014452079405,38.6842542170134,58.3098826343223,73.32740021,6.56769429388869,113.247367438782,777.310237214305,3.47654000154602,97.1,..,..,21.8,11.4937965260546,18.2851088230149,..,..,519741,255331,264410,0.596688345869947,75.033738060849,75.907,12.239,216497,10,..,321.789522484933,0.9098,..,2.17,..,0.0638,8530.762
2022,YR2022,Cambodia,KHM,34597385966.8314,5.12990110773977,2011.27433313262,5.34370264895437,8.94830125779534,72.2070606780988,73.6665720833071,65.49079895,2.9638308346303,113.391506572248,183.469982427343,6.56222598236463,92.3,..,..,..,43.9439723544074,19.8334520389805,498.311736725693,32.2659404638933,17201724,8779871,8421853,1.33088813106016,40.374616187368,70.528,0.245,9850128,..,14.6069513022825,223.140563902037,47.1042,..,..,..,3.1267,862200.003
2022,YR2022,Cameroon,CMR,40306867605.1364,3.7367840056412,1458.66180431693,6.24767713343861,2.08735032157122,19.321813317909,21.9647892415588,40.12559891,2.12862474053,89.8274190453067,15.1993442858119,3.28864706003967,71,..,..,..,42.7925789596158,56.6299237952112,374.114620505852,..,27632771,13860475,13772296,2.62905090961273,54.8458745688318,62.443,3.646,10499324,6,16.4371527754335,34.1158990586609,40.3485,..,..,..,4.7812,235373
2022,YR2022,Canada,CAN,1787149136135.45,4.69541985045903,45883.0058941892,6.80280115341613,2.30686661821278,33.7212083293036,33.2319537399015,94,42.1792116530791,91.2386689983444,43637.3874162994,15.1489765380468,100,1.81291,..,..,39.4659199995449,6.38948485769886,7575.25861568829,3.98601228707913,38950132,19603766,19346366,1.84036295796994,82.3500897353968,81.0948780487805,5.279,21462479,10,78.8488311767578,28.9318351623564,761.3626,..,6.44,..,39.8993,913122.999
2022,YR2022,Caribbean small states,CSS,68628283221.9492,14.7413556305504,15259.8516050593,5.82838638517959,-0.0615252275250797,..,..,..,..,..,32912.3409326909,3.55434662517716E-05,98.3064221501297,..,..,..,86.4809117518025,13.7566930056692,..,..,4497310,2281852,2215458,0.404234861975181,50.1314448681558,72.8322921090607,8.29867755889038,1926206,7,..,118.462575408072,52.1835,..,..,..,1.0327,308490.04
2022,YR2022,Cayman Islands,CYM,5723136286.36151,5.66079366938135,79942.1196290248,..,-47.2642798695926,..,..,..,56.3604363676998,139.314997695241,5182.21564163093,56.6467051908622,100,..,..,0,52.6666666666667,..,..,..,71591,35622,35969,2.09324575309515,100,79.984,..,..,12,..,201.386748844376,0.3912,..,..,..,0.0082,213
2022,YR2022,Central African Republic,CAF,2033686256.48235,0.453901876447787,398.91539795642,5.58316735183247,1.00929791484186,12.3004999986493,32.9330700029707,13.75360012,0.0160846160651184,38.8217901039988,1.96153854452663,37.2974046773952,15.7,..,..,90.9,35.7041959613471,32.636811446638,..,..,5098039,2641776,2456263,-0.275432271573156,43.2751967457285,18.818,6.287,1901019,10,..,72.0762561343034,13.079,..,8.31,..,4.7219,29350
2022,YR2022,Central Europe and the Baltics,CEB,1640878132518.42,4.03989151407053,16396.9966397292,14.6081439492433,4.17547423037865,68.637004809798,70.1023174700322,..,29.5807948378636,124.683360007648,43462.9827196895,14.028032202435,100,1.29826358701501,..,..,34.6188570565974,15.503309118809,2683.1570949953,44.1492495674785,100071871,51587189,48484682,-0.13367547636684,61.5935240282645,76.6522987292583,3.96540582731722,49010307,10,69.6117095947266,-37.1230065596978,880.7498,..,3.14726638806671,..,66.4274,638878.249
2022,YR2022,Chad,TCD,15919594857.6967,4.12969897668356,862.602128172536,5.78802687843616,3.44402627536712,31.7353441144244,16.2530343175185,11.17029953,0,65.4377795535985,0.866958875155538,..,11.7,..,..,70,3.24924110546379,42.4135112395066,198.929147409955,..,18455316,9196578,9258738,3.45668911084691,25.7635558629694,54.528,1.081,5803315,10,..,727.161408677264,91.5312,..,4.2,..,20.3152,107110
2022,YR2022,Channel Islands,CHI,11288507155.9037,5.34196140375869,67508.9385276664,..,..,..,..,..,..,..,..,..,100,..,..,..,..,..,..,..,167215,84597,82618,0.283869921965387,32.7920439098264,81,5.923,82427,..,..,..,..,..,..,..,..,3480
2022,YR2022,Chile,CHL,279127595176.477,2.06391864254198,14275.4094646211,11.643866711056,6.2344860828365,35.6216861605322,39.6117335928437,92.31819916,22.7901897178525,135.114280974065,11563.2682310819,6.93672684116693,100,0.39205,..,..,24.8461772576085,29.1705232939256,2081.99751245711,23.7234687689509,19553036,9835064,9717972,0.495789591494285,88.6395352768685,79.176,8.249,9670728,12,99.3372802734375,136.440834208004,129.5282,..,3.19,..,6.1336,4215232.158
2022,YR2022,China,CHN,16706452162504,3.13385438394069,11830.298767861,1.97357555739051,1.03841365474349,20.227756033041,17.28479964513,75.61131603,41.3736197056022,124.195248970763,1317.31265600935,27.7650612563156,100,2.4945,..,..,23.8316995465589,31.8957749766111,2676.48200976111,61.7186608827991,1412175000,691718700,720456300,-0.0130995013525784,65.2176361083984,78.202,4.98,770113477,9,71.5799465086024,300.173087627891,14857.4011,..,..,..,405.755,88614075.999
2022,YR2022,Colombia,COL,354752900899.02,7.32827729427979,6856.72590505374,10.1772313546166,4.97124137726565,20.3883679938331,27.8942871185028,72.79637855,17.007465545983,156.195161137443,669.643927095364,8.40182637186439,100,..,..,..,52.9457763857593,18.8527177779036,863.76322070814,5.99939529258536,51737944,26204251,25533693,1.06829295530618,78.0464633137335,76.508,10.541,25828593,12,59.2901382446289,58.6271723619523,209.7608,..,2.18,..,18.8273,783846.99
2022,YR2022,Comoros,COM,1140294412.38083,2.45381174550259,1366.9513495529,12.5320314570999,0.322667538233799,12.9470275117016,37.4417429765366,31.37409973,0.219375008990779,100.549036907747,26.3729519005308,0.307330846524193,89.9,..,..,39.3,17.2165502418055,12.0356986217286,..,..,834188,414630,419558,1.93837687010445,32.7746035528748,66.481,3.879,288181,6,..,194.995187680462,0.9195,..,4.3,..,0.0629,18676.631
2022,YR2022,"Congo, Dem. Rep.",COD,52582143957.1902,9.31116944064918,513.512704372167,..,2.00131622839817,40.8203246110598,45.001844576936,17.99620056,0.0322275167366284,48.6773534153863,5.95720763919494,0.723158681595087,21.5,..,..,..,54.6754592973247,36.8333103350476,417.968903605646,..,102396968,51598667,50798301,3.2234019442495,44.003287663813,60.979,4.54,35515220,6,..,120.974802919593,55.978,..,..,..,7.3464,279680
2022,YR2022,"Congo, Rep.",COG,10175199489.7639,1.47535613247133,1686.00234391385,3.04344334698478,3.36508336137956,63.8121468562925,34.3491898359076,40.98669815,0.435883126454822,93.6259259161068,11.7645031469217,4.32722654163177,50.6,0.38339,..,..,64.1756954612006,37.5746809256317,592.046625837502,..,6035104,3017640,3017464,2.39665300284304,63.6422003342807,65,20.131,2408846,10,..,123.98422452536,24.421,..,..,..,0.7361,65110.785
2022,YR2022,Costa Rica,CRI,70798368208.7751,5.46119455235068,13931.8461614764,8.27477490232654,7.34017474268191,40.5888104743828,38.4635798410056,82.59801121,21.7575979999075,136.518375013406,1892.8462847062,21.9748960011818,100,0.33789,..,..,60.0785350567959,18.2413082350632,1009.21522950084,..,5081765,2569726,2512039,0.429453043658398,78.4405687613972,79.316,11.325,2504874,13,..,63.4722613054852,15.685,..,1.91,..,1.5497,50441.093
2022,YR2022,Cote d'Ivoire,CIV,67692161181.7305,6.39988362730921,2227.08197820584,5.23352856100843,2.2547265327193,24.2673603262295,28.5990307151189,38.41328122,1.25179133069312,161.231833444196,65.8331919175396,3.55657032872416,70.4,..,..,..,8.21049968553459,21.8306712275434,483.894918210023,..,30395002,14903156,15491846,2.51622934953513,52.8492549676673,61.562,2.31,11906614,10,11.1134926507622,267.501207535019,36.5208,..,..,..,2.8483,79603.007
2022,YR2022,Croatia,HRV,64074327526.2691,7.29479114889533,16618.3333786183,10.7805806758686,5.51627272111755,59.5122239805954,65.8985698016654,82.07155532,27.6606739600213,114.677195729643,29826.9470627582,12.0638540428638,100,1.41896,..,..,34.7410650464618,16.8333506097167,2154.95483266747,10.9563994374121,3855641,1997208,1858433,-0.603521952188318,56.9977571733605,77.5756097560976,6.811,1734995,8,80.7626724243164,-22.6488254788245,25.3947,..,2.75,..,2.021,90893.462
2022,YR2022,Cuba,CUB,83527427215.7299,1.77465227724316,7552.33152218842,..,..,40.4896279061686,53.3711476828839,67.88410187,2.89200005063374,68.7180442358013,141.322372335174,7.87558913182664,100,0.36032,..,..,31.233140655106,9.40611001829951,775.769412868598,..,11059820,5598475,5461345,-0.562151275082133,77.1056060791016,77.629,1.829,5005156,9,..,-40.7150044552258,34.997,..,..,..,2.6146,29924
2022,YR2022,Curacao,CUW,2571624722.4524,6.90600055461097,16772.8146989153,..,5.71077943710701,..,..,..,32.9115972915374,92.7324718767703,4956.92044794907,..,100,..,..,..,0.157657657657658,..,3675.19934857976,..,153321,80409,72912,-0.408112025783182,91.4007684350799,76.729,..,..,14,..,..,..,..,..,..,..,8852.026
2022,YR2022,Cyprus,CYP,29596751443.2394,8.73854684881674,31505.2109375,8.39548297993334,0.172623567791445,104.666076513256,101.087453739449,89.60099194,36.7656727425982,146.71583605521,58909.2438615862,17.6595981229011,100,0.70468,..,..,18.6677489177489,21.3967671637857,1682.70492545045,..,1331370,660545,670825,1.06174678712373,66.6694829407584,80.434,6.806,755975,10,105.384979248047,62.2424481312932,9.0554,..,2.36,..,0.2852,8930.992
2022,YR2022,Czechia,CZE,220137498830.73,2.8471706583814,20627.348651011,15.1001651468371,3.02937517288668,72.4094281428088,71.6020659665878,84.54009378,37.7136856539825,128.105295003482,85606.0624517083,21.8353618959526,100,1.89089,..,..,34.7369431785448,12.8501106624388,3895.62928915395,44.1296405421332,10672118,5410575,5261543,1.5709725672011,72.6967638379524,78.9292682926829,2.224,5369986,10,70.8145904541016,-38.9141083145941,121.9162,..,3.98,..,6.4833,22640
2022,YR2022,Denmark,DNK,348921108389.075,0.443832614908331,59108.7449374068,7.6965669988926,6.9048667972729,70.7552148776405,61.2406100314303,97.86011812,44.8863644064006,126.48354098254,258760.024712703,15.988289228272,100,2.86709,..,..,15.758,8.20415192314087,2580.54319180783,12.6099706744868,5903037,2967128,2935909,0.787502464739957,88.3880239837703,81.3048780487805,4.434,3147518,10,84.5866088867188,-39.7962953572438,41.5535,..,1.83,..,4.5459,495685.42
2022,YR2022,Djibouti,DJI,3365561651.66421,5.16653702854374,2959.78673011268,5.17222088647606,5.24930012962196,159.250735528808,143.034673702738,63.77600098,1.41245769926198,46.7770531248021,55.4042930412208,3.02417742085029,65,..,..,26.9,0.257308024158758,39.044711370559,..,..,1137096,573238,563858,1.40352932560807,72.6109938538856,65.54,26.272,252945,10,..,26.7196196033933,2.3452,..,2.03,..,0.2127,3070.8
2022,YR2022,Dominica,DMA,574096959.632995,10.3968076616121,8590.92209069816,2.88490226829353,2.71598643499556,..,..,80.57980347,20.86014425523,85.1898961482058,59198.5155478407,27.5946626639549,100,..,..,8.9,63.8266666666667,11.1561568187343,..,..,66826,33328,33498,-0.561078261856387,72.682648635692,71.081,..,..,12,..,87.1698113207547,0.1488,..,2.95,..,0.0114,292.5
2022,YR2022,Dominican Republic,DOM,97686450823.9666,5.23795652902595,8698.13592094395,8.81109209279587,3.56897046352612,22.0261866198241,32.3520110514603,81.51269675,10.6744492390257,90.3760163850377,183.336191561478,6.01879055876862,98.1,..,..,..,44.8209283285911,12.8281909827094,960.933551504942,28.3551624425923,11230734,5644520,5586214,0.959629735113671,72.4203155643711,74.211,5.504,5169749,15,55.1665311527454,193.291383213147,48.8468,..,..,..,3.0065,21735
2022,YR2022,Early-demographic dividend,EAR,12759397250798.7,6.02429179462496,3676.37654127034,7.19861615609867,1.99785530283531,28.5556375204316,29.674717948967,..,5.98967585553685,96.3653995383414,1396.51397127085,11.5219673106217,95.1445282423272,..,..,..,22.6401432355622,41.1051855035198,933.184042426177,37.3148175968035,3470644834,1709767556,1760877278,1.11896236573035,46.6969243405166,71.4304552508694,5.64296814018676,1392418772,10,34.193359375,135.407587002589,12620.4611,..,..,..,782.905,70702967.602
2022,YR2022,East Asia & Pacific,EAS,29415490830816.5,3.05155877820648,12361.4385727479,5.51812928576938,2.26590867485264,30.805786954412,28.3472562815177,82.4,31.12,128.7,4752.05230054157,35.0490318752358,98.2159746947416,2.71717559947169,..,..,27.2266635835251,27.3142726727188,2324.73240211175,55.0092641083292,2379617118,1178207148,1201409970,0.189259906183258,63.6828244393002,76.6767167147452,4.10032254258298,1269404835,9,59.3321418762207,192.282400564125,20509.117,..,..,..,659.6402,143318114.534
2022,YR2022,East Asia & Pacific (excluding high income),EAP,19629009807090.5,3.54917734794495,9200.1190748992,5.66964369895446,1.29377820119178,24.3981219106529,21.8711168818847,81.6,30.38,125.5,1660.44466644415,30.1036197644287,98.029656910797,2.41879972397241,..,..,30.5606213877676,28.7236250169824,2128.39580071466,59.84669459279,2133560408,1053171937,1080388471,0.234938160938111,60.8593968560328,75.9325409436903,4.23491194246921,1133872291,9,57.4992599487305,273.313211381825,17889.3438,..,..,..,569.5018,133770992.633
2022,YR2022,East Asia & Pacific (IDA & IBRD countries),TEA,19604701667996.6,3.5491103392587,9303.40405088781,5.82115811213955,1.29405590912256,24.396150328949,21.8576172698192,82.3,30.76,126.8,1681.1409660311,30.1036197644287,98.5710601814202,2.41879972397241,..,..,30.4169737472988,28.8218134257439,2147.11216612442,59.9119515464079,2107261123,1039859504,1067401619,0.23329577316355,60.8301827838521,75.9610347461336,4.24711639501186,1116358047,9,57.9160804748535,284.631178047862,17806.2373,..,..,..,567.8817,132980850.45
2022,YR2022,Ecuador,ECU,108859360917.986,5.86842354862311,6107.49495006543,3.46616972213077,0.759637557255968,30.9252456928287,30.9555471259573,69.71811356,15.1128846850944,98.1309025742238,837.022341410523,6.71157923405729,100,..,..,..,49.8038734095668,19.8012550282051,907.425347450976,..,17823897,8935072,8888825,0.796723652034201,63.0901835932266,76.577,3.713,8739737,15,59.879782344866,100.580597129002,70.8565,..,..,..,3.8913,1814015.19
2022,YR2022,"Egypt, Arab Rep.",EGY,453827104224.859,6.58784560870467,4029.78295458204,13.8956609775178,2.39118080969079,15.0870258208479,21.8960790564233,72.19806556,10.6832498285136,90.6794715776528,48.1804680857676,3.40204987508041,100,1.01968,..,..,0.0451855944547692,42.2068092839445,902.48842991302,..,112618250,55751050,56867200,1.48609697540294,42.6325129008032,71.01,6.546,32394044,12,36.462230682373,134.878632771967,350.4004,..,..,..,19.2784,1992355
2022,YR2022,El Salvador,SLV,27356820681.7757,2.9546041089332,4355.96037108555,7.19861615609867,0.0823187826775637,32.4334933265056,56.2676438832499,60.05609894,9.73832698625659,183.248955984561,173.398835313939,7.8500188873406,100,0.14333,..,..,27.7451737451737,29.793836814941,768.672020235867,..,6280319,3296919,2983400,0.39146192798287,74.1465021298679,71.969,2.999,2806629,15,31.4538910186841,92.0363102464918,13.6027,..,..,..,0.9604,73033.984
2022,YR2022,Equatorial Guinea,GNQ,9963221065.40967,3.22350831658598,5524.24312418579,4.78671704710803,10.1419330984832,52.9670852025114,28.8459309342984,63.65950012,0.10069058437688,49.5380486763568,36.5945956435797,..,67,..,..,4.2,86.6916221033868,43.625828851518,1278.54521201331,..,1803545,850861,952684,2.5130374213272,70.8910029445467,63.355,8.334,687104,6,..,4827.37580993521,9.1255,..,5.9,..,0.0486,6629.139
2022,YR2022,Eritrea,ERI,..,..,..,..,..,..,..,..,0.165393390775689,59.1248082166991,0.879908090666903,..,55.4,..,..,..,8.65617743125414,33.1651240199448,290.500531064104,..,3409447,1727642,1681805,1.75351368458045,34.8469276428223,67.789,6.033,1624123,8,..,38.0622396054757,6.495,..,..,..,1.2668,1677.252
2022,YR2022,Estonia,EST,28357067289.1155,-1.22616966587796,21023.2994937246,19.3982634080616,4.52988372813183,87.4299380839503,88.2571814212899,91.52016546,39.7219150412824,152.270772859015,104101.301859375,18.0186438315616,100,1.76094,..,..,57.0652937046572,6.63187069919039,3559.04893160478,65.9691136974038,1348840,708704,640136,1.33655151148286,70.4892333736738,77.8439024390244,5.571,735699,9,71.4251937866211,-58.9026679061935,18.744,..,4.12,..,1.7023,74739.547
2022,YR2022,Eswatini,SWZ,4504690089.10423,0.386070835562705,3695.64957179548,..,0.281255609924273,44.4953937213873,48.076193408446,57.34370041,2.18530055779024,121.491701239707,109.933654219278,0.31591177017993,82.3,..,..,64.7,29.0686046511628,18.4190593206,965.755573282102,2.70700636942675,1218917,620583,598334,1.01620740015869,25.396682918542,63.028,36.472,406038,7,..,-5.35431604432443,3.0492,..,3.89,..,0.491,90
2022,YR2022,Ethiopia,ETH,101708941223.239,5.32175988485454,811.177729337321,33.8898797100898,2.98033315911234,8.24396037766464,18.351539318761,17.9836998,0.45157652011053,56.9642988837987,9.00431806100233,3.21026574936058,55,..,..,..,14.9955852855138,23.5261339843168,378.635522850201,..,125384287,62543054,62841233,2.62269500936104,22.7367687225342,66.897,3.386,51764455,8,..,170.2529958458,180.4636,..,..,..,38.7981,101827
2022,YR2022,Euro area,EMU,13311881465201.9,3.66468497532753,37533.5524037551,8.54686993188458,0.591560842890751,54.0431290782421,52.0762383047028,..,40.8890630672494,123.504922574754,67175.8027108167,19.7793499145552,100,2.25107966461214,..,..,38.7163291580006,11.7998651193297,2945.54432313083,13.2431357190704,354666175,181115539,173550636,0.268431756081216,77.0874793664882,81.4869473735593,6.72976967374639,173151313,11,81.6640472412109,-26.17570386735,2708.9996,..,2.59083399184995,..,157.1831,3834813.556
2022,YR2022,Europe & Central Asia,ECS,23558792720238.9,3.42810235027954,25489.1529254156,11.1136121878761,1.14936826203847,49.7309357759042,46.5739981216982,87.9,31.57,126.6,41198.6453373625,19.9529011514084,99.997731634024,2.05658823763358,..,..,38.5708431486841,15.1790106241243,3039.02830641094,17.6526590814817,924267385,475509139,448758246,-0.0117486154637433,73.729597001213,77.8345651348625,5.8460641099346,422936981,11,81.0477066040039,-25.6794438394634,8182.6832,..,2.57914863964942,..,437.3547,19570317.113
2022,YR2022,Europe & Central Asia (excluding high income),ECA,1997257716557.03,3.11188050867233,7972.62807689424,13.8875841659221,1.83172337638127,40.7516157291301,43.0236147834688,82,20.13,110,6110.30716599624,8.30282546039937,99.9915875475848,0.813950450351486,..,..,11.2417861119275,24.2649121461778,1871.98540065301,29.5745917703123,250514347,128086308,122428039,-0.538786451184916,68.1628939259503,74.5731684190474,7.71538545377934,87933796,10,79.0034332275391,-22.1875662450136,1712.0024,..,..,..,106.3207,1520892.674
2022,YR2022,Europe & Central Asia (IDA & IBRD countries),TEC,4475185582903.49,1.97113681599863,9708.77674684136,13.8522590144267,1.05350737923792,38.8377719365244,34.3467780045458,85.2,22.66,131.1,14452.6508462836,..,99.9954427619778,0.928838565644767,..,..,39.330889070587,19.2681527791511,3159.78342920351,26.9468708287514,460942269,239447337,221494932,-0.467968565667359,68.9112783282391,74.1883654842503,5.62584537984402,193135029,10,81.2411270141602,-22.6612344901553,4751.7755,..,..,..,231.6455,7203889.552
2022,YR2022,European Union,EUU,15475977359466.4,3.56455510630462,34606.1111714906,8.83369886749452,1.34042932158714,55.2993920196832,53.4328869564855,..,38.6802657254509,123.687099666304,64829.0605427064,19.1226868783818,100,2.22738255907949,..,..,40.0153344075102,12.2137877282298,2922.75168024871,17.0674108527132,447203596,228496741,218706855,0.218330107204789,74.7659682006806,80.7133261894067,6.16137258045926,218967280,11,79.6330184936523,-28.3941762860811,3483.1059,..,2.65524102760722,..,215.2268,4771840.236
2022,YR2022,Faroe Islands,FRO,3114769889.92582,3.86099981669155,57784.7223702914,..,..,61.3744038777265,61.4889375342037,..,34.5873988631945,105.80437318324,7105.35591711037,..,100,..,..,7.9,0.0583941605839416,..,..,..,53903,26000,27903,1.14186736137659,38.9959824546757,82.8162292682927,..,..,..,..,6.21531631520531,0.0957,..,..,..,0.0526,715322.1
2022,YR2022,Fiji,FJI,4865137073.66065,17.7451269773594,5291.51692439451,6.07882431529725,2.08084502833913,49.9803801684568,69.2333664893277,72.56549835,2.53376577893503,111.749120643187,253.420083487234,2.24124587754453,92,..,..,28.4,63.1297208538588,7.3625428766382,..,..,919422,463155,456267,0.295294727557318,58.1352701465266,67.148,5.403,379661,..,68.7794855157684,18.5505069470522,2.5256,..,2.15,..,0.1855,32835
2022,YR2022,Finland,FIN,255670602724.759,0.763041912763526,46016.1492103929,7.12350773301412,4.66691154081507,46.2847802806846,48.2777537715821,92.98879471,34.2951599474189,128.023293416281,131286.012181913,9.62392843667484,100,2.982,..,..,73.7264996576714,5.11856750896099,5683.95102157914,8.58061119884742,5556106,2809620,2746486,0.271944526506117,73.6967597835949,81.1878048780488,6.719,2846126,12,104.944221496582,-25.9432070065046,54.0916,..,4.82,..,6.4836,142249.6
2022,YR2022,France,FRA,2650215998256.03,2.71676264185913,38868.3303330557,5.22236748369725,4.0180319137717,36.6160484268785,39.3469593713211,85.33331734,48.250226559098,115.950519429629,47329.437557888,21.9264611257156,100,2.21937,..,..,32.32173671027,10.3836622746905,3100.1897815932,1.23862081778108,68184457,35143350,33041107,0.502320929337976,78.7591921123356,82.1292682926829,7.303,31586796,13,71.5107269287109,-21.4200414390657,417.181,..,2.83,..,31.8015,733548.74
2022,YR2022,French Polynesia,PYF,5652560509.1391,2.9373470716322,20160.4994298379,..,-0.168607958150952,21.8171217385989,47.7092805835453,..,27.914458338386,116.866159256432,2022.26993558696,9.98209639170277,100,..,..,7,43.0596369922213,..,..,..,280378,138442,141936,0.209222276724143,61.6913806937112,83.859,11.793,120561,..,..,9.70801364023872,1.0295,..,2.58,..,0.0321,13121.518
2022,YR2022,Gabon,GAB,15866657481.1283,3.03761449525692,6527.48207901861,4.23124798274579,5.40389729404727,67.5787331931406,24.4843556565515,67.67169952,3.3054859267542,123.233187164275,28.3863355585752,3.90758494231998,93.5,..,..,..,91.228470524314,32.1853662714696,2092.38401880367,..,2430747,1195005,1235742,2.24763901253797,91.2243355459988,67.713,20.319,792686,10,..,-2.3795301651962,19.9382,..,..,..,0.467,31079.414
2022,YR2022,"Gambia, The",GMB,1873704900.09444,5.49299823010114,710.686979216316,11.5131198380505,10.4995860985808,8.56985063226593,36.1520709046807,48.22539902,0.215818879031432,106.782250509204,49.6876505327199,3.21248823002167,65.4,..,..,47.7,22.8459584980237,36.1413467657693,..,..,2636470,1323973,1312497,2.31992109797091,63.2869880996278,64.859,6.067,738066,9,..,95.9965468868026,1.8163,..,3.16,..,0.2169,54003.5
2022,YR2022,Georgia,GEO,21296041913.2144,10.9585321385624,5736.30449578597,11.8981654203198,9.03652531888906,52.4788792204227,62.2165584682954,78.71127536,28.3337075311796,154.013561773213,4942.75827999554,2.94920090255456,100,0.2347,..,..,40.6159159591308,19.351565028902,1543.58379982411,..,3712502,1982788,1729714,0.104889950638883,60.0101622679115,74.141,11.621,1863170,9,79.3253367493498,-51.7231918000176,19.7064,..,3.64,..,1.4583,201532.577
2022,YR2022,Germany,DEU,3727790994177.62,1.8092581243061,44817.1316331389,6.87257438551097,1.82269397984058,45.6284043425185,43.1573498705316,91.62984383,44.6186317766404,124.158264349285,126884.076646738,17.4981505573659,100,3.07096,..,..,32.685482024273,9.64877683820048,3261.8564081995,32.7317259378633,83177813,42114694,41063119,-0.0219565701848977,81.7867852780995,80.6080487804878,3.137,43561312,13,77.3656997680664,-38.6235831046584,758.3872,..,2.47,..,31.9266,205829.2
2022,YR2022,Ghana,GHA,68526223982.9084,3.80484978178042,2067.20895855521,31.2558951049016,1.93240124333448,34.6640435523209,35.4514122414706,69.91329956,0.62494509663475,120.803416027053,49.1415285676086,1.95740716852014,85.1,..,..,..,35.1604431005612,30.0880306483719,361.562855486466,..,33149152,16588340,16560812,1.92029034344132,57.250609602871,65.246,2.87,12434883,11,20.44559258931,347.96772807562,46.9179,..,..,..,3.379,536976.73
2022,YR2022,Gibraltar,GIB,..,..,..,..,..,..,..,..,60.9747666781887,97.6042968438406,16804.488287378,..,100,..,..,..,0,..,3156.32988443902,..,37609,18895,18714,2.01706920456894,100,83.517,..,..,13,..,317.416086130462,0.6591,..,..,..,0.0085,25.902
2022,YR2022,Greece,GRC,214502162962.972,5.52198580589408,20550.5049158297,9.64525981280632,3.69648293387112,49.2316205589503,58.8902226709721,83.17066333,42.923040428409,109.026956114201,13067.0193589553,14.4708651762207,100,1.47714,..,..,30.2699767261443,16.3030538124793,1957.62559519573,10.9284222517562,10437805,5382617,5055188,-1.25977874589147,78.5502190980809,80.7878048780488,12.426,4660376,10,166.389556884766,-24.0802046114905,74.6243,..,2.58,..,3.6044,207492.389
2022,YR2022,Greenland,GRL,2814880887.77734,2.00455580865604,49679.3365414895,..,..,40.7900871498763,52.5750457267869,..,31.9842829076621,118.637256652974,4606.3429872399,..,100,..,..,11.7,0.000535997076379583,1.77327801063675,..,..,56661,26802,29859,0.0141200557976914,87.8049405256832,71.230243902439,..,..,..,..,972.831423895253,0.6555,..,..,..,0.0075,399201
2022,YR2022,Grenada,GRD,1099706286.21882,7.31023806981959,9406.19337643226,2.5805392590792,13.3138087097027,..,..,68.42030334,29.767433903843,95.759239776586,718.482974519515,2.17718748959197,94.2,..,..,10,52.0588235294118,10.9880658520089,..,..,116913,58178,58735,0.192636221230939,36.3688840183487,75.151,..,..,12,..,146.659482758621,0.2289,..,2.67,..,0.0087,1979.192
2022,YR2022,Guam,GUM,5719850773.43039,5.09986426216793,34627.9862781837,..,..,7.88712011577424,63.9797395079595,..,1.8392057149776,..,1132.09831698753,..,100,..,..,6.7,51.8518518518518,3.72498157414215,..,..,165180,81362,83818,0.881705873116992,94.1068261842046,77.102,5.383,76032,0,..,44.2622950819672,0.0176,..,..,..,0.0054,117.974
2022,YR2022,Guatemala,GTM,78243366193.0214,4.15492196609047,4383.90326160481,6.88512823344287,1.51665826758099,18.9517853338562,35.4973111273629,54.40430069,5.02439029583182,115.156435692604,129.259070980823,4.97162403170951,99.1,0.00549,..,..,32.7043673012318,28.3120937251037,887.900483971214,9.57246975730708,17847877,8996408,8851469,1.40623710213146,55.2581228215265,71.206,3.051,7234412,16,..,217.188467625404,41.4873,..,..,..,4.4543,59097.759
2022,YR2022,Guinea,GIN,13879482945.938,3.97240784200721,987.502501465337,10.4930409984424,3.30630355394451,45.4186514317354,48.7466212613867,31.31399918,0.00627528568380372,95.3174629318803,7.61287492252833,..,47.7,..,..,66.6,24.8616311248576,27.6046011191563,..,..,14055137,7111822,6943315,2.48250409145397,37.2384967469106,60.432,5.174,4337819,6,..,315.163025356278,28.6367,..,4.95,..,4.2391,382448.2
2022,YR2022,Guinea-Bissau,GNB,1583672069.18832,5.45776090019501,752.149255217249,9.39075933985203,1.16676746385654,14.7515086024106,31.2419637659019,27.67379951,0.219184822436547,125.934670099533,5.22434029642907,..,37.4,..,..,87.4,69.8125889046942,31.6464547644496,..,..,2105529,1065850,1039679,2.24235388639993,45.1627159118652,63.605,2.666,823140,9,..,90.4686932299867,3.1454,..,6.95,..,0.5365,63850
2022,YR2022,Guyana,GUY,14268000638.322,63.3346343654855,17365.3336428642,6.93346066500816,-20.3619575428882,..,..,76.56240082,12.9356394612219,112.56503784518,87.6299387685803,0.123954109320186,93,..,..,12.1,87.1314345931609,17.5047665611304,..,..,821637,421266,400371,0.751934221097092,26.4536735068183,69.888,11.907,313338,6,..,215.200064732775,7.7908,..,2.06,..,0.3737,38551.856
2022,YR2022,Haiti,HTI,14456828250.6294,-1.68198396897978,1256.72143592448,33.98393194707,0.195958763168676,3.91430894905528,25.8602985263172,47.77470016,0.306790757611135,65.1889329311174,6.78048257216042,..,49.3,..,..,..,12.3759071117562,14.6394225854133,370.317251693,..,11503606,5805291,5698315,1.12789828650149,53.8524949966907,63.948,14.54,5073825,6,..,85.989238410596,13.4805,..,..,..,1.4051,17003
2022,YR2022,Heavily indebted poor countries (HIPC),HPC,878462505043.296,4.89961676353468,983.847120090035,9.65914753785069,2.73739794277816,23.8953638059978,32.4537549702447,..,0.684833455807485,76.7140221946963,29.4416357493279,2.82225730476539,48.6044269308349,..,..,..,26.7432492486393,31.5666377591161,405.173582062992,1.85005170630817,892885172,447967003,444918168,2.59787593290291,36.9406309816039,63.8422370507134,4.43373072825994,338032264,8,..,162.908089891103,1347.8722,..,..,..,230.7336,6297934.081
2022,YR2022,High income,HIC,57408886999170.5,3.1058606935064,41064.1952230136,7.53107834634288,1.98138442181436,33.69537847418,32.7455730607901,91,36.18,131.3,76334.1603797993,23.261016471656,99.9798001329497,2.84261638625838,..,..,36.1955649171786,13.9685839173896,4561.92669801922,18.9535377767279,1398027812,704402723,693625089,0.445759077082637,79.9047258563531,79.4268609745508,4.50967974234969,714853725,11,80.0000076293945,-3.50922349223678,17837.9516,..,3.46656858421855,..,714.8048,39529721.664
2022,YR2022,Honduras,HND,25973672631.7766,4.14356194013767,2482.22384904714,9.08963911525032,2.41292398026651,42.4391817948962,70.2593431190701,56.88069916,4.40980164894983,75.8551423411907,128.441938127684,..,94.4,..,..,..,56.4604522298686,29.6637651594529,573.344445082903,..,10463872,5194476,5269396,1.67679658023776,57.8364689017254,72.715,8.774,4209927,12,..,157.988729448673,22.2038,..,..,..,1.7977,93386
2022,YR2022,"Hong Kong SAR, China",HKG,317946603546.339,-3.68528359281325,43281.0067309646,1.88136707196853,34.1279470162123,194.488098993137,190.397810975171,95.61357052,39.9517808600821,292.80765987826,126913.87266713,72.6367726437239,100,1.07293,..,..,..,..,1565.08910052522,34.9207220058155,7346100,4032283,3313817,-0.907914524343304,100,83.6609756097561,4.318,3786090,9,100.776315789474,-4.08863204350064,37.6408,..,..,..,0.4794,80561.198
2022,YR2022,Hungary,HUN,158366514062.482,4.15238057779229,16487.7973935944,14.6081439492433,-1.05246677407293,89.810135261602,95.1598173197492,89.14282688,36.5338104764554,105.793848314995,51406.6835924429,18.4048917258431,100,1.39056,..,..,22.4643754109139,13.9643061911554,2672.86765529203,8.55842015586157,9605074,4997943,4607131,-0.268850150860009,70.1585064243445,75.8682926829268,3.583,4912669,13,60.2746810913086,-32.0079726970386,65.5641,..,3.12,..,4.8879,23153.924
2022,YR2022,IBRD only,IBD,34253062851654.7,3.76945565506477,6950.42582854395,9.10437983075437,1.59225550818769,27.2978154127177,25.4818544103534,74.4,18.89,112.2,2919.28489131003,21.7721507242456,98.9686574577803,1.83450349802395,..,..,33.7585763697967,33.5933124176626,1713.17307933281,48.9103587007291,4928196300,2439975048,2488221252,0.467464056138187,57.7552337954716,74.2512821129351,5.56994264084484,2264999421,10,50.1821708679199,112.945065745711,32331.105,..,..,..,1444.5169,175150482.435
2022,YR2022,Iceland,ISL,22013401666.7718,8.85729897856851,57626.2533717585,8.30875511558912,4.73857488658574,46.7254010467249,46.2910284667054,97.58339691,37.4212579793667,120.114839781678,85331.790588032,33.3116292542581,100,2.60089,..,..,0.522265198849549,4.87771243846275,15806.7848368996,..,382003,186312,195691,2.51377343254216,94.1787071228028,82.119512195122,3.789,232189,10,84.985237121582,-2.53092853582272,4.3017,..,11.93,..,0.2709,1714386.542
2022,YR2022,IDA & IBRD total,IBT,36963029333610.1,3.8271063174832,5440.77771363889,9.08963911525032,1.58334320350732,26.7156510846024,25.6284559222275,63,14.29,105.2,2168.86316299487,21.0830211149594,89.9534822341794,1.81332330587806,..,..,31.6442375411496,36.0085013196027,1380.78209986688,47.2120930397945,6793703268,3373424964,3420278303,0.916716913217627,52.8163796983223,71.6790095761174,5.38688118322023,2982880327,9,37.5708808898926,112.530934374711,35507.9315,..,..,..,1855.8942,194442371.911
2022,YR2022,IDA blend,IDB,1332099589691.57,4.82256296455954,2043.42372895199,6.64110132423665,0.70512596762858,..,20.3666324563027,36.5,2.25,95.5,352.580823565487,2.23871050864284,76.9975316257502,..,..,..,30.3877356692002,53.8591457988334,457.896942536769,9.23322445834965,651895919,322505525,329390394,1.96732800737651,47.6330129185198,62.1288641416852,4.7445653467311,258601611,9.5,10.9789304733276,78.2995627410512,1338.5344,..,..,..,131.4312,3107166.523
2022,YR2022,IDA only,IDX,1377866892263.83,4.31005230149408,1135.34471641403,9.57337118555953,2.19416768879588,22.5480694627667,33.8689231812892,30.7,2,81.8,94.1730937309003,3.04090279701422,60.2610028883008,..,..,..,24.6109131798321,36.2278059103125,377.607118916648,7.75705933259723,1213611049,610944391,602666657,2.19184341656057,35.5450909648779,66.3634983426878,4.84575036237372,459279296,9,12.5317802429199,137.621425548543,1838.2921,..,..,..,279.9461,16184722.953
2022,YR2022,IDA total,IDA,2709966481955.4,4.56135207487173,1452.67025448891,8.6807215073403,1.47126059582121,20.364445509622,27.4955193746245,32.8,2.09,86.6,184.558580157146,2.74019254983447,66.1150819903058,..,..,..,25.7324563147521,42.3948707778787,408.03052359512,8.36952988801229,1865506968,933449916,932057051,2.11332985849227,39.7691797117658,64.8837178854478,4.80930057278539,717880906,9,12.0069704055786,108.406085921266,3176.8265,..,..,..,411.3773,19291889.476
2022,YR2022,India,IND,2990839011962.06,7.6093649776932,2098.21124476122,6.69903414079858,1.53665241748393,24.0401716365956,26.6577666392086,55.9,2.35231555917724,80.1818007717416,729.692060044831,12.6822794807287,99.2,..,..,..,24.4494970049005,50.6577446303517,727.902200094024,71.739704380177,1425423212,689891756,735531456,0.790200540609834,34.7555673994206,71.698,4.822,569155867,8,32.6703053423023,192.654525983993,3961.5256,..,..,..,267.2098,15774325.001
2022,YR2022,Indonesia,IDN,1122268412650.2,5.30719722664799,4024.91225288391,4.20946463714784,1.87264100861425,24.5029116862832,20.9617585096621,66.48461277,4.82151507878823,122.873012230307,2496.40884911853,8.30819306709832,100,..,..,..,48.0419900717626,19.7659265420197,958.649355730549,67.7304973462953,278830529,138760035,140070494,0.746050469653246,57.4934704226599,70.925,3.462,139637843,9,42.3260385456152,249.454105164073,1181.2992,..,..,..,62.7599,22267596.616
2022,YR2022,"Iran, Islamic Rep.",IRN,489278157562.545,4.35281087521344,5465.31447539413,43.4884641742179,0.354893288694741,25.5666185174995,23.3517323048057,81.71649933,12.2102486068411,162.712943709127,6554.61538318904,0.814007923197325,100,..,..,..,6.64160246533128,43.8957340729139,3288.17306422824,0.188172771887964,89524246,43995100,45529146,1.20100285857304,76.3342208862305,76.799,9.085,27880537,9,58.6838607788086,198.796650725647,989.8646,..,..,..,29.4104,1351935.998
2022,YR2022,Iraq,IRQ,194483223959.197,7.95904804990212,4412.99733146512,4.9947659638103,-0.726653366772653,44.5259462145341,24.2328478795559,78.71560926,14.4912960130678,99.1323661916548,30.7688460713822,..,100,..,..,..,1.90035242899592,59.5284377287451,1415.17378116176,..,44070551,21971026,22099525,2.29369659225826,69.8682861328125,72.037,15.41,11408828,6,..,132.454975651969,399.1675,..,..,..,6.5218,65585
2022,YR2022,Ireland,IRL,509781668505.942,7.51113888415304,97793.5366671697,7.82945736434105,-6.48790793588936,139.505980538698,98.24943902068,95.03690338,31.5362809040128,110.608851322579,134764.070843587,46.7867801497714,100,1.53215,..,..,11.4678472927856,8.10103504227002,2600.15740643769,7.67513584961081,5212836,2631855,2580981,1.98101664069715,63.8920250215059,82.509756097561,4.465,2705770,10,77.5933380126953,8.321346179943,63.8576,..,0.97,..,8.5458,257552.766
2022,YR2022,Isle of Man,IMN,7243812927.38562,-4.16847722466753,86100.5672917037,..,..,..,..,..,..,..,28990.1583226359,..,100,..,..,2.7,6.07017543859649,..,..,..,84132,42457,41675,0.0309085940239317,52.1955609162662,80.956,..,..,..,..,..,..,..,..,..,..,3049
2022,YR2022,Israel,ISR,406569119633.763,6.36407234798706,42539.2748766689,4.41162725488371,4.35745092445992,31.3653023276254,29.2705404990247,91.85079615,29.1676695245416,151.1379631075,13050.1700235417,29.1090540410523,100,6.17831,..,..,6.46950092421442,23.0791533108637,2501.42064264807,22.0235901216366,9557500,4802918,4754582,1.96636884788361,91.4979834273327,82.7,3.695,4467037,15,58.9500617980957,95.2496458163397,81.8631,..,2.3,..,2.5853,15920
2022,YR2022,Italy,ITA,2000084512919.56,4.82117669913565,33891.8866526216,8.20128991161718,2.94181405797187,35.0991400412578,36.9173622620119,85.06074504,31.19136706407,131.673965640047,28070.9043211973,9.15916231271025,100,1.36563,..,..,32.7125321249831,16.2350417959884,2411.65172417311,8.52088843186212,59013667,30199743,28813924,-0.20230086688254,69.4839779766539,82.7,8.069,25351560,12,73.8962097167969,-19.1400431466584,408.0605,..,2.3,..,13.5273,274267.039
2022,YR2022,Jamaica,JAM,16936803585.1513,6.43930323656186,5965.46127464873,10.3495688391272,1.69418617103882,..,..,85.84329987,14.9601781381994,105.762018411183,182.449357975502,1.47098475516758,100,..,..,..,55.8320498614958,20.7985769822432,962.771870452418,..,2839144,1434156,1404988,0.0515076570013975,57.9879906034775,71.481,4.083,1544707,6,..,-4.38796579570391,8.8444,..,..,..,0.3283,13492.69
2022,YR2022,Japan,JPN,4685724442189.07,1.33164750653741,37448.3504824849,2.49770278172255,1.08260095152642,20.647867347033,24.212763673007,84.92343147,36.8414210393741,168.602943650636,28934.0684777203,18.2592615351902,100,3.40053,..,..,68.4087791495199,12.4368126972419,3129.65861717499,30.2823385370043,125124989,64036315,61088674,-0.443851919148528,91.9776532428406,83.9963414634146,2.614,68931266,9,63.3752288818359,-11.8486565675149,1142.3046,..,3.15,..,17.2221,3924430.931
2022,YR2022,Jordan,JOR,48510152310.9303,2.7468615450031,4309.61432856804,4.22915568897117,1.79856207883079,..,..,90.4999984,7.0736531298176,67.7457074341635,154.58060992356,1.44968826668558,100,..,..,..,1.09804716534901,33.3041989417809,757.518049657458,..,11256263,5443973,5812290,1.70151702842564,92.4048379066163,77.088,18.2,2957476,10,32.5119829829151,175.048882508725,33.3384,..,..,..,1.1141,3257
2022,YR2022,Kazakhstan,KAZ,221549683201.099,3.19999999970734,11058.3482413407,15.0278644440851,2.25355434978679,41.5690089041544,26.7653058374068,92.29685266,14.4739535470844,125.641583521795,4944.14440531382,32.2666497110269,100,0.11715,..,..,1.3013145534689,18.9935714383546,3506.54555005386,62.0825701000423,20034609,10286157,9748452,1.46316879039749,61.444157327248,73.503,4.86,9896969,9,57.2459264222925,-5.64928817455566,322.9322,..,..,..,10.5664,65104.232
2022,YR2022,Kenya,KEN,94807911027.625,4.85998104287999,1747.53198804428,7.65986268272224,0.691645983068062,15.9570283629469,24.3182954744092,29.40589905,1.47646942688922,121.168999135357,280.15318973272,2.26073811025712,76,0.40651,..,..,6.21662477880402,20.77459729359,541.12804988998,..,54252461,27271918,26980543,1.92297608206469,31.4307820066946,63.549,5.565,22679572,12,..,173.429837380193,105.1551,..,..,..,16.4837,179487.459
2022,YR2022,Kiribati,KIR,255739431.180182,5.08982035928143,1960.15475844976,5.34595440908904,1.5744619490777,7.57185988301685,99.6479117902987,84.99849701,0.0689819037472503,49.1120496056535,53.6525918034169,..,94.4,..,..,41.9,1.45679012345679,3.727212239088,..,..,130469,67337,63132,1.61644031663411,60.5739126559419,66.269,..,..,9,..,232.02416918429,0.1099,..,6.82,..,0.0069,211417.283
2022,YR2022,"Korea, Dem. People's Rep.",PRK,..,..,..,..,..,..,..,..,..,24.1311041179361,3.19041720212186,..,54.7,..,..,..,49.7300888630512,20.8382520100041,640.523349670569,34.7583713134205,26328845,13326404,13002441,0.366471008261931,63.2274365906829,73.641,3.457,17514243,12,..,-48.7325381487346,84.5706,..,..,..,1.6485,899020
2022,YR2022,"Korea, Rep.",KOR,1850343736945.76,2.72756456708991,35809.0138105144,5.08951365062842,1.39186469730544,45.294860984133,45.2902865437219,97.16855335,45.4542124182774,148.68360770138,8821.91477648421,36.118278931217,100,4.84753,..,..,64.2110655737705,23.4407513786108,5411.97477731382,34.7264030316269,51672569,25886778,25785791,-0.187486566698935,81.1624941626873,82.6804878048781,2.857,29201402,9,102.813056945801,123.145026960319,694.8783,..,5.11,..,14.0622,3601215.807
2022,YR2022,Kosovo,XKX,8250624054.13531,4.27849895827543,4666.38918595784,11.5805104542012,8.15747473082072,38.6256570148792,71.3863746043466,..,..,34.5402009143477,..,..,..,..,..,..,..,..,..,..,1768096,898350,869746,-1.01194530149251,47.8001996538455,77.623,..,..,..,..,..,..,..,..,..,..,..
2022,YR2022,Kuwait,KWT,121991940635.833,6.75866711966617,26579.8321646876,3.98064961990313,0.409943823254394,60.4485945316523,30.4702156706902,99.74729919,1.36328249349441,168.350157565806,388.48337441496,0.716354808280746,100,0.0801,..,..,0.350729517396184,74.5017071155815,9132.60590930826,..,4589643,1787462,2802181,5.11318110910574,100,80.5878048780488,2.133,2756750,9,..,215.741500823857,159.6228,..,..,..,1.0116,2346.36
2022,YR2022,Kyrgyz Republic,KGZ,8455209116.53133,8.96750520041391,1212.17812721768,13.9229093174176,0.451992680624909,46.3372718307792,87.4494462179864,84.1937027,5.60484304582026,106.925973017004,639.836449603023,10.5540520111457,99.7,0.06922,..,..,7.04827945776851,18.6929404908521,643.202841236686,12.944820631033,6975220,3526047,3449173,1.7936545985598,34.7003053497743,72.0487804878049,4.767,2769026,10,54.2184527097527,-34.2065435321408,21.9535,..,4.69,..,1.7759,20729.3
2022,YR2022,Lao PDR,LAO,19570648221.6862,2.70742652643155,2589.05015191628,22.9562225132056,4.69509225789707,..,..,64.54000092,2.38186047453058,63.3546046458219,273.977785706509,9.51767783297326,100,..,..,49.2,71.6052859618717,25.3425878362043,847.107470128767,23.8649501303078,7559007,3759858,3799149,1.40971670105791,38.0682382805397,68.715,1.209,3446569,9,13.677811550152,468.541682049768,38.4988,..,4.51,..,2.8122,215600
2022,YR2022,Late-demographic dividend,LTE,25426877621854.7,3.28975241103197,10941.9407766362,9.10437983075437,1.40032574782697,31.1021959537098,26.5511257745219,..,34.579321506941,126.745828074436,4410.0498128926,25.6238921041828,99.4771148328134,2.02080468716553,..,..,39.5523821398128,27.0187396901033,2565.67967523815,49.699558355077,2323799602,1155304629,1168494973,0.158139633101719,66.577578734994,76.9543673255695,5.19342173354142,1232980155,10,65.5056533813477,122.83999581764,22476.0266,..,..,..,838.9576,120249748.658
2022,YR2022,Latin America & Caribbean,LCN,5621010578604.13,4.09058657203177,8606.55427761644,8.08552554700602,3.44927971631957,28.0788486355739,29.9879733405978,77.1,17.57,109.9,2921.88369646863,12.744693638487,98.5788786246178,0.657401382768952,..,..,46.2293001117069,18.2118908005279,1302.20665203935,4.49776121394533,653108131,331499844,321608287,0.594627801259553,80.8277330006255,74.6472096226697,6.93153207639263,313902849,13,58.2350807189941,67.9970626638082,3433.6797,..,3.26499555900672,..,323.6806,17904432.078
2022,YR2022,Latin America & Caribbean (excluding high income),LAC,4965555613268.88,3.97595959337909,8089.0443057316,8.81109209279587,3.24177893213678,26.4020890180094,28.4604196009392,76.6,17.6,110.4,2468.49356602537,13.4561363277774,98.5332606972821,0.692892011042687,..,..,46.8557724299434,18.0073914499922,1257.50266253576,3.50719146083912,613861839,311600846,302260993,0.611085431754646,80.7043500381091,74.4013120327618,6.83824311969363,295239979,14,56.1285705566406,66.5461223240013,3165.6071,..,3.33567008705263,..,306.9126,13285523.072
2022,YR2022,Latin America & the Caribbean (IDA & IBRD countries),TLA,5408395547988.17,4.12386672781881,8479.2645101924,8.27477490232654,3.50346587415081,27.9929767982501,29.9799658255392,77.3,17.79,110.6,2785.29425227007,12.7958329396666,98.5448799242171,0.657401382768952,..,..,46.303758906254,18.4347237522606,1310.7928398059,4.54839326635041,637837815,323684775,314153040,0.625181508078684,80.8195255101746,74.5684293540859,7.01556949606688,307429845,14,58.2713890075684,72.2995118408185,3379.4635,..,3.30433368502657,..,320.374,17848530.323
2022,YR2022,Latvia,LVA,30862052747.7596,1.90853419029801,16421.3748596,17.3102830198815,3.20337891789771,77.5014838423287,82.3912943483203,91.03009059,25.989241189689,115.202627450543,22271.1389855075,17.5505893709401,100,0.8122,..,..,54.933793990037,13.9221548814057,2256.11904538867,0,1879383,1009582,869801,-0.271369577775699,68.2570218109034,74.2780487804878,6.815,962817,11,91.3303680419922,-57.0775128510441,11.8236,..,2.88,..,2.3124,62377.91
2022,YR2022,Least developed countries: UN classification,LDC,1209017484246.6,4.71510989192116,1066.56260269683,9.45801281304023,1.70273206153691,22.263894296637,31.2128442564682,28.2,1.67,78.7,80.8211632022535,7.53810870753638,56.7044105069269,..,..,..,25.7720283638031,36.5381599458101,372.485294889227,7.58414289446807,1133564482,570649635,562914846,2.26001631858664,35.2521934518586,65.7663286665813,5.05335918611166,434288561,8,10.8424100875854,162.618643570427,1682.4884,..,..,..,268.6511,15031548.47
2022,YR2022,Lebanon,LBN,33944395264.1769,-0.621678970663112,5909.03651555028,171.205491336641,2.50966160641735,34.8287792460469,80.0594990196196,81.46479797,7.29166684799988,74.0148340435503,260.249432107886,15.13321994397,100,..,..,..,14.128054740958,27.98267173145,652.741369292341,..,5744489,2953396,2791093,0.460053063032864,90.206313713022,78.003,11.105,1815347,10,58.1761149059991,128.45809522581,17.7103,..,..,..,0.7073,3608
2022,YR2022,Lesotho,LSO,2211855514.87917,2.38778020186284,967.51928598325,8.27180389943028,-0.332065069453934,46.5063822153721,95.8675988588567,48.06959915,0.39753117741491,68.1001351640997,75.6743988696957,0.0925726266687245,50,..,..,34.9,1.13702239789196,30.7558120221266,..,..,2286110,1173128,1112982,1.08048016923391,41.6703965165322,56.812,16.623,850547,7,..,36.7800432208964,2.9115,..,9.02,..,0.431,1916.26
2022,YR2022,Liberia,LBR,3428189426.39464,4.80810517290655,638.005183858289,7.59298486560313,3.09332516183889,..,..,30.38010025,0.274673226516174,32.0638885570006,8.18864554963864,10.2679978403201,31.8,..,..,92.8,78.4563953488372,18.0264041675687,..,..,5373294,2692480,2680814,2.14388170425267,54.4591057083,61.934,2.956,2452391,6,..,141.496184894393,4.3677,..,13.76,..,0.444,30713
2022,YR2022,Libya,LBY,50586008471.7998,-8.29981811198795,7002.68189296358,4.51030149235695,1.62326033379453,91.9809235078212,64.3407611745263,80.64720154,4.51840823499527,192.97309381967,174.008019319458,..,70,..,..,..,0.123327687918433,23.18471682259,1543.81471951705,..,7223805,3549925,3673880,1.23450447871795,87.8486088593786,74.462,19.238,2516297,9,..,3.33898217455493,89.9447,..,..,..,1.3983,32619.874
2022,YR2022,Liechtenstein,LIE,..,..,..,..,..,..,..,97.88069916,48.9304880840349,126.306686674975,66037.0192185957,..,100,..,..,56.9,41.875,..,..,..,39493,19886,19607,0.790598334689517,14.6923070071538,84.1219512195122,..,..,9,..,..,..,..,..,..,..,0
2022,YR2022,Lithuania,LTU,53443909218.4902,2.46532013155011,18873.8427527274,19.7050461518394,3.42488723499229,87.264114905646,89.3677021665931,87.72420219,28.4400438919259,135.834150715729,66487.2888104734,12.9963941333635,100,1.05289,..,..,35.2036435371542,11.0994312721468,2453.93993260259,..,2831639,1498514,1333125,0.824789131191284,68.2866452426813,75.6439024390244,5.955,1509407,11,76.9154586791992,-54.1258490946419,22.2997,..,2.59,..,5.0033,111795.022
2022,YR2022,Low & middle income,LMY,34077552371296,4.00803776152725,5170.6906311666,8.81109209279587,1.60339711661308,25.4299266683565,24.9894541617433,..,14.5372793849357,104.401559003568,1419.02696385767,22.0861335951613,89.4668649583682,1.94940550009888,..,..,27.7739059795262,36.6865270791717,1264.41956720463,49.3622719141247,6590522389,3265774537,3324747851,0.956904645217757,52.2288701723598,71.5990630119306,5.41429545248604,2884394702,9,37.0190887451172,151.354424286428,32336.4712,..,..,..,1718.7052,184853593.798
2022,YR2022,Low income,LIC,501049248795.175,3.73264703552607,707.920608976212,10.2794018093421,3.66594746561833,19.8556987044034,33.4853739646934,21.2,0.48,62.5,18.6895277022268,2.84689539815863,44.9581860319955,..,..,..,20.0040599818514,32.6096181786076,366.680907176982,7.41068596425226,707776045,355130373,352645672,2.63977079031453,33.9116273369541,64.0824869475372,5.26019458558182,258893929,8.5,..,79.6041918932586,1013.6584,..,..,..,175.2742,3749152.416
2022,YR2022,Lower middle income,LMC,5948423581227.32,6.27876038879147,2100.10158614282,7.96757361617945,1.34012474376917,23.0155338296041,26.8820547366508,52.3,3.87,93.6,446.443166337342,9.92678547661109,89.9475979235739,..,..,..,30.3445620829388,47.9963784964639,618.800101723628,49.3616238346954,2832445640,1392496894,1439948745,1.25763040545137,40.7948368732016,69.0302473093761,4.99827575124402,1120252847,9,25.6742095947266,139.562305532009,6972.7031,..,..,..,554.3268,35962207.44
2022,YR2022,Luxembourg,LUX,70187101063.1136,-1.09741256293819,107467.123965307,6.33600807777919,-391.555119009248,222.308456163103,189.868713761072,98.24203749,38.3269581349215,139.651285065505,63898.0375224122,5.9904603893658,100,1.0653,..,..,34.4538272103664,9.07553744912506,4862.94740833352,..,653103,324321,328782,2.01666790212729,94.7605400940185,82.9463414634147,4.588,334814,12,21.032600402832,-36.643801186324,8.1924,..,1.71,..,0.2277,8
2022,YR2022,"Macao SAR, China",MAC,23028683194.5103,-18.956941494497,34000.7134128308,1.04502802369954,13.3808225043823,84.7916044961703,85.5764448423356,89.48549652,29.6066193799726,172.244717160072,6022.44204931345,0,100,0.42754,..,11,..,..,..,..,677300,364046,313254,-0.764822083825685,100,83.0804878048781,2.446,386966,10,116.232189973615,75.9037347713202,1.7615,..,1.13,..,0.039,1500
2022,YR2022,Madagascar,MDG,13344855250.4054,4.13753534956307,438.438112102315,8.16059031991844,3.04942783216552,30.510296623757,39.9605580552521,17.81170082,0.10748996107107,64.7494924066919,17.8071213438029,0.34862498459426,36.1,..,..,83.1,21.3189737023032,13.7055222398519,307.480556797899,19.4795254496747,30437261,15170358,15266903,2.48207836172625,31.5397813465886,63.068,3.186,15639635,5,5.87562673022926,50.5866980154967,34.4577,..,9,..,5.0932,152737.269
2022,YR2022,Malawi,MWI,11531564448.65,0.921115069005936,560.635759714941,20.953969729969,1.5988861608404,11.342380846457,32.2742440103241,16.84830093,0.0724060330808983,59.6495709408963,23.8225718187338,2.30769539307614,14,..,..,62.9,22.8860840050912,20.1661455127716,..,..,20568728,10537752,10030976,2.567947782963,16.7146031979436,66.037,5.02,7532800,8,2.70813684546823,217.280882428039,18.6393,..,3.33,..,3.987,194013.36
2022,YR2022,Malaysia,MYS,388299855024.742,9.03173723044451,11191.6511756943,3.37869862549928,3.68486215546291,76.8077974825844,69.6168072713231,97.3986404,12.1753566089982,138.208441079076,8416.74162116676,58.2818244031486,100,1.0121,..,..,57.871678587734,15.3331668435575,3035.37257619634,44.6440313380874,34695493,16491015,18204478,1.1977720012836,75.9741357073003,75.444,3.93,17730042,6,36.9853099297291,264.739332955471,312.7472,..,..,..,7.5428,1900449.819
2022,YR2022,Maldives,MDV,5733717715.04974,13.8260895184139,10939.9963271738,2.3305404647725,11.8454662775286,82.6708555603035,79.5725773733522,83.91189054,17.3997244832152,136.458655310185,1158.16266175163,4.09641473130223,100,..,..,1.2,2.73333333333333,10.4145518024435,..,..,524106,197920,326186,1.528878337276,41.0641769690663,80.76,4.303,264656,12,48.4968654322788,1373.77777777778,1.9896,..,2.79,..,0.0394,155217.444
2022,YR2022,Mali,MLI,20253575064.0712,3.70319027585386,877.817842434642,9.62147608489064,3.17422530916772,26.025652624667,35.5356748615317,35.19919968,0.774220028570636,112.119852778009,14.6927269701257,10.2578668284987,53,..,..,71.1,10.896663634352,37.3348886349998,..,..,23072640,11428053,11644587,3.00942592606239,30.4015705681899,60.035,2.387,8260725,9,..,271.441686557946,44.5054,..,6.26,..,9.5596,119215.91
2022,YR2022,Malta,MLT,16702118564.7144,2.59276776884379,31447.3917315418,6.15375621933037,114.989519881534,128.299452871314,116.282082647569,91.54062209,43.4449972737186,132.861156549134,5102.49231331186,38.9615851886187,100,0.5745,..,..,1.4375,11.578291572615,1456.24524810948,..,531113,255406,275707,2.47100289980875,95.6003155132879,82.2975609756098,3.471,295009,11,74.5901336669922,-11.3060042065161,2.235,..,1.18,..,0.0418,20859.81
2022,YR2022,Marshall Islands,MHL,224089100,-0.700580183196621,5591.46393193103,..,-3.02876794027796,39.9778528042486,88.3601219062049,64.26719666,2.35047533498016,39.7060658232902,99.8078698505377,..,100,..,..,12.2,52.2222222222222,4.75745122798474,..,..,40077,19538,20539,-3.16808578519291,77.9855966195187,66.725,..,..,13,41.3350449293967,60,0.004,..,10.96,..,0.0013,91662.139
2022,YR2022,Mauritania,MRT,7706938495.42044,6.7960049994761,1580.70391528747,9.52526628622843,14.6574727742887,39.737807822992,62.2880913027036,42.46450043,0.415227794850191,109.883898247552,25.2274728409847,3.97949338201203,49,..,..,19.6,0.292896963228874,45.0399461631116,..,..,4875637,2487363,2388274,2.92956466448208,58.8120996197226,68.281,10.52,1130709,9,..,156.868894524392,17.118,..,3.74,..,2.3281,703628.563
2022,YR2022,Mauritius,MUS,13513082163.7098,8.3424438025047,10703.2364271462,10.7737512242899,4.21993412406582,67.0292948520561,80.6345001819556,75.5,26.1963906498554,164.309278835228,1688.68210717745,2.0670796252868,100,0.30879,..,..,19.4541812719079,15.054806246095,1095.73879704883,31.5165117024687,1262523,630337,632186,-0.301401216835277,39.0000125885784,73.5146341463415,6.322,592892,12,44.2026816403629,224.365509761388,5.9813,..,..,..,0.1602,35202.759
2022,YR2022,Mexico,MEX,1287835026633.04,3.70975708309098,10013.2479227064,7.8962761916855,2.67267286267437,42.9322902148243,45.8661953749018,78.63217894,20.6070256426489,105.720624125765,381.889508206228,20.5343692257849,100,0.25727,..,..,33.6618740193935,16.6329908517605,1441.98382794786,6.9532147547771,128613117,66211396,62401721,0.753116988604166,79.199683215791,73.973,3.256,58544385,14,46.4061317443848,49.9045112638568,660.2856,..,3,..,37.1433,1972994.319
2022,YR2022,"Micronesia, Fed. Sts.",FSM,328328611.764706,-3.11412501063803,2928.52464245951,5.40874375479067,..,28.8994441432748,75.8610408760963,39.0279007,5.81818506163369,19.9885830493962,142.711882548121,..,85.3,..,..,2,92.1142857142857,4.02973932425934,..,..,112114,56375,55739,0.438013018270765,22.4122701819053,66.961,..,..,8,..,46.5373961218837,0.0529,..,6.62,..,0.0144,176459.401
2022,YR2022,"Middle East, North Africa, Afghanistan & Pakistan",MEA,4261451479424.25,6.44954466678931,5446.99294793607,5.17222088647606,2.45077025414921,42.0653200419234,33.8939831366269,57.8,8.53,101.5,1063.57598812191,6.86014133738195,95.8637945014964,..,..,..,2.20922456389042,47.0820655606233,1607.1068006948,3.39324996050121,782349366,379736173,402613193,1.9060709844483,55.12536380356,71.6917293154863,8.23898776216766,246671299,9.5,28.0563106536865,162.997158092488,4583.5363,..,..,..,160.1845,7190227.21
2022,YR2022,"Middle East, North Africa, Afghanistan & Pakistan (excluding high income)",MNA,2137190096211.67,4.3206385298363,2982.78335555639,8.30646124447623,0.862311535696566,26.5491843764961,29.1504598129685,54.1,6.33,96.4,928.686615994369,..,95.483714372763,..,..,..,2.63283468345814,45.2769615579065,1047.29901778601,4.48296792413745,716508657,353493537,363015120,1.69604782645998,52.1693289932022,71.0055315443397,8.9382675467404,211962088,9,..,136.909981845069,2940.9311,..,..,..,142.2062,6107788.49
2022,YR2022,"Middle East, North Africa, Afghanistan & Pakistan (IDA & IBRD)",TMN,2121555096211.67,4.3223956322189,2981.95267795857,8.78598837999588,0.855329435825208,26.6222796323793,28.8348210502422,53.8,6.32,96.5,931.598825069473,..,95.4516981935493,..,..,..,2.63340400961646,45.4296770802933,1047.299017786,4.48296792413745,711465045,350957596,360507449,1.69089538433865,51.925275557204,70.965432550888,8.83598059809406,210570858,9,..,136.909981845069,2940.9311,..,..,..,142.2062,6102862.49
2022,YR2022,Middle income,MIC,33576185601580.1,4.01198144032888,5707.56983867332,8.32008377271927,1.57747191201898,25.5262812502787,24.8621760557622,..,15.825640378637,108.260864694504,1587.5576487934,22.2553119509347,94.8234868349066,1.95110266746545,..,..,29.5772050490796,37.1771832822359,1351.94429603802,49.7156883362492,5882746344,2910644164,2972102179,0.756327928299984,54.4326887515123,72.5034114518773,5.42949094564465,2625500774,10,41.134651184082,154.646543071424,31322.8128,..,..,..,1543.431,181104441.382
2022,YR2022,Moldova,MDA,9128802925.53684,-4.64785101037361,3610.14315344719,28.7372976766236,4.03446735088075,41.2264594544499,70.8912121253156,74.91899872,26.317794331222,137.182551887592,8416.33533097055,2.1401803935369,100,0.22959,..,..,11.7548661800487,14.5523227409262,1422.63575303914,..,2528654,1364474,1164180,-2.62110760462091,42.4048843383789,71.546,0.909,1464574,10,68.0572346521372,-68.86872120493,11.6492,..,4.69,..,0.9258,12910
2022,YR2022,Monaco,MCO,8345229894.39415,11.2662955198601,214359.505134575,..,..,..,..,98.75189972,55.2284811589736,100.061647530246,22886.6456037605,..,100,..,..,..,0,12.8418535012439,..,..,38931,19859,19072,1.04315542231896,100,85.746,..,..,11,..,..,..,..,..,..,..,1
2022,YR2022,Mongolia,MNG,14441951078.838,5.0327096366527,4205.88554513551,15.1509728200805,14.6053065112102,65.0613511558615,71.2665787886548,81.07720184,12.9008288504333,142.808581769425,2187.98816919588,30.8141690897359,100,0.08365,..,..,9.09849695989111,40.9215812032638,1914.21838085676,85.8193548387097,3433748,1719168,1714580,1.46704738017187,69.783805847168,71.9007317073171,5.954,1442982,12,67.6998728025335,149.609256233691,74.7083,..,..,..,12.4148,0
2022,YR2022,Montenegro,MNE,4847546740.62484,7.73954689516201,7773.59958791074,13.0403036347004,13.93925448378,51.3449416638117,74.1109960911823,88.22192026,31.8922375082974,207.278149444886,1265.25238497669,8.2101950697073,100,..,..,..,61.4869888475836,18.6822081301969,1674.12860283285,46.6586393738712,623591,323564,300027,-0.234174139002603,65.4012965440866,76.1878048780488,14.851,282083,9,57.4317893981934,..,..,..,3.43,..,..,1890
2022,YR2022,Morocco,MAR,126385828220.594,1.81269242194809,3334.91162109375,6.65704202759067,1.74814323662076,44.7116282313453,56.1946819703061,89.9,6.47150166958379,141.870002419562,545.607036919008,4.49838208408388,100,..,..,..,12.9136878781089,21.3232528983588,602.994477750907,68.0305229155938,37329064,18491547,18837517,1.00863622672701,62.5118468550703,75.161,9.413,12170356,9,45.9400219155138,160.693010349024,110.7609,..,3.05,..,5.9984,1572233.032
2022,YR2022,Mozambique,MOZ,19465951656.6009,4.3693080193804,596.086630918965,10.2794018093421,16.0036980555879,49.8250852205079,85.4494498784874,18.96220016,0.197784521833894,45.8178199662019,33.4698605589877,3.17962418116621,33.2,..,..,..,46.1193311121849,16.045018396151,358.726924456932,..,32656246,16832437,15823809,2.9473431712575,35.0536638047945,63.011,6.789,14168284,..,..,314.25602804769,35.6836,..,..,..,5.0839,449638.275
2022,YR2022,Myanmar,MMR,63151698289.3327,4.0374934360085,1174.76697945755,..,1.98946076080719,..,..,..,2.09694638185872,107.535089476237,14.8260348967657,2.61457839564408,73.7,0.03519,..,..,42.846262276495,32.8498528834077,398.28467505943,3.11086995840116,53756787,26977460,26779327,0.690074759264932,30.311095757938,66.506,3.063,22343279,5,..,91.5116737025748,121.08,..,..,..,13.3005,2911308.002
2022,YR2022,Namibia,NAM,11285723332.8927,5.3987247803654,3905.55135268164,6.08128114112413,8.40166893779959,40.4584718299625,58.8040829514438,62.99720001,3.29190749644768,100.557816104444,315.607846177165,0.0563656557154242,56.2,0.64636,..,..,7.89136270330017,16.6999376084699,690.518956751849,1.39426800929512,2889662,1478744,1410918,2.77600581415178,49.5291037671807,64.19,19.615,1064363,7,26.1092654658031,86.0322658903445,12.2692,..,..,..,2.0097,376449.529
2022,YR2022,Naoero,NRU,97487754.0549406,0,8260.97398991108,..,-4.99023535193955,45.3823293172691,95.7467469879518,83.22660065,9.95678332344717,87.1705787645115,254.215744428438,..,100,..,..,1.9,0,4.36409314949647,..,..,11801,5791,6010,0.782649677702407,100,61.93,..,..,14,..,40,0.0014,..,6.79,..,0.0005,108054.782
2022,YR2022,Nepal,NPL,33089761144.5103,5.6313145568451,1113.55462341223,7.6702057938028,0.160405405048333,6.7023908652401,42.27101061478,45.45080185,8.51809813593178,121.1144874334,359.476468728239,0.617520704475872,91.3,..,..,..,41.5907220090687,50.6322528228936,429.222646170701,..,29715436,15370175,14345261,0.81238557412485,66.2992968721053,70.087,10.661,8325856,9,14.8435874359729,107.989625999082,48.0377,..,..,..,5.6353,108385
2022,YR2022,Netherlands,NLD,916513152781.965,5.00723453395074,51777.5314828276,10.0012078753473,1.47701805979237,96.4436215813729,87.6638626713087,92.51968504,43.5643185557355,115.8205562749,181183.789690312,21.9578380124342,100,2.17529,..,..,11.0296673596674,9.71599320228502,3570.12031994399,14.311448171484,17700982,8911982,8789000,0.953278922854537,94.9856177734136,81.6146341463415,3.526,10073395,13,..,-28.3863795990657,160.2836,..,2.53,..,8.1466,338179.694
2022,YR2022,New Caledonia,NCL,..,3.50000000289097,..,..,7.23562598706021,15.3819770238095,35.0907717216117,..,19.372882005273,91.6763895612682,6899.48210348875,..,100,..,..,9.6,45.8326039387309,..,..,..,287123,145532,141591,0.66709196832953,67.5720305021282,77.698,10.71,129375,0,..,159.796716184519,4.9842,..,13.47,..,0.1734,5188.381
2022,YR2022,New Zealand,NZL,217070337673.134,3.34521847792682,42716.0866783034,7.17222476016441,3.9270483682543,24.0471843984776,29.1619589751662,93.07289886,36.3044927893768,115.984187800849,18499.3210933349,12.0543415422888,100,..,..,..,37.719363487904,6.98542238085309,3764.50781429311,2.99800729910664,5081700,2558221,2523479,-0.0570512394609476,83.8547305017812,81.9585365853658,3.299,2932530,10,77.0104675292969,11.516154950504,80.0841,..,3.52,..,10.5175,452977.084
2022,YR2022,Nicaragua,NIC,14644142761.6099,3.55027477135765,2175.73845893874,10.4674244465991,8.23239594861789,49.895771373158,65.558899558761,59.38000107,5.00781944815467,104.278484676229,95.0873421810124,1.25539321315719,86.5,..,..,..,26.6538972910088,20.8229199248067,603.83815029018,..,6730654,3421642,3309012,1.28466010240759,58.9954376220703,74.463,4.969,3108200,7,..,107.611289302243,18.7064,..,..,..,2.633,84432.938
2022,YR2022,Niger,NER,14323371862.6454,12.2215497467041,565.873385794358,4.22621791916392,6.21933892730804,10.1455281678398,27.0005172422318,13.08749962,..,63.3770548032743,4.18774150873186,13.8708147800163,19.5,..,..,..,0.83276229572906,74.5735734758223,161.353257368424,23.5849056603774,25311973,12460549,12851424,3.25170642220024,17.477207007512,60.398,0.403,10614399,..,..,285.136934638271,41.3587,..,..,..,10.1079,48170
2022,YR2022,Nigeria,NGA,503047012789.736,4.31882949157136,2254.29080414598,18.8471877843274,-0.0288727652155146,..,..,39.14720154,0.0433814077089791,99.5852151989567,47.0936939460015,2.38488302901383,60.5,..,..,..,23.3871888621716,70.6169092406565,333.698006196423,..,223150896,110366192,112784704,2.09281687128387,61.3727650622225,54.079,3.827,105269418,9,..,28.3550140405712,334.7699,..,..,..,28.2329,1043230
2022,YR2022,North America,NAC,23277621651170.8,2.68881207167273,62404.6210602795,7.40280048696867,1.65467522070292,13.3830608539001,16.6568116163068,92.6,37.97,107,165931.536342536,19.505284183953,100,3.3569508936103,..,..,36.6103791756258,7.31929325559189,6623.13352212326,18.2297602652414,373011185,185749204,187261981,0.701227350749623,80.2779687115812,77.817206254568,3.83310095020415,190945914,11,79.3105697631836,0.422476511372501,6835.8825,..,4.36400005220753,..,258.8632,6093985.431
2022,YR2022,North Macedonia,MKD,11449348867.2054,2.75888415332967,6250.62720952063,14.2047173195833,6.13067578989693,72.785399542204,93.3619578376736,83.85030365,28.0035734605346,111.303079555687,1735.53484390559,4.01498490595955,100,0.37372,..,..,39.7101506740682,22.5016591432148,1476.13542564094,46.634129922585,1831712,940844,890868,-0.294481335654044,61.9530566607267,74.4248780487805,14.476,802703,13,53.1601181030273,-24.6866557112219,10.8159,..,3.22,..,0.4043,2261.2
2022,YR2022,Northern Mariana Islands,MNP,896763636.363636,16.6427546628408,19461.8611129744,..,..,22.2627737226277,70.8941605839416,..,..,..,2148.53075220279,..,100,..,..,0.5,52.9565217391304,2.79578101262798,..,..,46078,21812,24266,-1.93650806828242,91.8785788645608,78.531,..,..,..,..,66.6666666666667,0.004,..,..,..,0.0011,173.423
2022,YR2022,Norway,NOR,457071158448.196,4.08039770659241,83756.7383805061,5.76412317852272,2.31291587479113,53.5795492360197,26.3420519002837,98.99997764,45.6644653158508,111.657196221742,44150.8874541494,23.8849460450338,100,1.55081,..,..,33.4795618634529,6.02028911555586,4651.48670758657,0.107680774211136,5457127,2705700,2751427,0.898395220610608,82.9563661816034,82.509756097561,3.231,2995482,10,97.6419830322266,4.15714401857255,57.6515,..,3.21,..,3.8304,4290628.204
2022,YR2022,Not classified,INX,..,..,..,..,..,..,..,..,..,..,..,..,..,..,..,..,..,..,..,..,..,..,..,..,..,..,..,..,..,..,..,..,..,..,..,..,..
2022,YR2022,OECD members,OED,54874380562652.1,3.15854809219758,39804.662496136,8.23803240697186,1.66209009091002,30.2714427211578,31.1227392867396,..,34.8799350889749,122.304805090448,73334.325210227,20.789299373054,100,2.94231137326631,..,..,32.9396675212767,12.8581749835003,3769.80780657027,19.7494600538789,1378591781,697538346,681053435,0.495306996437536,80.949627748444,79.5170877696899,4.99493064713263,689681032,11,78.3904876708984,-2.84940585359156,14791.4084,..,3.40620985017277,..,677.5518,33774385.822
2022,YR2022,Oman,OMN,88892516940.1985,7.98570728354278,18792.4460565306,2.5061425061425,6.25544528201825,63.2505019129513,42.4945073677033,95.24530029,10.8833264083829,136.800571561762,284.341593826595,7.61986953322478,100,0.28711,..,..,0.00779030694668821,52.137724533898,5920.00502494357,..,4730226,1818526,2911700,4.98013669293962,80.0117053152301,77.911,3.3,2381905,10,..,264.908954152474,127.5937,..,..,..,1.1711,751828.443
2022,YR2022,Other small states,OSS,153534499893.865,4.39868942923867,12090.2779307406,7.46811935414937,15.1221220672731,83.7223273117069,81.6792710303499,..,15.0229009243791,124.936732236042,21772.2569602894,18.4233480816265,93.9605317818207,1.37990760466746,..,..,29.9298081470218,16.8462568170176,..,19.5836545875096,12699005,6266438,6432567,1.24494821200593,54.4367375147272,72.9062214171014,9.01147513544492,5562778,9.5,22.3280200958252,-8.51967316665648,67.3437,..,4.16301030007979,..,4.1664,2214137.315
2022,YR2022,Pacific island small states,PSS,9756266774.36718,8.33511772575022,3673.22544665674,6.37906506708423,2.23468693824072,34.4240612970044,64.9615020085046,..,..,..,484.930812646905,2.13804180824002,85.6038100577211,..,..,..,68.6590802805924,7.43910202885681,..,..,2656049,1323620,1332429,1.15709923057953,39.9427900823495,69.1004348993561,3.60681620269367,993737,..,26.6385803222656,6.6496824057976,6.1956,..,3.55424332133806,..,0.414,823109.157
2022,YR2022,Pakistan,PAK,400224894618.857,4.7781068690358,1642.28066974826,19.8738599646655,0.389980753542853,10.5405902721041,22.4907632059279,..,1.28371909626329,79.1050539061512,116.150687433285,1.4322563541998,95,..,..,..,4.72605334163553,57.8617671689119,418.447652844549,13.4324713033568,243700667,119632267,124068400,1.74799739792983,38.3740439760816,67.417,5.291,80064041,12,10.5057175294292,184.658884546272,537.6563,..,..,..,57.2819,666245.256
2022,YR2022,Palau,PLW,228906790.097914,-0.462879543823192,12889.6216058288,12.3526638378124,30.0500084227105,15.4378951933852,88.2139595715895,82.56749725,6.993637029112,135.142744523903,1407.73692212399,..,100,..,..,0.9,90.3695652173913,5.26057416498998,..,..,17759,8180,9579,-0.135051508906549,79.1134831712956,68.922,..,..,12,51.5274949083503,-37.5821456004097,1.4627,..,13.8,..,0.0279,823.035
2022,YR2022,Panama,PAN,70219029318.5391,11.0386022908773,15956.0671087873,2.85965128834711,3.09254919376261,48.0265978360198,45.4486710192298,67.2838974,16.3861439797054,152.062171804817,2231.65339361971,0.233624548388428,95,0.18302,..,..,56.4978579131842,15.213921782961,1062.69925631817,4.05129461733235,4400773,2199575,2201198,1.26612423517538,65.8211343914956,79.324,8.086,2169258,11,57.8162831217614,162.762382718743,18.0636,..,..,..,1.0248,201707.157
2022,YR2022,Papua New Guinea,PNG,25173667563.9887,5.70701964996525,2467.24008628973,5.25323922215241,3.76980845499621,..,..,18.25659943,0.214639196900492,49.1906681149749,83.6994859146212,11.9718029373386,19,..,..,54.6,79.0281764783818,16.0909144747822,..,..,10203169,4946016,5257153,1.88244961375761,14.7358658260841,65.274,2.689,3494880,..,..,114.03764445083,10.4277,..,6.47,..,1.5424,251907.086
2022,YR2022,Paraguay,PRY,41943325612.1227,-0.0280771723899278,6204.20811531911,9.76556667164402,2.0438895221054,34.4000035331202,39.4736276112918,76.25916611,11.1527995711537,128.088057269442,626.584210787899,10.5619939338891,100,0.11944,..,..,39.2502935554672,14.3967643392135,1044.98506765929,..,6760464,3368932,3391532,1.13476871860664,68.6396537819458,72.319,6.755,3391301,13,..,98.3476485768209,41.1976,..,..,..,6.0449,37905
2022,YR2022,Peru,PER,223324321983.196,2.81819976419922,6671.28902042137,8.33370630096231,4.6280339832618,28.8196452516984,28.4530550594954,74.67495213,9.45023631953673,124.119322949561,701.589027752228,4.58946616439539,96.2,0.16206,..,..,56.238047734375,32.4787651622913,826.458777086818,0.285941491971643,33475438,16823640,16651798,0.959183909355287,84.3663554951194,76.834,4.291,18756175,14,..,124.648232476052,97.6301,..,..,..,7.4872,5509032.611
2022,YR2022,Philippines,PHL,407730367707.393,7.58098212785563,3577.70136573244,5.82115811213955,2.3475097233369,28.3874015457939,44.042282064966,75.21114422,7.63946525096298,147.428926406785,100.189236390773,66.6110921963778,94.8,..,..,..,24.3430593285709,24.241932485757,551.042784448026,59.559416859433,113964338,57115091,56849247,0.760479216015364,54.7902343568327,69.472,2.598,49481401,13,38.4011392706768,163.660254034568,242.5967,..,..,..,15.2049,4120501.288
2022,YR2022,Poland,POL,637150470884.733,5.25545697386036,17303.64494323,14.4294507575758,6.00626096603428,62.3525162455456,60.6688166147992,86.94113479,23.8373449056172,137.002148115476,34772.62853538,11.6325877772755,100,1.44162,..,..,31.0594923061845,15.8902118298564,2798.00774623397,70.461980105481,36821749,18975738,17846011,-0.433070695882457,59.8315488048321,77.1560975609756,2.811,18378935,9,75.2911071777344,-25.0303823738606,384.9357,..,3.13,..,25.9973,214724.857
2022,YR2022,Portugal,PRT,230002603240.143,6.98584137580278,22042.8680283647,7.83269124233323,5.08368921917484,49.4816822004506,51.8824642789839,84.49690644,42.937003513367,122.80130896654,27622.7553426515,6.99049160072585,100,1.69051,..,..,36.154994891142,9.24389572463552,1949.86496103932,..,10434332,5463636,4970696,0.697256448023043,61.1259255772782,81.6317073170732,6.138,5245513,12,75.0714797973633,-0.551729881378071,57.3189,..,2.31,..,3.032,178786.53
2022,YR2022,Post-demographic dividend,PST,51040823954788.9,2.86042677787768,45677.3513142375,7.87737003690613,2.06810516770972,30.7650960875159,31.559758317392,..,39.0196852558533,124.353057874527,90012.2093929137,24.2417334879861,100,3.02511266035915,..,..,32.3126019382585,10.6497488418602,4270.61843024531,19.0564867315722,1117420833,566139421,551281412,0.0754459661346514,80.9329132113806,80.1925594478523,4.52602226819937,551993981,11,79.975341796875,-12.3908969769451,13160.8654,..,3.53684850956484,..,578.9644,23856819.955
2022,YR2022,Pre-demographic dividend,PRE,1502707017980.42,4.63522422118558,1430.90365853734,8.77567482988523,0.859976261548176,25.3093447690068,22.4623127450972,..,1.19081236893756,86.7805674982389,43.0964039608855,..,51.0976149094662,..,..,..,25.4359672942996,41.3397238524029,441.983891676577,1.055839306408,1050180429,525601418,524579010,2.52277745421748,44.4496171500869,61.3824217457713,4.97495099823102,409691430,9,..,117.66231132469,1912.5959,..,..,..,232.5195,7220039.065
2022,YR2022,Puerto Rico (US),PRI,95456906860.8231,2.95709565499587,29643.6396279994,..,..,52.4462925923876,45.8101765842115,87.29178106,22.2824477131524,120.215904630962,502.771922284317,..,100,..,..,2.5,56.0665163472379,6.33587921198145,..,..,3220148,1701690,1518458,-1.31372535070036,94.1110923054937,79.427,6,1180362,13,82.0153279566474,-25.8848408228939,16.1219,..,0.5,..,0.6184,2161.347
2022,YR2022,Qatar,QAT,170908036353.71,4.18500970982862,64315.6263643699,4.99527553740761,0.0322850616403459,68.5984131738821,31.6152340257357,98.03800201,12.6414412670206,162.248539735277,512.543967955841,2.85969941273396,100,..,..,..,0,111.914953972534,16875.5882360595,..,2657333,748117,1909216,5.90701824957099,99.243997525719,81.857,0.13,1972313,12,35.0854901088778,455.845232751866,146.1306,..,..,..,0.7734,18536.845
2022,YR2022,Romania,ROU,230035489109.198,4.18771305104109,12076.3033811896,13.7954887432521,3.88649421607456,43.5131053942163,50.4365455441284,85.50309124,33.2115600895132,121.14194294167,24738.0607671931,11.85733755602,100,0.46274,..,..,30.1158292767733,16.410091955998,1655.23818974845,18.7029034677333,19048502,9822455,9226047,-0.385412679960785,52.1634832477272,75.1536585365854,5.614,8420718,10,58.2390403747559,-55.4773445260163,107.3061,..,2.12,..,10.1763,17467.216
2022,YR2022,Russian Federation,RUS,1484613261468.36,-1.43537063467896,10119.115234375,13.7436797398232,-1.73614086534944,27.7096266135186,15.0566816178163,90.41799163,24.6345568628262,168.475831268436,19939.0332294434,..,100,0.91494,..,..,49.7843605035639,11.7967766756222,5707.1572675389,18.0731369162824,144236933,77230340,67006593,-0.352843110363082,74.8544893625017,72.5456097560976,3.867,73531906,11,53.9151941239211,-19.5194360887087,2459.3934,..,..,..,83.218,5345264
2022,YR2022,Rwanda,RWA,12775928435.8846,9.82497394651698,935.89483254264,17.6892095588153,2.21934152301495,21.7992420465265,39.1599288943001,28.01679993,0.349951615372613,80.5952224850433,115.522418454871,4.78472979585672,50.6,..,..,79.9,11.2687474665586,36.1201417686153,369.875267295998,11.9536128456735,13651030,7001645,6649385,2.19046619232976,27.7806702737761,67.528,15.084,5079189,6,7.41325884733851,45.1299502768276,8.2309,..,3.51,..,1.3224,39137
2022,YR2022,Samoa,WSM,881527968.925758,2.26705310780669,4095.15875576978,10.9618822286844,0.539647016745273,11.4857742403183,49.3620047441851,..,0.87753935919651,62.398669522115,566.753847654708,0.554369269246782,98.3,..,..,35.9,57.8093525179856,5.32741204590433,..,..,215261,106942,108319,0.690847424147793,17.5007949951039,71.55,5.048,57627,8,18.5508413272527,73.7771739130435,0.5116,..,5.4,..,0.0393,9597.716
2022,YR2022,San Marino,SMR,1730866079.9527,7.89844678230362,51277.3242468583,5.32545321311365,3.92356223325983,197.412354460676,173.023722527444,97.32790375,35.7876210032268,120.269873863303,37712.9314175678,..,100,..,..,..,16.6666666666667,16.6961546451697,..,..,33755,17210,16545,-1.46164026701119,97.1141889380465,85.708,..,..,10,53.7988826815642,..,..,..,..,..,..,0
2022,YR2022,Sao Tome and Principe,STP,317558772.390522,0.168698492216564,1403.23356704678,18.0056351122841,10.2819916432401,19.6722950802103,45.3197428301793,58.56779861,2.02470117761428,86.7784626941517,30.9317072092972,5.29429381815619,78,..,..,42.5,52.7708333333333,14.9991986078849,..,..,226305,113700,112605,1.93819561963228,68.3720919798341,69.237,8.964,32567,6,..,183.91356542617,0.2365,..,3.64,..,0.0184,5703.38
2022,YR2022,Saudi Arabia,SAU,859301066620.788,12.0005874752929,26706.917926066,2.47407371925372,2.1556449627378,35.9850098955522,20.839154879381,100,41.8230078726101,149.79788255308,323.758429778142,0.29527343068195,100,0.41439,..,..,0.454484134921779,77.7937502863318,7525.25321185534,..,32175224,12633809,19541415,4.41891994509507,84.1349430023993,77.31,5.589,15469059,9,73.7492065429688,240.0767509335,804.6539,..,..,..,10.0358,184107.715
2022,YR2022,Senegal,SEN,25297546478.4826,3.85043193752725,1433.19918752288,9.69681899081073,10.5411241953817,26.6991642240508,52.6982577949171,56.82830048,1.40365165848276,118.150293497239,44.5864487901974,2.30068688755071,67.9,..,..,..,41.4904690178154,39.328601950874,315.965932815121,7.89508544178037,17651103,8674926,8976177,2.46764281803509,53.4435061024348,67.788,2.837,5578418,11,15.6478973478986,218.579273657703,31.5008,..,..,..,3.7209,507635.312
2022,YR2022,Serbia,SRB,52402255080.2826,2.70347705543654,7862.95387364846,11.9815117344703,6.90354140371273,60.7381674989747,71.1751247845415,83.53825397,29.3457941392192,129.813149647571,11871.1989543322,..,100,0.91938,..,..,32.3858163872042,19.5487459666309,2440.9165854049,66.3080822303576,6664449,3493763,3170686,-2.5170575672922,61.9013813540396,75.2365853658537,8.439,3257209,8,69.8046798706055,..,..,..,5.02,..,..,8955.47
2022,YR2022,Seychelles,SYC,1854657827.16819,9.88048366355446,15471.2109575418,2.6260363285129,9.4918981662406,90.9533814461883,100.625462443946,84.83380127,29.8314239734867,163.429518331448,51769.2987871002,25.0389916630188,100,..,..,1.9,73.2608695652174,9.65975870248236,..,..,119878,53843,66035,..,44.9108209981157,74.509756097561,..,..,11,13.930414075936,195.212598425197,0.9373,..,2.69,..,0.0229,137842.167
2022,YR2022,Sierra Leone,SLE,8914856495.10508,5.3135546141915,1077.08884538507,27.2082883814653,2.0361950444072,16.7804780634169,28.2737347461691,21.50880051,..,107.882000873042,11.357036596359,..,29.4,..,..,71.6,34.5721806594625,22.3654861743939,..,..,8276807,4149726,4127081,2.22598462352813,44.2666343543487,61.275,3.137,2710522,9,..,111.19076409282,7.3355,..,5.29,..,0.8414,215300
2022,YR2022,Singapore,SGP,384845634898.987,4.01027884472296,68271.0897525302,6.13095418919732,28.0305519383786,185.010656108821,145.236260954071,95.95386476,27.5510032505086,173.005291258141,212649.338604675,56.8269189876243,100,1.80821,..,..,21.1838440111421,15.0924840424926,5785.04367341681,0.995779707718601,5637022,2723972,2913050,3.30862052439523,100,82.8951219512195,3.591,3459003,6,98.02222650098,113.02981196804,71.908,..,..,..,0.5353,6750.615
2022,YR2022,Sint Maarten (Dutch part),SXM,1412651157.56389,13.9000012614164,33523.6042042737,..,1.0725730171288,..,..,..,..,205.372695128029,1020.43237855668,..,100,..,..,0,10.8823529411765,..,..,..,42139,21572,20567,1.35708688873829,100,76.18,..,..,14,8.259449370042,..,..,..,7.12,..,..,253
2022,YR2022,Slovak Republic,SVK,103012252413.418,0.544591632137454,18964.8298400624,12.7741463637611,4.16872005912019,99.0674933921507,104.988825139001,89.06766196,33.9988127597088,136.029289645522,36900.6169648393,8.49041601420597,100,0.97686,..,..,40.05615640599,13.7526914267728,3089.1457459111,7.65332737163723,5431752,2779322,2652430,-0.284860959688394,53.1902831072528,76.9658536585366,6.143,2791445,11,52.4959106445312,-42.413876689864,42.5243,..,3.83,..,3.2405,4509
2022,YR2022,Slovenia,SVN,53384233078.3164,2.66850555542486,25275.715967757,8.83369886749452,3.64010857871706,94.3162594247263,92.3308168499054,88.91248552,32.0104972135392,126.45918075971,61863.7776292141,8.56978643924213,100,2.1,..,..,61.2701922885918,13.6531875986125,3045.94458555582,22.9950058754407,2112076,1051860,1060216,0.189424378732817,55.3377817873563,81.2829268292683,4.011,1058958,9,82.3922576904297,-16.9682216559663,17.4982,..,3.15,..,0.6909,1929.968
2022,YR2022,Small states,SST,231919049890.181,7.42838535135735,11682.1880704072,6.27689319447544,10.2373811941268,80.8650697544254,76.0164986317901,70.5,16,117.2,21447.8739156707,17.262037225276,93.826993722259,..,..,..,64.2840516405585,14.8877701454879,..,15.8585676026486,19852364,9871910,9980454,1.04213937591557,51.5222800598785,72.380297225352,8.21647080688741,8482721,9,22.5005798339844,21.6929383466507,125.7228,..,3.81114324025592,..,5.6131,3345736.512
2022,YR2022,Solomon Islands,SLB,1397028143.8117,-2.58448361755723,1788.61727922057,5.51812928576938,2.77627597762606,28.1319766413802,46.7035639485768,28.01729965,0.107033208461257,62.0734995506142,83.2195998801638,..,76,..,..,50.1,90.0861021793498,9.82858130237828,..,..,781066,381613,399453,2.39378076885188,29.3511689856806,70.409,1.475,409847,..,..,96.3196286472149,0.5921,..,5.18,..,0.0324,62178.445
2022,YR2022,"Somalia, Fed. Rep.",SOM,8189695542.68927,2.71821202053759,460.046226685238,..,6.23346074683917,17.6810741938645,73.0765461138881,27.6,0.668468085170923,49.6800986995936,5.61737886698255,..,48.9,..,..,95.4,9.28762712404757,20.0547758425621,..,..,17801897,8882342,8919555,3.0251275475745,53.5010115886789,53.931,19.112,3211325,8,..,31.0846086712589,33.6447,..,6.51,..,4.8108,97337.85
2022,YR2022,South Africa,ZAF,360975440918.611,2.05813661692193,5786.86505344736,7.03987272546482,2.26670277731613,33.5394403164272,31.4076940859128,78.29319763,3.12297476001713,160.728511675754,14989.9460406253,5.52196923336353,86.5,0.61479,..,..,13.9950786833623,28.5062817047988,1938.30644693274,82.7050466220564,62378410,32072567,30305843,1.41397227960081,63.4766699210327,65.454,33.268,24587967,9,23.7271036201865,36.597721749644,556.0799,..,..,..,18.92,596148.451
2022,YR2022,South Asia,SAS,3427367075068.75,7.10115392414392,2079.70096039385,7.18461996730069,1.38823966135857,22.5626099184579,26.2150835948541,54.2,3.06,85,678.894724740266,12.3449225173683,99.0895114731934,..,..,..,25.507140509695,51.5653791636056,675.790023000581,67.5623618339834,1648009565,803253202,844756363,0.805672047808918,34.8137520955194,72.0115731308447,4.86631704704624,661309170,8.5,30.9421100616455,190.811207565755,4271.4577,..,..,..,299.7329,21188673.459
2022,YR2022,South Asia (IDA & IBRD),TSA,3427367075068.75,7.10115392414392,2079.70096039385,7.18461996730069,1.38823966135857,22.5626099184579,26.2150835948541,54.2,3.06,85,678.894724740266,12.3449225173683,99.0895114731934,..,..,..,25.507140509695,51.5653791636056,675.790023000581,67.5623618339834,1648009565,803253202,844756363,0.805672047808918,34.8137520955194,72.0115731308447,4.86631704704624,661309170,8.5,30.9421100616455,190.811207565755,4271.4577,..,..,..,299.7329,21188673.459
2022,YR2022,South Sudan,SSD,..,..,..,-6.68732094212668,..,..,..,..,0.00181468821342766,48.4888320004297,5.26259581894021,..,8.4,..,..,..,11.3256215087114,24.2880356743608,70.1247745415271,..,11021177,5599435,5421742,1.42002025455897,20.7752121046616,57.203,12.475,4793498,8,..,..,..,..,..,..,..,48037
2022,YR2022,Spain,ESP,1347716659731.45,6.37031712129601,28203.1093419474,8.39057634118637,4.65609043363165,39.6716824276836,38.7940514426218,94.4855432,35.7846414290159,123.399528756795,27046.3366105902,12.5837187911388,100,1.40684,..,..,37.1827922798055,11.9338447646942,2408.92811488939,2.97345907390564,47786102,24321224,23464878,0.718854879160094,79.9548794567814,83.1341463414634,13.033,23770575,10,95.0271606445312,4.09775010439759,306.6168,..,2.53,..,19.5178,1082194.826
2022,YR2022,Sri Lanka,LKA,89459202621.6389,-7.34919311146656,4033.14560306744,49.7211021114327,1.19249322162632,21.5595624612904,25.1230455566456,48.3,9.63609972688813,151.72675762805,486.542536405031,1.0863745770214,100,0.10506,..,..,34.0559327513741,24.0274945850207,463.726722097872,32.365820092581,22181000,11445125,10735875,0.112772639779474,19.9877933196367,77.3,4.528,8527218,11,22.3679922774735,114.380214091869,34.1259,..,..,..,2.0537,391418.012
2022,YR2022,St. Kitts and Nevis,KNA,983259885.957027,10.4804941546807,21050.758653729,2.66817533111249,4.1869384420309,..,..,75.76229858,46.7447387013209,116.923933289088,9398.6169688925,..,100,..,..,1.5,42.3076923076923,8.26569398930937,..,..,46709,24294,22415,-0.11554263524381,31.6156404983167,70.313,..,..,12,..,207.345575959933,0.1841,..,2.63,..,0.0076,674
2022,YR2022,St. Lucia,LCA,2012825747.32479,19.3456795355342,11258.6110790564,9.65268564265764,2.50199227293772,..,..,66.95159912,13.571912004072,98.6676436534083,721.553185181871,..,100,..,..,9.7,34.0491803278688,10.5002168552844,..,..,178781,90348,88433,0.144975018605125,29.097678526676,72.67,15.934,101159,10,16.1808795928955,200.869565217391,0.4498,..,2.94,..,0.0174,2063.418
2022,YR2022,St. Martin (French part),MAF,..,..,..,..,..,..,..,..,..,..,1039.14097679252,..,100,..,..,..,24.8,..,..,..,28870,15336,13534,-3.70935422542636,100,80.236,..,..,..,..,..,..,..,..,..,..,180
2022,YR2022,St. Vincent and the Grenadines,VCT,870731795.635827,3.1108330034352,8532.7381341339,5.66009779226552,6.59514716509223,..,..,74.75479889,28.9967269662701,102.334241420536,225.388550261647,4.0070872997932,100,..,..,5.1,73.1794871794872,10.6784215604209,..,..,102046,49946,52100,-0.776041417794061,47.585897833353,71.191,19.277,53833,12,41.4983277591973,129.299363057325,0.18,..,2.43,..,0.0092,1264
2022,YR2022,Sub-Saharan Africa,SSF,1925824363441.45,4.03371066956886,1568.02152788113,9.45801281304023,1.60327571750445,24.4095221942346,24.7721178029456,31.1,0.56,87.6,809.078450680246,5.65495103794118,51.5078310982515,..,..,..,25.9041200775263,37.3922175081513,484.618352161849,42.1787023717011,1228187451,616222550,611964900,2.48277688054378,43.1558281440802,61.8569116778883,6.08211610820712,494077377,8,..,86.8399892875084,2358.0664,..,..,..,294.0539,9117565.637
2022,YR2022,Sub-Saharan Africa (excluding high income),SSA,1923969705614.29,4.02837470360804,1566.66436596342,9.52526628622843,1.59635585875127,24.3412709347731,24.7020873949211,32.7,0.57,91,804.103961142536,5.57258308905764,51.5030975279241,..,..,..,25.9032086927648,37.3949246162696,484.618352161849,42.1787023717011,1228067573,616168707,611898865,2.48130101186999,43.15565683019,61.855676568586,6.08211610820711,494077377,8,..,86.8127192125605,2357.1291,..,..,..,294.031,8979723.47
2022,YR2022,Sub-Saharan Africa (IDA & IBRD countries),TSS,1925824363441.45,4.03371066956888,1568.02152788113,9.45801281304023,1.60327571750445,24.4095221942346,24.7721178029456,31.1,0.56,87.6,809.078450680246,5.65495103794118,51.5078310982515,..,..,..,25.9041200775262,37.3922175081513,484.618352161849,42.1787023717011,1228187451,616222550,611964900,2.48277688054378,43.1558281440802,61.8569116778883,6.08211610820711,494077377,8,..,86.8399892875084,2358.0664,..,..,..,294.0539,9117565.637
2022,YR2022,Sudan,SDN,48061119947.9824,-0.957816591119183,973.225280761719,138.80846024176,1.11000421594226,1.57116183055586,1.12767260530269,..,0.0604394040047428,70.2084038614961,9.45662936650749,..,63.2,..,..,..,9.64400428265525,39.0125504379439,411.876785876591,..,49383346,24882915,24500431,2.70189520043666,34.7209852053086,65.695,7.53,10949089,8,..,127.981331175466,139.4596,..,..,..,29.7191,50750
2022,YR2022,Suriname,SUR,4412832154.84564,2.40622235601218,7081.33357325783,52.446027276241,6.70743268543142,..,..,..,20.0260284612076,149.052255906952,3926.73517725671,11.3501449837729,99,..,..,..,94.5238739770656,16.0523575757927,1738.82345454805,..,623164,311399,311765,0.848956801428746,65.8985443115234,73.254,7.973,245451,6,5.02487384130847,78.7476280834914,3.9564,..,..,..,0.1593,33695.227
2022,YR2022,Sweden,SWE,569484812988.256,1.25543620445816,54304.1877501033,8.36929098869189,9.35228228785513,54.3120633586152,52.7996884678965,95.00970335,40.6093424279832,140.781664517726,45805.4450768818,17.2566541363702,100,3.47239,..,..,68.6996660773915,5.68785506406734,4323.66572139304,0.365559976668842,10486941,5207363,5279578,0.68058286829853,88.4038576504809,83.0585365853659,7.417,5586140,10,83.8976135253906,-29.7948623224131,52.8307,..,3.24,..,5.953,163355.263
2022,YR2022,Switzerland,CHE,819432798585.826,3.53430286842426,93360.440112464,2.83502798644451,-1.44605128264693,74.9648944789973,61.2709765693661,96.45279694,46.6747503634479,123.971228075124,151274.203927316,29.9881397976664,100,..,..,..,32.2956707010417,10.174784111954,2591.92141040481,..,8777088,4419358,4357730,0.829927183900371,84.9206266284521,83.6048780487805,4.122,5000225,11,74.1526794433594,-19.0619997628505,43.6858,..,1.48,..,2.0598,3995.92
2022,YR2022,Syrian Arab Republic,SYR,16104116653.7273,-0.20247264200475,716.943843933856,..,..,6.7771895571266,28.6600525880316,..,7.16283326639858,78.6567844526885,78.9327016580275,..,89,0.04217,..,..,2.84267276588793,35.372994873473,392.316941457115,..,22462173,11233661,11228512,3.78051313340953,72.6124992370605,72.79,13.245,5706897,9,..,-27.918263695011,45.6991,..,..,..,3.5814,6185
2022,YR2022,Tajikistan,TJK,13499136339.2248,8.00000033846364,1325.75545290849,..,1.62432287476597,16.3531240454317,49.082387543926,48.91429901,0.585196433548591,63.8442080716763,100.371019213684,1.62712759033372,100,..,..,..,3.06794437639599,34.3869193134356,374.547332126552,5.94202224186869,10182222,5186644,4995578,2.13728529423458,26.1957126615618,71.562,7.051,2442377,9,37.2834392884446,-0.61950766879536,21.849,..,..,..,2.0901,4755.001
2022,YR2022,Tanzania,TZA,67159014151.451,4.56600576430955,1070.58532714844,4.35027204269101,1.89781100350604,15.4137105201683,19.5897411900311,26.86059952,0.110774196881278,93.0159746238635,43.9332405743921,1.70363565960126,45.8,..,..,..,50.5836531948521,21.8389520235848,406.559197479309,..,64711821,32646077,32065744,2.95046658393064,34.8234736377147,66.879,1.573,30944597,7,5.32159018874409,206.612575092303,89.5229,..,..,..,18.1459,548821.807
2022,YR2022,Thailand,THA,450485133397.502,2.63784213566305,6279.82250415973,6.07589952842433,2.39157096115532,65.3338320015535,67.479626286528,87.97724503,17.5125815621477,176.22279253783,2746.24794708894,25.8377488104933,99.9,1.15902,..,..,38.7578539411615,23.7248825508583,1867.46968312053,18.3986854962415,71735329,36730034,35005295,0.0111485454856964,59.742374420166,75.291,0.94,40754371,9,43.29484965617,127.938898561289,417.7712,..,..,..,18.8857,2429719.33
2022,YR2022,Timor-Leste,TLS,2163090163.98075,-20.5224802314812,1579.71084680858,7.00530945399787,1.67248574731989,55.6119352867897,42.0091735339143,..,0.0100051486348815,108.158358863503,211.787817818659,6.82976698503659,99.7,..,..,11.4,61.7552118359112,12.7214619688248,..,..,1369295,679188,690107,1.40884587356384,28.5857292288968,67.368,1.537,593922,9,..,264.904663016802,1.9329,..,2.42,..,0.2197,7679.39
2022,YR2022,Togo,TGO,7830882103.10093,6.29443692019429,970.535975822983,7.96757361617945,-2.00429827129667,25.0092104865492,36.5658819103448,35.60749817,1.03723561669214,72.2147547047011,90.8458154409629,0.301071945203147,57.2,..,..,..,22.1244714101857,35.8141758880983,479.274544547276,..,8068616,4136230,3932385,1.65504210377245,42.7332327975627,62.292,1.965,2744142,10,..,211.748953459739,10.1281,..,..,..,1.2688,22657.503
2022,YR2022,Tonga,TON,476257076.971255,-2.12854876486114,4533.96809820124,10.9713652903022,0.523176247000647,10.7634055427571,59.3638662856804,61.60739899,8.17387330781973,61.7257858761257,780.64012490242,0.552737028070169,100,..,..,2.3,12.4305555555556,5.30581978258027,..,..,105042,54891,50151,-0.425589151486705,21.147219451842,72.635,2.002,34733,15,..,46.1617722823287,0.2837,..,4.03,..,0.0254,1425.111
2022,YR2022,Trinidad and Tobago,TTO,21459842974.3266,0.86126082651883,15712.230497272,5.82838638517959,4.1369722626234,..,..,81.69760132,26.0331929293058,133.631989924602,401.960748423091,0.0822278998582187,100,0.05039,..,..,44.317738791423,14.4879289551393,10999.4620628815,..,1365805,690401,675404,-0.128266918103601,53.9474037904998,73.331,4.383,651121,7,..,121.399899333082,35.1893,..,..,..,0.2523,13076.412
2022,YR2022,Tunisia,TUN,48314277429.7123,2.75228761004381,3986.54558325666,8.30646124447623,1.43159199894021,51.325939710781,64.7698546733647,..,13.9309222767522,131.875365428496,739.562091448259,7.1898860861443,100,..,..,..,4.54293254376931,22.397309689228,956.041118887201,..,12119334,6122300,5997034,0.585173208533683,69.707138648303,76.05,15.3,4232595,9,37.1276893615723,83.9307095295932,42.7054,..,3.7,..,2.37,133208.378
2022,YR2022,Turkiye,TUR,1212967141770.11,5.44122511322401,14273.5747654873,72.3088359891207,1.48839623728753,38.1412107474416,41.7570614839925,83.43716576,21.8230372591075,103.720593629066,9166.00138199718,3.66403554879462,100,1.32342,..,..,29.2768733027559,27.691660845571,1841.55630679263,34.3746098258415,84979913,42526426,42453487,0.984586244469359,89.0381164550781,77.591,10.465,35081594,12,127.577972412109,149.476915948426,564.2614,..,2.27,..,32.6505,849825.9
2022,YR2022,Turkmenistan,TKM,54582556335.3975,6.23491365071671,7549.25301930356,..,2.49053286789766,25.1758780467474,12.634844542945,..,5.21710831232306,..,103.455052997894,..,100,0.14,..,..,8.78215904496414,33.3624453104316,4841.2803934463,..,7230193,3688063,3542130,1.92922787802207,47.0592103414926,69.913,4.017,2084340,12,16.7316012007071,119.802440384747,134.7789,..,..,..,5.9333,15282
2022,YR2022,Turks and Caicos Islands,TCA,2214745146.41684,14.0871234168153,48307.3079245499,..,2.44052271812869,..,..,..,..,..,676.162017143979,..,99.9,..,..,0.8,11.0736842105263,..,..,..,45847,22884,22963,1.32618037626777,93.6922471653237,77.918,..,..,13,16.973180770874,2394.5652173913,0.2295,..,5.95,..,0.0044,3241
2022,YR2022,Tuvalu,TUV,39505050.1913678,-10.9375,3953.66795349958,..,0.368603912205128,..,..,..,4.52361889511609,98.8590872698158,500.400320256205,..,100,..,..,5.2,33.3333333333333,5.40102031406572,..,..,9992,4882,5110,-2.00145390945735,63.3065768081154,66.852,..,..,9,..,32.258064516129,0.0041,..,2.79,..,0.0015,42781
2022,YR2022,Uganda,UGA,44147216889.624,4.58802192181773,933.094056370423,7.1957888597581,6.48067616265599,12.0219954333331,22.4833064937607,9.636899948,0.0850849430150062,70.1401117953081,43.8571285662107,2.39571486308791,47.1,..,..,90.9,11.2477114502294,31.8919228193081,488.210616294079,..,47312719,23862969,23449750,3.00759449042677,29.9251969709665,67.675,2.885,21087767,7,..,254.833141542002,54.2696,..,9.86,..,10.1033,546357
2022,YR2022,Ukraine,UKR,72309415409.6738,-28.7585842155085,1874.66296386719,20.1836366617478,0.136428578229067,35.4451153382041,51.9513986525203,80.47429657,17.5398140646824,120.261144906234,8917.22299276914,5.73613565623019,100,0.32673,..,..,16.7449085260614,14.0233703256144,1479.47224953939,21.2397812884037,41048766,21931325,19117441,-7.61932022603164,69.42345912103,72.658,..,..,11,..,-79.5725386826141,199.7695,..,..,..,16.7669,37847.41
2022,YR2022,United Arab Emirates,ARE,421421867518.393,7.51452414254605,41828.5686923546,5.29122604376849,4.44591398367961,102.051988781325,83.689671850569,100,36.8485872897377,195.624592490241,1626.60420961755,9.2877602243891,100,..,..,..,4.46775556181357,67.6947186324117,8303.27667116047,0.463207195151765,10074977,3616601,6458376,5.08834153373914,85.5147347682487,80.487,2.872,6499963,12,60.4188226013954,221.485289363891,255.5927,..,..,..,2.1339,68946.96
2022,YR2022,United Kingdom,GBR,3274265196937.19,5.14970388522993,48410.095170282,7.92204883147902,2.91635435189931,34.0619283837069,35.1369980576912,95.46530151,41.2867157729584,119.833999505569,44399.8758057839,27.1597708192348,100,2.75224,..,..,13.2554871243748,10.016644435978,2253.30282671333,2.10999292155233,67636000,34345168,33290832,0.977617841553254,83.0753982997505,81.0112195121951,3.768,34488684,11,79.7695083618164,-45.591790380824,423.3672,..,2.04,..,26.4013,823090.345
2022,YR2022,United States,USA,21483388181185,2.52421385073222,64322.2332819139,8.00279982052121,1.60006208497274,11.6540970440015,15.2538011117724,92.72850037,37.4887954801437,108.785640656159,180224.392542979,20.5789833007379,100,3.48736,..,..,33.8669264120375,7.4282378905124,6512.09816744798,20.3164902183759,333996304,166112422,167883882,0.569329881519084,80.0324978239707,77.4341463414634,3.65,169483435,12,79.361930847168,-2.28575992589836,6074.2362,..,4.17,..,218.9578,5180470.432
2022,YR2022,Upper middle income,UMC,27627762020352.8,3.53652312476997,9057.3896482151,8.81109209279587,1.63053424539068,26.207602164455,24.4274648641992,82.7,27.95,124.1,2647.78732522582,24.3359487307105,99.3537615814474,1.98875081975164,..,..,29.2510100144273,27.1248773851526,2023.7423581447,49.7909487141829,3050300704,1518147270,1532153434,0.293068436871359,67.0965136790125,75.7285192648647,5.75041485644261,1505247926,10,61.7802200317383,159.322224005106,24350.1097,..,..,..,989.1042,145142233.942
2022,YR2022,Uruguay,URY,61881758828.1137,4.60623000920732,18249.2912168828,9.10437983075437,12.367138051104,32.8913380602583,27.3113447733942,89.87304314,33.4865565704576,139.828801269747,4678.38602759788,9.55160023287408,100,0.62206,..,..,11.8443606444978,11.789659192261,1623.8204512773,..,3390913,1746501,1644412,-0.170369337727093,95.4977416992188,76.468,7.877,1733922,14,76.3977408357972,42.2436283363436,41.1104,..,..,..,6.6853,69032.498
2022,YR2022,Uzbekistan,UZB,143567108315.461,6.08592335737373,4109.08421031655,11.4466436998836,2.81838908878173,22.2329593873839,37.815398870245,83.90000012,25.7992232452287,105.471643327627,733.565156714046,1.41210240735451,100,0.14297,..,..,8.49046413042492,32.8550742639477,1381.80517132593,7.59266988918661,34938955,17320246,17618709,2.00999064709715,50.9847412109375,72.147,4.456,13993646,12,31.701936179599,26.7637284419232,206.8547,..,..,..,14.1223,185276.785
2022,YR2022,Vanuatu,VUT,962259773.708716,5.59195729750803,3073.86062658113,6.67930581887121,0.928493742927241,15.3546270094527,55.1192124751641,..,1.1263520377197,81.6202730589115,2319.14798464123,..,70,..,..,25,36.2838392124692,7.28588304103265,..,..,313046,154916,158130,2.31965082626492,22.2541249733107,71.302,5.077,111868,..,..,37.9045996592845,0.6476,..,5.04,..,0.0789,85875.245
2022,YR2022,"Venezuela, RB",VEN,38847575548.155,8.07453416149069,1376.93801227125,..,2.63893293757608,16.3490943080464,11.5489599229843,75.82180023,9.58036143387288,66.4667731210739,214.369133226695,..,100,..,..,..,52.2949719403662,18.7539898254168,1364.68351163595,..,28213017,14260990,13952027,-0.087895947265923,89.2132204732836,72.566,5.646,10509662,17,..,-2.11951310381051,160.2607,..,..,..,8.9701,259673.464
2022,YR2022,Viet Nam,VNM,360611028653.678,8.53750041218142,3617.66311280437,3.15650749963112,4.32947308910883,93.420129043511,89.7334901043249,78.58999918,21.3681380805533,137.852422819653,4713.44214180776,42.689178907016,100,..,..,..,47.203321964464,25.5235044035632,1023.0571362687,40.1977454271822,99680655,50859448,48821207,0.750756665157789,37.5478515625,74.502,1.57,56475416,10,44.7536854027422,438.085123053217,494.4744,..,..,..,23.9031,8576703.76
2022,YR2022,Virgin Islands (U.S.),VIR,3898534418.35646,-1.31123206333498,36983.431060272,..,..,97.3672945205479,108.26198630137,..,10.0662374143133,91.4619626157421,607.135742270877,..,100,..,..,5.9,57.7428571428571,5.7133396852832,..,..,105413,54818,50595,-0.432595819529278,95.2171514724412,80.319512195122,12.092,47986,..,..,2.51046025104602,0.0245,..,..,..,0.0051,420.152
2022,YR2022,West Bank and Gaza,PSE,15635000000,4.08276027347105,3099.9609010368,3.74122391852077,1.62179695015304,18.4362526414651,63.9586757454802,88.64690554,7.93673083556539,76.5666403406424,517.882818900423,1.25502447705891,100,..,..,15.4,1.68298755186722,23.734512216626,..,..,5043612,2535941,2507671,2.42553777623863,86.5961423216016,76.662,24.42,1391230,10,45.7982801281791,..,..,..,3.1,..,..,4926
2022,YR2022,World,WLD,91485038370116.5,3.44001097265647,11452.0202124616,8.08169507021982,1.84543255880137,30.7214011310868,29.950740966666,67,17.73,108,14531.0793870017,22.9132724356618,91.2817736699915,2.5711591602204,..,..,31.133948934895,32.732143387781,1852.6195423046,35.8141828358927,7988550201,3970177260,4018372940,0.867263337143777,57.0722541398634,72.9689585478052,5.23462796913747,3599248427,10,42.0465698242188,60.037933397637,51748.121503622,..,..,..,2471.90279358616,224383315.462
2022,YR2022,"Yemen, Rep.",YEM,..,..,..,..,..,..,..,..,1.27124133725573,46.4534353720531,9.20914480637197,..,76,..,..,..,1.03983180862549,47.1146493200055,171.249370425335,..,38222876,18866431,19356445,2.87334358526139,36.3226310308295,67.952,17.224,7408746,9,..,91.7102204248562,33.5629,..,..,..,4.09,150480
2022,YR2022,Zambia,ZMB,26175604214.1895,5.21122360356247,1298.8480495593,10.9932039209136,-0.223286755156161,40.1939977114306,29.1033177078897,15,0.428949863290405,98.4372601156219,49.8190387922595,0.716710301849432,47.8,..,..,..,59.7769691548178,23.4901848842686,791.621385622627,11.1014210229313,20152938,10179081,9973857,2.76365042984169,44.5988511178469,65.279,5.993,6905885,7,..,133.918722146229,37.1091,..,..,..,8.5247,193342.5
2022,YR2022,Zimbabwe,ZWE,22001713149.7897,6.13926327570213,1369.19761495571,104.705170628667,0.826253561026726,18.770523992324,24.8445524375252,36.25650024,1.62150159909829,88.9958314912836,78.1004185933511,1.47693113776014,50.1,..,..,..,44.8557321959416,17.3901790946352,447.385982833743,34.0210759844703,16069056,8426339,7642717,1.7062092862652,38.7055207169041,62.36,10.087,6118687,7,..,-18.6347774080977,28.0256,..,..,..,4.1341,109172.51
2023,YR2023,Afghanistan,AFG,15672648238.1005,2.26694373649188,378.06630312259,-4.64470870797775,..,16.2352784419391,50.764299620256,15.92840004,0.0800873028793967,55.5474967036959,43.758544404586,..,85.3,..,..,..,1.85278199408184,37.9483109911724,..,..,41454761,20530683,20924078,2.13559384981397,25.4730529631167,66.035,14.008,8846502,9,..,150.820470784744,32.4351,..,..,..,3.7526,13660
2023,YR2023,Africa Eastern and Southern,AFE,1072111623592.75,1.94138157772015,1428.54623843676,7.39918558080627,1.96226870934897,26.1604657168212,29.503506685176,27.8,0.78,82.3,1307.54867974031,5.70485089555019,50.6675157944854,..,..,..,29.4950560821563,25.2834028964264,565.221624381903,51.7047051841363,750491370,379019549,371471821,2.51916664518144,37.7723012408349,65.1462279163724,7.67654773372157,286716203,7.5,..,83.4217467705976,1518.6354,..,..,..,190.2349,5147235.072
2023,YR2023,Africa Western and Central,AFW,905988605069.203,3.64459087867006,1782.32607004266,5.22116801324002,2.08109893521951,..,..,38.5,0.48,101.4,37.8798235282992,2.94363862736927,57.0647374680747,..,..,..,19.5628109394299,50.4240139947409,345.236396215776,0.238490734124591,508318102,252489126,255828976,2.37937619625479,52.3021093132307,58.8474833840405,3.20335496340002,214632349,9,..,100.264735942425,869.4107,..,..,..,108.1587,4382221.013
2023,YR2023,Albania,ALB,14962975920.9066,4.01541716935742,6204.43525612114,4.75834555150038,6.90036950940795,38.4188212901288,43.9336721089435,83.13559161,22.5048592377088,92.9973271969712,1389.50050131486,0.682326849473647,100,..,..,..,28.7919708029197,15.5141032036885,889.361655638963,..,2411658,1219316,1192342,-1.64410790425763,58.2106086137857,79.602,10.669,1278064,9,64.7293520237257,-36.850344395742,7.2612,..,..,..,0.7592,19338
2023,YR2023,Algeria,DZA,215143978140.155,4.10000000005964,4660.40545687895,9.32217375928322,0.489819143410423,23.7900604738163,19.9497379768844,76.19760132,12.0086836084024,111.60623555659,100.294126063305,..,100,0.37787,..,..,0.830314224054683,16.5394687279881,1503.41406578063,..,46164219,22614984,23549235,1.49897601193923,74.732808364138,76.261,11.645,13290460,10,55.5320185816789,96.1620452930473,258.939,..,..,..,6.7398,100512.026
2023,YR2023,American Samoa,ASM,..,..,..,..,..,..,..,..,..,..,462.953220681383,..,..,..,..,..,85.2,4.32593683167305,..,..,47521,23520,24001,-1.71290294190977,81.3721542708222,72.852,..,..,..,..,21.9178082191781,0.0089,..,..,..,0.0021,1266.92
2023,YR2023,Andorra,AND,3252613194.28066,2.58355480961319,40227.23352974,..,7.28597182118917,..,..,94.21499634,51.7401306025527,156.09725932522,14618.5811813595,21.4346319155008,100,..,..,..,34.0425531914894,8.88302187970813,..,..,80856,39502,41354,1.43374756867515,88.8201609217082,84.041,..,..,10,62.4106937082277,..,..,..,..,..,..,0
2023,YR2023,Angola,AGO,101023726479.201,1.32016587081031,2748.95196954248,13.6441017767715,-1.9988544144521,32.6693723720411,20.9376402778275,37.88589859,0.373668982990052,70.0519587723571,40.2177899448233,23.4714139423334,51.1,..,..,..,52.0912696719339,19.9075690536367,448.870903352713,..,36749906,18568216,18181690,3.08065530722915,69.8515032220457,64.617,14.051,15255232,10,10.04935810264,100.328008332233,68.2808,..,..,..,6.6031,563140.905
2023,YR2023,Antigua and Barbuda,ATG,1673932146.2046,3.86550160079324,17938.3186828047,5.06713865364213,14.2656909589871,..,..,72.12409973,..,..,803.720690985469,0,100,..,..,..,18.0134090909091,8.4161129524253,..,..,93316,48908,44408,0.511400156215609,24.4500156687422,77.598,..,..,11,..,68.3292781832928,0.4151,..,..,..,0.0129,3285
2023,YR2023,Arab World,ARB,3047886326783.24,1.6487292798157,6322.02558331114,4.00025877060152,2.45858724905335,46.8268242818741,40.4664565670022,..,..,..,219.910154277324,4.99038793369506,91.6454299444509,..,..,..,2.75561651134264,38.9233143832018,1802.87198361075,2.05813618377831,482105978,232702770,249403208,2.25586602644063,59.569940800309,72.4446783578531,9.31338863204988,134541479,9,33.2456398010254,154.168052597051,3200.1842,..,..,..,104.6152,5800822.504
2023,YR2023,Argentina,ARG,591684674129.454,-1.85578803046339,12993.0928872416,133.488935594175,3.81190879856952,12.8223120961047,13.8546391521167,89.22897166,25.3580730689248,137.706086781571,5451.20150353984,5.44959440578319,100,0.60111,..,..,10.3212951412107,14.3465949932455,1763.50879742948,1.41051696523506,45538401,22941417,22596984,0.286976121920089,92.1945132257907,77.395,6.139,22069879,14,107.822574129434,49.2399982297052,377.6745,..,..,..,36.9039,874874.915
2023,YR2023,Armenia,ARM,15406163977.6894,8.29999999959539,5197.23509013575,1.98041877615554,2.39959276465582,61.008329479156,62.4104205984709,79.99663036,18.5458075085454,134.519957069953,1177.00637587289,20.9051560207484,100,0.1821,..,..,11.6183158247114,28.5532304553511,1300.30532664528,..,2964300,1589229,1375071,-0.165163937436499,65.6956882008852,77.4658536585366,12.405,1430641,12,56.2770051010456,-55.8724307601165,10.726,..,..,..,0.451,25899.999
2023,YR2023,Aruba,ABW,3431523924.65298,9.51636022347185,31963.0764505349,..,-3.66893557834966,79.8588933716615,73.8602649722975,..,..,..,1397.18141935003,6.86800836378335,100,..,..,..,2.33333333333333,..,..,..,107359,56653,50706,0.0456516784920034,61.8351492675589,76.353,..,..,13,..,158.511121198366,0.5695,..,..,..,0.0098,171.5
2023,YR2023,Australia,AUS,1649424913623.6,3.58382100798981,61869.082498576,5.59701792296707,2.03614704389564,26.701068252275,22.3432710661529,96.1160965,36.627426494239,112.513177133796,47565.8931035132,25.2582777120781,100,..,..,..,17.4213145571644,6.41473930057816,4927.64894813822,46.5005792898417,26659922,13432672,13227250,2.43450716351535,87.4866955653765,83.0512195121951,3.668,14646578,11,104.64835357666,27.5262052368581,587.5131,..,..,..,53.5159,355610.371
2023,YR2023,Austria,AUT,424607814488.72,-0.786244288594673,46497.9114640341,7.81413417002831,0.566112370322707,58.4867595713944,56.6661552513376,95.33467117,29.3725409835617,121.746207105931,42281.0014410145,15.9232697881169,100,3.25517,..,..,47.2402653902084,10.0337620235066,3308.71167042411,2.57227862794018,9131761,4637070,4494691,0.989464653969154,69.2265358276021,81.7926829268293,5.264,4762160,13,91.6818237304688,-10.7027532661906,71.5963,..,..,..,3.2246,5520.229
2023,YR2023,Azerbaijan,AZE,57558830022.9022,1.35447749115767,5668.61021317029,8.78543049849081,0.349083720733803,48.9964135000536,34.5394726155785,89,20.8825041017301,107.686732782159,549.736368813028,4.17224487630151,100,0.1816,..,..,14.1119540229885,23.7138875571912,1732.19739502846,..,10153958,5178464,4975494,0.120242150339289,58.5075350483702,74.429,5.64,5073676,9,41.3907560278377,-9.87330324765714,60.9918,..,..,..,2.4634,66496.1
2023,YR2023,"Bahamas, The",BHS,13185372844.5039,3.04824180553773,33009.645615121,3.05291578969743,2.11151935376225,37.8114502367185,38.7380249225672,92.38729858,23.816342880032,100.047566593231,6434.00761065492,0.0138247645369376,100,..,..,..,50.9350649350649,5.28191362280586,..,..,399440,208531,190909,0.477303918283875,81.3213799173676,74.552,8.645,241834,12,..,36.8650550795594,1.7891,..,..,..,0.043,8700.373
2023,YR2023,Bahrain,BHR,39966811156.113,3.87811614845566,25342.6226641572,0.0746206782192256,15.6428756083644,87.351143952571,70.0967107297264,100,17.1582362107608,153.899937948583,5578.10456045081,0.387343644517371,100,..,..,..,0.95,56.5654845582004,10511.6129705274,0,1577059,598073,978986,3.37686417721007,100,81.284,1.049,903224,9,57.0562240948353,123.288665646019,64.9022,..,..,..,0.2265,16605.795
2023,YR2023,Bangladesh,BGD,323279976841.364,5.77511237007889,1885.37733613545,9.8835030377921,0.335721505298968,13.1571638341204,17.8258075763392,44.50274195,7.89245848428319,111.280894357567,388.168008314603,..,99.5,..,..,..,14.4899215263887,69.2525518340174,287.753137358845,10.587745719721,171466990,87109279,84357711,1.22171475464107,32.1578465036834,74.672,3.352,74789575,5,24.2003442708621,188.260622775444,215.8337,..,..,..,23.0547,4915240
2023,YR2023,Barbados,BRB,6127048645.01886,1.81419817804516,21701.2660270701,3.18718905472632,3.11355771433659,..,..,69.67510223,..,..,1059.02187464581,18.4336134860133,100,..,..,..,14.6511627906977,10.9080492042776,..,..,282336,146972,135364,0.00637558575909917,59.4235740235775,76.178,6.54,151472,11,54.2600399378744,3.81920112123337,0.8889,..,..,..,0.0365,938.579
2023,YR2023,Belarus,BLR,59638602543.5231,4.12654007153881,6497.78450683592,5.0005990309131,2.74854001098901,66.0267285714941,65.5579463134666,91.51249979,35.0931910729644,128.979176539764,11946.8772968583,..,100,0.57348,..,..,43.4080686559958,11.9843753055171,2856.48127583212,0.0575415377975976,9178298,4900868,4277430,-0.540824986374776,78.8146420666327,74.1837804878049,3.461,4861854,11,72.8250212584046,-40.0342688518348,86.9331,..,..,..,14.6517,7992.503
2023,YR2023,Belgium,BEL,528074098661.743,1.56125539542029,44828.2274521244,4.04901077613941,-0.652733821591808,82.8132982978783,83.174142438564,94.62625074,43.7026445985633,103.196426365374,33664.5855592207,18.6668227645892,100,3.27235,..,..,22.604446776415,8.44918716609445,4051.07409072709,2.18973739885015,11779946,5973333,5806613,0.850263748167955,87.551492636772,82.4,5.547,5365023,13,82.1475601196289,-23.7218722256368,107.2263,..,..,..,7.5516,18253
2023,YR2023,Belize,BLZ,2534753858.51431,0.500127941638667,6165.69414825936,4.38984017487675,0.553310090034322,54.9308418513115,51.4696639994596,70.18720245,..,..,405693.422134437,0,99.6,..,..,..,54.5186321788689,16.7646615164655,..,..,411106,203619,207487,2.05772774277288,41.9459437504976,73.566,8.278,172940,8,22.3734089825019,128.898033836305,1.0012,..,..,..,0.1088,197929.138
2023,YR2023,Benin,BEN,17831007125.9788,6.3527773854442,1263.62158336368,2.73870078406075,2.25158090881957,20.003519091069,24.6596117269521,32.39400101,0.170880461346773,116.036046685168,12.4016425727555,4.41801513975982,57,..,..,..,26.4734835047889,39.6565559870988,394.574637069967,..,14111034,7036429,7074605,2.52274772277722,51.7457922964593,60.774,1.641,6260192,6,..,352.053973794577,17.3539,..,..,..,2.0773,54578.334
2023,YR2023,Bermuda,BMU,7391402374.38734,4.33447280353832,114244.681047132,..,1.75309861795349,52.7605680301685,24.8859615268368,..,..,..,5718.87848156048,14.9372818212848,100,..,..,..,18.5185185185185,4.6349320219719,..,..,64698,33018,31680,-0.0787967316952785,100,82.309,..,..,13,17.3357105255127,5.2855622561192,0.2968,..,..,..,0.0078,321
2023,YR2023,Bhutan,BTN,2737023911.63804,4.63215702969933,3480.51388523184,4.22934419929251,0.338339566522946,28.3881078975658,53.3485199564153,90.02140045,1.31881966212479,95.6260610260877,1227.13429172733,0.0107261524845822,100,0.10787,..,..,71.60513896172,30.0727424508173,..,..,786385,365702,420683,0.698146584889649,41.7352457989939,72.975,3.126,401407,..,15.0074996948242,146.901246574131,2.7927,..,..,..,0.1833,48
2023,YR2023,Bolivia,BOL,38235698457.1529,2.51636590154891,3122.77049466223,2.57688800489192,0.458812480265399,22.4028095381649,27.2055160212948,77.30039978,11.1529423948186,..,326.60471004991,8.16517022638076,99.8,..,..,..,46.3457431920982,28.1374394437756,847.306714580511,..,12244159,6108428,6135731,1.37334382280772,70.9151414044538,68.581,3.024,6704214,14,..,94.4036507089728,57.2128,..,..,..,6.869,44763
2023,YR2023,Bosnia and Herzegovina,BIH,20681710969.038,1.99439414850893,6493.32400514463,6.1059011284828,4.0920266922729,43.9317398178138,55.7012919776304,83.3771539,28.440133083292,117.733690876159,5345.87433317855,4.96705366555243,100,0.18853,..,..,42.7326171875,26.0886959562752,2171.0481914264,56.4212976432936,3185073,1670406,1514667,-0.617510129445164,51.5657239834305,77.85,10.668,1366194,9,45.5027618408203,-14.2140071429006,28.1994,..,..,..,1.1868,4370.6
2023,YR2023,Botswana,BWA,18029021881.095,3.20806812224438,7269.05170664457,5.0676154934383,3.8196512349079,32.8968928794687,37.2159398529822,..,6.16495796381324,179.027305378019,441.085635122996,0.539469030954736,76,..,..,..,26.2908263194114,13.2435593608353,1249.83080453765,98.8534242330338,2480244,1243275,1236969,1.64031664035479,67.0212655349864,69.163,23.381,1146757,..,20.5658232475186,35.996591374884,12.6077,..,..,..,2.0977,1207
2023,YR2023,Brazil,BRA,1961080794855.6,3.24165532906981,9288.02701470069,4.59356282283204,2.86383344298207,17.9693243032741,15.6969055268697,84.15060238,22.4192301618889,101.020256020808,5628.66295682819,9.849149349554,99.8,1.1938,..,..,58.9818729765235,13.3827173243912,1481.22439922518,1.98997733169775,211140729,107227668,103913061,0.395928695574996,87.6159710235763,75.848,7.947,106356432,14,..,99.7995644110924,1297.1707,..,..,..,167.2598,1511255.968
2023,YR2023,British Virgin Islands,VGB,..,..,..,..,..,..,..,..,23.5269975631653,90.8246761574965,1982403.48852123,..,100,..,..,..,24.1333333333333,..,..,..,38985,20572,18413,1.72311000328138,55.6407774494219,77.276,..,..,12,26.6493055555556,260.824742268041,0.105,..,..,..,0.0045,1127.541
2023,YR2023,Brunei Darussalam,BRN,13147036779.4979,1.12764418162719,28645.9645396284,0.35706431153689,-0.37050451622702,76.7032024805205,60.1602321699593,98.97039795,20.2120497048692,118.673752421293,8774.3954121264,1.01925056768477,100,..,..,..,72.1062618595825,7.56922294285959,8658.00697644634,20.3885225450009,458949,215060,243889,0.782881746925984,74.8199193881365,75.327,5.296,234630,9,36.4182725443167,106.117984824663,12.0612,..,..,..,0.4239,19386.57
2023,YR2023,Bulgaria,BGR,63097767380.2873,1.68151075832925,9787.76510584614,9.44284140088564,5.05862477510411,62.0049746360507,57.8945312158656,80.38956462,37.0235717545079,117.932685806225,54104.3676383629,12.0578944173221,100,0.79224,..,..,36.2196020633751,19.6823426211069,2604.19104505407,29.1466898521923,6446596,3326573,3120023,-0.286577641861364,73.7322671584613,75.7560975609756,4.319,3134615,12,79.8532333374023,-50.7072629934514,49.6647,..,..,..,3.8397,16632.217
2023,YR2023,Burkina Faso,BFA,17163536264.1285,3.00027415814125,745.405334618409,0.742910428668918,0.54430723483886,28.9494254778906,34.2036181095058,25.36120033,0.459463342299517,116.16313821519,22.583386549057,3.79784659837351,21.7,0.09845,..,..,22.172514619883,37.3246424541393,325.943903136553,..,23025776,11557013,11468763,2.26973666268599,27.7872478365158,61.092,3.601,9442280,10,10.1078755635882,205.943378704662,34.5921,..,..,..,6.2858,31465.749
2023,YR2023,Burundi,BDI,3625559221.94932,3.25476897326196,264.84330794512,26.9414835762453,0.9942604776831,..,..,7.172299862,0.0203441336211462,63.1631365759764,10.2999024796467,1.30508367041098,11.6,..,..,..,10.8894080996885,35.6918123934643,..,..,13689450,6889475,6799975,2.72764441044431,23.5534768372276,63.651,0.911,5893737,..,6.02545976638794,168.741178401444,8.1872,..,..,..,1.4246,20315
2023,YR2023,Cabo Verde,CPV,2177429478.93487,4.7947613911073,4168.67748407593,3.72437517668748,6.33796272131159,39.2805048495495,55.7519894851197,74.59919739,7.23008973237277,113.022968194497,951.503931415137,1.15215005835922,98.6,..,..,..,11.5682382133995,20.1930112407691,..,..,522331,256640,265691,0.497087597239901,75.9064245753376,76.059,11.882,219684,10,..,309.364858599907,0.883,..,..,..,0.0639,8887.699
2023,YR2023,Cambodia,KHM,36329791405.1421,5.00733043811898,2085.05748462122,2.12746796594194,9.35096701989758,66.8926660552171,67.3141763407136,68.92549896,3.64181801068419,120.80911943838,223.199425156739,12.9853431148883,95,..,..,..,43.0619759800589,19.4262068786841,554.905182911585,58.7225274725275,17423880,8889929,8533951,1.28320677599476,40.6290788072508,70.668,0.256,10027889,..,17.4362364390629,236.021129176099,48.9818,..,..,..,3.0995,866250
2023,YR2023,Cameroon,CMR,41656165354.262,3.34756290750219,1468.17837007337,7.38281384280984,1.68299656289954,16.8527562193087,21.0375759049491,42.24380112,..,96.4817325902196,17.0586592662161,2.10363029161033,72,..,..,..,42.6741130925938,55.603592684544,370.718209068186,..,28372687,14232102,14140585,2.64245336134821,55.1286878511388,63.7,3.607,10831875,6,16.0404395184936,34.1474764665213,40.358,..,..,..,4.733,241562
2023,YR2023,Canada,CAN,1822053687169.68,1.95308552199025,45495.5100892605,3.87900159788426,1.99841597173847,33.3416520498948,33.2328904516085,94.14530182,42.5241770773151,94.1497268194785,42601.5943234463,16.3717954388263,100,1.81048,..,..,39.4617117321106,6.55039237938261,7342.36758732052,3.72005143743622,40049088,20161078,19888010,2.78237404482922,82.5250564408346,81.6263414634146,5.415,22170293,10,76.2666931152344,27.8948938859532,755.2393,..,..,..,41.4501,871391.641
2023,YR2023,Caribbean small states,CSS,74671104148.0188,8.80514656985758,16520.5066629775,4.10449281822017,-0.900748919306987,..,..,..,..,..,39003.9257470955,0.0107137915815651,99.168477538461,..,..,..,86.4007417222342,13.4917478600712,..,..,4519904,2293907,2225997,0.501131442241158,50.1020889305245,73.1716450013098,7.51281290895946,1954501,7,..,114.091942377976,51.1395,..,..,..,1.0871,303744.084
2023,YR2023,Cayman Islands,CYM,6055328269.81965,5.80436961198644,82906.5454943954,..,165.458133910781,..,..,..,..,..,26561.5159232181,47.701413334623,100,..,..,..,52.4720833333333,..,..,..,73038,36362,36676,2.00104859136332,100,80.358,..,..,12,..,202.542372881356,0.3927,..,..,..,0.0082,215
2023,YR2023,Central African Republic,CAF,2047921417.64834,0.69996840076054,397.467795750451,2.97913852618937,1.51604656547544,14.4408262093734,29.0397439989846,13.8416996,..,..,2.5230857493982,1.87856696826495,17.6,..,..,..,35.6560403223217,33.2858847106909,..,..,5152421,2684793,2467628,1.06107453184959,43.6983692134165,57.408,6.181,1923117,10,..,68.1121475653558,12.7777,..,..,..,3.8366,29390
2023,YR2023,Central Europe and the Baltics,CEB,1652697842075.3,0.720328299990356,16496.6728779092,9.44284140088564,0.289016194994324,62.7220904063465,59.796001895308,..,..,..,45548.8635492396,14.2723787172478,100,1.34182612383603,..,..,34.6417826005353,15.3086895796362,2527.170728517,35.3141999216676,100183707,51639515,48544192,0.111693279901196,61.69707902806,77.7580384683685,4.01230416616797,49220026,10,68.5388870239258,-42.3815733065953,807.0904,..,..,..,64.3667,632108.692
2023,YR2023,Chad,TCD,16556157862.2862,3.99861309461539,856.985507283698,10.8363568399843,4.97649325238016,29.1015893607964,17.7610595151764,12.03590012,0,70.1873962423852,1.24229621062387,..,12,..,..,..,3.16103105146125,42.9595249298994,187.874009544708,..,19319064,9627875,9691189,4.57399213394625,26.3305395171046,55.069,1.059,6143264,10,..,775.437613526483,96.8733,..,..,..,21.5149,109115
2023,YR2023,Channel Islands,CHI,11707875863.1821,3.71500590367266,69818.1528119104,..,..,..,..,..,..,..,..,..,100,..,..,..,..,..,..,..,167691,84865,82826,0.284259058075622,32.7554337975051,81.1,5.928,81944,..,..,..,..,..,..,..,..,..
2023,YR2023,Chile,CHL,281017358307.658,0.677024831595858,14294.7106635595,7.58168251407962,5.72340675956374,30.7750617433637,29.901582730252,94.45742345,22.9954165646133,135.871118507277,12299.9658931976,10.7195633423709,100,..,..,..,25.0116461113584,23.1032480114662,2059.27616196845,16.0555334130464,19658835,9888681,9770154,0.53962870957127,88.8158617217972,81.167,9.013,9991796,12,104.734062194824,113.275042212385,116.8374,..,..,..,5.9452,4099413.256
2023,YR2023,China,CHN,17611274170444.3,5.41600334492955,12483.9791101249,0.234836828893051,0.280991103634816,19.4023091648376,17.3368405290018,90.6,44.728886496649,128.247014127486,1508.37096213963,26.5682136542881,100,2.57729,..,..,24.0319389958256,31.991575365069,2850.94152906511,61.3408061134072,1410710000,691540464,719169536,-0.103794531589067,65.5301448035523,77.953,4.67,774607590,9,74.5933014618366,315.104964018928,15411.7834,..,..,..,420.1855,91540331.6
2023,YR2023,Colombia,COL,357739280193.385,0.841819555752039,6837.37392084534,11.7359044948689,4.57716748279263,17.8077746975806,22.3255418346774,77.33686322,17.0369815251774,166.980107777443,1109.11166481961,8.59989159781141,98.7,..,..,..,52.7661596214511,18.3566187713727,872.633394703758,10.1681434764588,52321152,26502596,25818556,1.12092864340999,78.275571579544,77.725,9.591,26478562,12,..,62.9496253264073,215.4766,..,..,..,18.6862,629153.563
2023,YR2023,Comoros,COM,1176631184.41719,3.1866131800554,1383.64201759575,8.37373955490996,0.365132085679526,10.3108363180596,34.1290271316493,31.92749977,0.387941019794517,109.855630436495,18.8149630697553,3.13907204820087,89.8,..,..,..,16.9801182160129,10.1727579725379,..,..,850387,422690,427697,1.92327433672711,33.1502180946901,66.777,3.833,295028,6,..,200.577478344562,0.9369,..,..,..,0.0636,13883.302
2023,YR2023,"Congo, Dem. Rep.",COD,57069235865.1432,8.5334898318451,539.45912637913,..,3.40082269757578,42.0539835211192,44.6860746587097,18.96789932,0.0219936280960956,53.1888827659463,8.82883424668128,0.199611665225369,22.1,..,..,..,54.1898572594341,35.8125021813766,409.433571513278,..,105789731,53305848,52483883,3.25963514299902,44.3754734892194,61.895,4.469,36727006,6,..,125.802631423124,57.201,..,..,..,7.1449,267310
2023,YR2023,"Congo, Rep.",COG,10369226732.5707,1.90686426346754,1677.08549205924,4.30174563591016,4.0889721782705,56.8959278033859,39.314466600576,43.15039825,1.26798412068153,94.8715365076336,18.5997313551845,3.15972234574724,51.3,..,..,..,64.1317715959004,36.5403519085882,576.049227168162,..,6182885,3091656,3091229,2.41919038084212,63.6626757615625,65.772,19.919,2481698,10,10.3812103271484,123.943868660002,24.4166,..,..,..,0.69,61887.103
2023,YR2023,Costa Rica,CRI,74190939160.446,4.79187732359398,14531.5005137466,0.525193508693455,6.05567371313475,38.0957487081207,33.3422823259329,85.39514799,22.5231293549635,133.527658761832,1956.70376699752,24.177789153066,100,0.33738,..,..,60.3991382687035,17.6979830088429,1025.14935705085,..,5105525,2582392,2523133,0.46646444898736,78.8819393641702,80.799,8.325,2340628,13,..,74.3290706521173,16.7267,..,..,..,1.7401,45694.85
2023,YR2023,Cote d'Ivoire,CIV,72159844125.7554,6.60000045209176,2315.36434710324,4.36972254867474,3.07641433618414,22.4353390507141,26.3816648596191,40.65284979,1.36336622359986,171.988943341282,63.4352162159023,4.41310726011773,72.4,..,..,..,7.85551603773585,20.3873194822538,483.503922762538,..,31165654,15296021,15869633,2.50384681190665,53.4075201638704,61.944,2.263,12285672,10,11.5724272130065,269.594268233779,36.7288,..,..,..,2.9722,85096.347
2023,YR2023,Croatia,HRV,66484829951.6172,3.76204092717136,17225.4504515697,7.94128177586822,3.90313322235581,52.5673730204834,54.7104286111181,83.24117599,28.4709561519529,117.112604314708,29421.5643448716,11.0335908814715,100,1.38621,..,..,34.785739814153,15.7786705432032,2237.23369863861,7.55373125819509,3859686,1998511,1861175,0.104856226330186,57.2431560672198,78.4731707317073,6.121,1731788,8,81.1775207519531,-18.3610312393391,26.8024,..,..,..,2.29,83057.503
2023,YR2023,Cuba,CUB,81915873064.4531,-1.92937123169681,7433.42885399674,..,..,45.6267674849104,74.9071109422767,69.55580139,2.97118012807884,69.5767786567811,169.329553878332,..,100,0.39213,..,..,31.233140655106,9.44801581673589,775.831381587569,..,11019931,5580991,5438940,-0.361317873522215,77.1259872296321,78.085,1.73,4949822,9,49.7285704304293,-40.5406916272246,35.0999,..,..,..,2.595,26239.32
2023,YR2023,Curacao,CUW,2679684375.22705,4.20199929761131,17326.9645481336,..,4.16291092136416,..,..,..,31.5126707545287,93.7975591472655,4597.35926649165,..,100,..,..,..,0.157657657657658,..,3589.15943824479,..,154654,81093,73561,0.865660085534404,91.4080929292235,76.8,..,..,14,..,..,..,..,..,..,..,2251.296
2023,YR2023,Cyprus,CYP,30668288120.7253,3.62045368236082,32022.01953125,3.54134188751646,-63.1546391215421,96.3899707005315,94.3509872559874,91.22110357,36.9005587748344,148.333712748344,557174.254410488,18.7419533928829,100,0.68145,..,..,18.6655844155844,16.0691610763589,1672.78575414138,..,1344976,667374,677602,1.0167681770201,66.6739477522639,81.648,5.835,767136,10,107.26212310791,63.1812806822661,9.1078,..,..,..,0.2825,6924.043
2023,YR2023,Czechia,CZE,220242240981.103,0.0475803308973752,20272.5874017334,10.6612601372427,3.4462419046487,68.4031069284452,63.489491367431,85.99404818,37.9099783935119,126.004753501387,80152.0281309664,20.302723987427,100,1.83369,..,..,34.7623883740408,12.7487592084261,3509.34804885656,39.4680795802815,10864042,5507052,5356990,1.78238907045946,72.7352388396817,79.8268292682927,2.579,5536510,10,66.7282867431641,-45.4693719260693,108.8331,..,..,..,6.042,21982
2023,YR2023,Denmark,DNK,351030642724,0.604587766175584,59026.9843650999,3.30517811237606,2.0346382929142,69.3143620591443,60.3109753721333,98.77559197,44.0352069959396,126.717092547985,261262.408036924,17.1321575837404,100,3.04841,..,..,15.7815,7.50264703002735,2482.85667093368,7.48547373413969,5946952,2990995,2955957,0.741185515720057,88.552638542867,81.7536585365854,5.094,3189737,10,81.2308197021484,-43.5739588389125,38.9461,..,..,..,4.3761,528357.72
2023,YR2023,Djibouti,DJI,3594666717.82039,6.80733529403308,3117.8155381531,1.44905087029086,3.51446231641349,150.741322598259,135.160721202385,64.75869751,1.47205761945073,48.4504884885996,63.3161714706005,3.27550022198031,65.2,..,..,..,0.260724762726488,40.2974292106183,..,..,1152944,581342,571602,1.38410272350128,72.8408245988921,65.987,26.074,258002,10,..,29.053871508078,2.3884,..,..,..,0.2168,3185.8
2023,YR2023,Dominica,DMA,595064186.903307,3.65221012208734,8946.98822588042,5.08677483158112,7.2826833844529,..,..,81.33650208,..,..,66516.3133363404,2.88328233207454,100,..,..,..,63.8266666666667,11.5165760747608,..,..,66510,33212,33298,-0.473991407609536,73.1105011438027,71.132,..,..,12,..,87.7987421383648,0.1493,..,..,..,0.0115,521
2023,YR2023,Dominican Republic,DOM,99828029402.8707,2.19229848237939,8809.96335385949,4.78561281021135,3.94375586800192,21.3233165320401,28.5202966444017,86.12689972,11.1345555858062,91.8676246650308,216.480684195454,6.03092939982151,99.6,..,..,..,44.9887775472934,13.5127642846618,1011.62393484072,30.5765030700128,11331265,5696732,5634533,0.891159203732232,72.3577991823338,73.72,5.555,5323558,15,58.2428049803824,199.025500309222,49.8018,..,..,..,3.06,21246
2023,YR2023,Early-demographic dividend,EAR,13285513155386.8,4.12336017326531,3783.31364991383,5.88585897042164,1.58743309308676,26.1202493165318,27.553577810249,..,..,..,1548.70262912202,12.6410955409151,95.7044381043822,..,..,..,22.5747804219108,42.6148722100008,954.95062377514,39.3349407062877,3511607650,1730506420,1781101230,1.17335447434549,47.0167430983708,71.7962449795855,5.11313521249178,1431647665,10,35.5325889587402,143.598070892251,13059.562,..,..,..,795.2207,72058236.796
2023,YR2023,East Asia & Pacific,EAS,30613052966806.9,4.07119548974431,12838.6681574645,4.25155508842779,1.46754388160306,29.6746080486877,27.3922118788981,84.9,33.13,130.9,5202.09452738992,33.7195733488147,98.4044624957692,2.77833006240947,..,..,27.2571703670899,27.2993177289357,2419.76967105104,54.9828315127339,2384441485,1181255672,1203185813,0.20253187675137,64.0244370902805,76.6572021082574,3.86187012642211,1281423115,9,61.8918609619141,201.747750140946,21173.2896,..,..,..,682.4665,147384757.015
2023,YR2023,East Asia & Pacific (excluding high income),EAP,20661523520296.8,5.26014161362973,9666.08432645256,5.88585897042164,0.594063387009373,23.3136635628917,21.4549654733318,84.2,32.48,126.9,1858.6107209909,29.386725870435,98.2376383007189,2.47582029067574,..,..,30.6066319819383,28.8246213833744,2246.31817940879,59.7803697163685,2137527754,1055764642,1081763112,0.185776878891948,61.2276463501262,75.8806830895266,3.97712381690091,1144337266,9,60.2147789001465,288.345708560275,18609.7081,..,..,..,586.7201,137817791.113
2023,YR2023,East Asia & Pacific (IDA & IBRD countries),TEA,20635921667680,5.2600647393007,9774.78042985959,5.93194206291787,0.594427619831629,23.3118776698442,21.4416655184739,85,32.88,128.1,1881.80726800334,29.3867258704351,98.7474424069608,2.47582029067574,..,..,30.4647057827874,28.9124888929939,2266.24454463031,59.8410333788273,2111139152,1042418443,1068720709,0.183862594333235,61.1991011324118,75.9085643603807,3.98514803684521,1126751423,9,60.657829284668,300.060970767988,18520.549,..,..,..,585.0574,137015975.252
2023,YR2023,Ecuador,ECU,110854579493.525,1.8328406107788,6165.40977555695,2.21568764237058,0.398026146047552,28.649536821321,28.5131570051099,72.6943146,16.0678902316524,101.031752745524,475.303701323292,7.27423385399254,98.7,..,..,..,49.5450958286359,18.6084478897872,949.273888855786,..,17980083,9015132,8964951,0.872456027022398,63.1307729554263,77.392,3.51,8695838,15,67.8851161961618,107.214011328863,73.1998,..,..,..,3.8383,1932080.742
2023,YR2023,"Egypt, Arab Rep.",EGY,470892276432.179,3.76028052279247,4111.3118479018,33.8847763115546,2.48546400695984,19.1060913405676,21.3443094314355,74.01190186,10.8642477216638,92.8261626420085,53.3021246846793,3.16286878393567,100,1.03356,..,..,0.0451855944547692,43.1460553382462,928.39494742708,..,114535772,56705185,57830587,1.68834126904494,42.7098115041919,71.633,6.753,34567534,12,37.9005584716797,147.833005772752,369.7262,..,..,..,19.4378,2019620
2023,YR2023,El Salvador,SLV,28274665875.3002,3.35508721646165,4481.19664108356,4.04554694222477,2.31870856682009,28.7918551914872,51.0204099872994,62.61989975,11.6271746145254,179.705636976149,181.785792624093,6.40401071272118,98.3,0.10152,..,..,27.5279922779923,29.5862475987305,793.53801922306,..,6309624,3312439,2997185,0.465531145369394,74.6080675149903,72.099,2.992,2904981,15,32.3802636612661,103.011265776322,14.3801,..,..,..,0.9521,68577.063
2023,YR2023,Equatorial Guinea,GNQ,9223446389.92684,-7.4250553172124,4992.26076814571,2.85949506037322,1.13046555239989,37.8045825137903,22.8840801675135,63.51950073,..,..,43.8418683347505,..,66.9,..,..,..,86.3935828877005,42.2208052713627,1271.35042221008,..,1847549,872672,974877,2.41057232825781,71.1290664883517,63.707,8.218,706195,6,..,4205.99352051836,7.9747,..,..,..,0.0487,7227.452
2023,YR2023,Eritrea,ERI,..,..,..,..,..,..,..,..,..,..,0.288152052074839,..,54.4,..,..,..,8.63010013352237,33.6567997168068,292.343429731134,..,3470390,1757866,1712524,1.77168715176453,34.696403503418,68.624,5.909,1667350,8,..,38.9550208315619,6.537,..,..,..,1.2722,1881.932
2023,YR2023,Estonia,EST,27578887219.4051,-2.74421914571231,20126.3730486957,9.15922507983982,12.540812828973,77.7746597010983,76.8179574100507,93.18342241,35.2539796781149,150.195729068839,112224.017467886,16.581160524959,100,1.83878,..,..,57.0652937046572,5.91844561892566,3089.39333905852,48.9120974760661,1370286,719434,650852,1.57745133607335,70.6770085523126,78.7926829268293,6.378,755414,9,67.6179275512695,-67.146033221659,14.9843,..,..,..,1.6701,77613.695
2023,YR2023,Eswatini,SWZ,4663821718.37207,3.53257662836211,3790.16576788091,..,0.608772714416035,48.5010223337944,51.2235887477672,61.33330154,2.76365982774566,128.399211381334,139.779895425134,0.285307158606886,86.4,..,..,..,29.1389534883721,16.7458644287773,1007.28228546529,2.66222961730449,1230506,626490,604016,0.946270731993531,25.8081878500755,64.123,34.61,418086,7,..,-9.31185399012943,2.9217,..,..,..,0.4585,90
2023,YR2023,Ethiopia,ETH,108415879001.877,6.59424599054353,842.446604881663,30.2188278135278,2.40146315356828,6.59591829052029,14.0022832166203,20.33749962,0.534823180349513,59.8748744402242,17.4681050894878,3.75062055802087,55.4,..,..,..,14.9308975782695,23.8032820424199,382.175692692495,..,128691692,64205530,64486162,2.6036241976442,23.0586471557617,67.315,3.375,53419507,8,..,182.208374890305,188.4469,..,..,..,40.6323,131827
2023,YR2023,Euro area,EMU,13373125486938.7,0.460070365687699,37542.8850711276,5.94643667725823,-1.6055972287589,50.3935458363716,46.8035262609806,..,..,..,75387.1941104022,19.8727288982796,100,2.2895144565081,..,..,38.7747713546581,10.2790606788454,2803.07535665532,9.0969240941514,356209318,181872751,174336567,0.4341535020062,77.211826995621,82.1378956135498,6.52267389015226,175106091,11,81.8938369750977,-31.686185597251,2506.7912,..,..,..,152.6495,3660963.615
2023,YR2023,Europe & Central Asia,ECS,23805442456000.2,1.04695405528739,25741.0380070691,7.12042212089904,-1.17082982684115,46.3165919722184,43.3504254579673,89.6,32.56,130.2,45745.957517519,20.1997080018931,100,2.14079503057383,..,..,38.5873827255494,14.4111439011471,2931.82179165655,15.3757344204816,924805070,475696979,449108091,0.058157268386224,73.843585823465,78.3912342010497,5.55238526456095,426929632,11,81.5205917358398,-27.7991140134459,7949.3078,..,..,..,429.5993,19992003.988
2023,YR2023,Europe & Central Asia (excluding high income),ECA,2098131813476.21,5.05062997543834,8435.75381106955,9.07365149809048,1.86100536600511,35.0791932021449,38.7493776433952,84.6,21.79,113.2,6668.95162119507,9.23649820514439,100,0.904770346010955,..,..,11.286098231221,24.0483094992526,1884.59917291966,29.5502478966691,248718948,127106008,121612940,-0.719265625223627,68.1622524490527,74.7901416269909,7.17961712726961,88877599,10,79.1041488647461,-22.205969405212,1711.5975,..,..,..,104.1976,1730581.107
2023,YR2023,Europe & Central Asia (IDA & IBRD countries),TEC,4646671108820.37,3.8319198777364,10132.3013270566,9.36187249769015,1.49369471637468,34.9048994882672,34.1939875406011,87.3,24.09,136.8,16165.0130556394,10.7692093508033,100,0.993324007184082,..,..,39.3431148107069,19.0480921877041,3083.97827706336,25.4617735021972,458599775,238208844,220390931,-0.509492541975487,68.9599808529652,74.6977324805541,5.0769631792025,194203534,10,82.1417770385742,-22.5846407557735,4756.4815,..,..,..,229.9682,7823901.952
2023,YR2023,European Union,EUU,15543763521524,0.4380089249495,34626.5282460477,6.29942487419125,-1.30733855030344,51.7580205118519,48.1095093874691,..,..,..,71805.2980218459,19.2319864118603,100,2.26277335792334,..,..,40.0585479083994,11.0111775725417,2780.2009151871,12.5826480611497,448897545,229327804,219569741,0.378071389543418,74.8943502719612,81.4249329538218,6.02643653344515,221211061,11,79.4997329711914,-33.7513275867038,3222.5192,..,..,..,208.399,4630115.156
2023,YR2023,Faroe Islands,FRO,3213157332.58036,3.15873872329266,59067.5637446297,..,..,57.1947583465234,56.1416424338352,..,..,..,8364.2780984595,..,100,..,..,..,0.0583941605839416,..,..,..,54398,26264,28134,0.914125348702147,39.1975270123645,82.9521195121951,..,..,..,..,7.10321864594894,0.0965,..,..,..,0.0528,890833.4
2023,YR2023,Fiji,FJI,5324525626.08745,9.44245856738313,5761.56947891018,2.97544080604539,1.65373894455648,57.5069787068294,68.7751558036874,74.1160965,1.82947481185312,361.048644963723,229.40123032641,1.64679784443044,99.3,..,..,..,63.4953475643131,6.44872096526468,..,..,924145,465493,458652,0.51237740019889,58.6069049738768,67.316,5.316,383856,..,60.9679066767014,24.338152459632,2.6489,..,..,..,0.2108,32721.4
2023,YR2023,Finland,FIN,252373129874.188,-1.28973484453397,45196.4814400136,6.25064322154763,-0.0388895700301826,42.7684474643322,42.7457372575594,93.51385075,35.3318092510781,127.47302579722,153868.49826224,9.71402259549133,100,3.0938,..,..,73.7235162521384,4.56663882609005,5866.65173975112,4.14275202354673,5583911,2824431,2759480,0.499192375381062,74.0062548602828,81.5853658536585,7.149,2863035,12,108.130409240723,-31.7175218747904,49.874,..,..,..,6.1798,143884.6
2023,YR2023,France,FRA,2688358302961.22,1.43921494437743,39319.4152227295,4.8783572650844,0.590645170561014,34.4562568778842,36.1698881831383,86.83635789,48.6688340139444,116.687800394775,52017.9916172468,22.3835449721792,100,2.17832,..,..,32.4764820484275,8.22738625697416,3136.12237461475,0.584217935547692,68372286,35232867,33139419,0.275093143443794,78.7804323126547,82.8317073170732,7.335,31826568,13,70.4536437988281,-26.3999058203051,390.7429,..,..,..,31.2072,663773.938
2023,YR2023,French Polynesia,PYF,5809297011.57328,2.77284077155413,20664.9770259225,..,-0.105843018626247,24.0679217423403,47.6042820228867,..,35.5533975056738,118.777524029055,2312.19630190881,0.90861411457913,100,..,..,..,43.0596369922213,..,..,..,281118,138862,142256,0.263581727538977,61.6967135028569,84.07,11.613,120388,..,..,10.1662404092072,1.0338,..,..,..,0.0325,13871.5
2023,YR2023,Gabon,GAB,16253635205.6306,2.43893665041031,6541.25368618042,3.62901534185376,5.93517225575899,63.7282777796674,27.750375538247,68.19789886,3.97293291301595,122.606627765979,43.0620064721793,1.77313570365975,94.1,..,..,..,91.1823650405558,31.3215918230835,2041.86846663466,..,2484789,1222547,1262242,2.19891289669511,91.6375962797313,68.337,20.161,810513,10,..,5.52824590436836,21.5533,..,..,..,0.461,30010.775
2023,YR2023,"Gambia, The",GMB,1984568192.28141,5.91679576551141,735.612384062616,16.9742129632327,8.62799548450681,7.05322372905498,32.9087936176572,48.72829819,0.502141524068284,117.115660832998,52.2639365864236,2.3423098344067,66.9,..,..,..,22.2792391304348,38.265175638788,..,..,2697845,1354585,1343260,2.30124049704572,63.8020182456108,65.86,6.479,760304,9,..,98.8129923384051,1.8424,..,..,..,0.2175,55512
2023,YR2023,Georgia,GEO,22963990777.4548,7.83220126555726,6180.6206023429,2.48776056578715,6.86202066832702,49.2670598313658,57.8841193302132,81.88425624,29.3086367614167,155.249965068869,5251.80710018051,2.29303754401881,100,0.25084,..,..,40.6159159591308,18.5711667549529,1530.06712122186,..,3715483,1983955,1731528,0.0802640328443946,60.7523077799724,74.496,11.549,1878810,9,78.2652247393707,-51.8545012689982,19.6528,..,..,..,1.4142,213031.4
2023,YR2023,Germany,DEU,3695372350062.48,-0.869647578573321,44368.9920074881,5.94643667725823,1.99210813981277,42.9672624196847,38.9952859590786,92.4763763,45.380522509099,124.662572774586,139972.802327193,17.7818374796623,100,3.1539,..,..,32.6789342643734,8.81223056430691,2928.19658713867,26.3522185820533,83287273,42164031,41123242,0.131511079477747,81.9034366692129,81.0414634146342,3.071,43771247,13,78.5947494506836,-44.5095383912164,685.6584,..,..,..,30.5231,217433.2
2023,YR2023,Ghana,GHA,70678009775.3851,3.14009100080186,2091.81335596465,38.1069656296501,1.63794208218413,31.7708164943996,32.617045035709,70.67430115,0.555476730525596,98.8059221412722,48.1533130456056,2.11003762211445,89.5,..,..,..,35.1921958573042,28.143601284493,369.331287865765,..,33787914,16910369,16877545,1.90860289687983,57.8074737774654,65.498,2.829,12737097,11,22.0958254757285,347.056857783931,46.8225,..,..,..,3.387,501034.63
2023,YR2023,Gibraltar,GIB,..,..,..,..,..,..,..,..,..,..,8837.82589482987,..,100,..,..,..,0,..,3213.50201695807,..,38471,19326,19145,2.26613272520816,100,83.553,..,..,13,..,313.362887903736,0.6527,..,..,..,0.0084,28.739
2023,YR2023,Greece,GRC,219083738943.271,2.13591131996631,21050.8648111581,3.46480128513405,1.94366777616511,43.8388384656123,48.6322498290894,85.0102229,43.8539621755853,110.79216956747,14227.2514879146,15.1515337740903,100,1.4943,..,..,30.2699767261443,14.118664022908,1874.9562305559,9.19544835323343,10407351,5366507,5040844,-0.292192792101549,78.7746303842088,81.7365853658537,11.023,4658631,10,165.113418579102,-28.1764021258759,70.598,..,..,..,3.5389,204934.09
2023,YR2023,Greenland,GRL,2839256686.24476,0.865961986998158,49929.7755428605,..,..,40.7986421686905,51.0914572688916,..,..,..,4765.67308537765,..,100,..,..,..,0.000535997076379583,1.63628490009227,..,..,56865,26929,29936,0.359389425458904,88.0631147749908,70.9724390243902,..,..,..,..,963.829787234043,0.65,..,..,..,0.0074,397322.648
2023,YR2023,Grenada,GRD,1149485315.76389,4.52657497450693,9817.86383583917,2.69612269814564,16.4807317512533,..,..,69.4131012,..,..,614.958874625259,3.00776134164197,94.4,..,..,..,52.0588235294118,11.0315429587203,..,..,117081,58334,58747,0.143593450145476,36.462128238584,75.205,..,..,12,..,151.724137931035,0.2336,..,..,..,0.0094,3769.309
2023,YR2023,Guam,GUM,..,..,..,..,..,..,..,..,..,..,936.903174660373,..,100,..,..,..,51.8518518518518,3.47075894957671,..,..,166506,82090,84416,0.799555642468131,94.1349341638921,77.209,5.262,76663,0,..,45.0819672131148,0.0177,..,..,..,0.0055,141.245
2023,YR2023,Guatemala,GTM,81000900543.9077,3.52430434049013,4469.05514652918,6.20657592272126,1.58230175223989,16.6174908714024,31.7123069758568,56.72669983,5.08082886037381,113.709374947241,109.187182804061,5.77662450839393,100,0.00609,..,..,32.5961179544606,29.6792763049113,934.930920861207,16.803105151729,18124838,9135826,8989012,1.53986971917384,55.6082319565539,72.602,2.344,7329032,16,27.2948879201171,228.699435002332,42.9929,..,..,..,4.5157,55814.433
2023,YR2023,Guinea,GIN,14648645956.2703,5.54172668627702,1016.88094800324,7.80497591927973,5.86822813302221,44.1320630492989,51.6974637089281,32.31560135,..,97.8794996455513,10.4821308131051,..,51.1,..,..,..,24.6988442129253,27.2639917651602,..,..,14405468,7282935,7122533,2.46199049961035,37.6454083954705,60.74,5.141,4470129,6,..,314.849877495397,28.6151,..,..,..,4.1543,421600.49
2023,YR2023,Guinea-Bissau,GNB,1657004378.82743,4.63052364601562,769.504652461795,7.10220928557059,1.21022351361357,13.7413098032507,28.6938417209569,28.71240044,0.310448099439986,128.110529740092,6.50153087832431,..,40.5,..,..,..,69.5124466571835,32.2919342603912,..,..,2153339,1089544,1063795,2.24529187264064,45.5923843383789,64.085,2.632,847738,9,..,90.6745791449679,3.1488,..,..,..,0.5314,59510
2023,YR2023,Guyana,GUY,19089873040.0558,33.795011115873,23101.3538282741,2.82159393090811,-6.70884466235383,..,..,79.3553009,..,..,101.651473401803,15.7138926801315,98.9,..,..,..,87.0878369802027,16.9462260034022,..,..,826353,423896,402457,0.57233513230005,26.4651457279878,70.18,11.917,319469,6,25.1520757996244,247.37225391431,8.586,..,..,..,0.4285,39888
2023,YR2023,Haiti,HTI,14187369712.6764,-1.86388420254838,1219.11871645847,36.8135162780854,0.1208234771512,3.19960218811037,22.0482963060687,47.99269867,..,..,7.38996810111676,..,51.3,..,..,..,12.2630624092888,15.8127594459366,323.971258718237,..,11637398,5875810,5761588,1.15633263604117,54.4496819335618,64.936,14.459,5135239,6,..,87.8490618101545,13.6153,..,..,..,1.4137,16713
2023,YR2023,Heavily indebted poor countries (HIPC),HPC,909054239996.292,3.48241783540763,992.174917021435,7.12697482131851,3.17815019024217,22.5471919096994,30.9226290220101,..,..,..,33.8388951658793,2.87255864272873,50.5208896795623,..,..,..,26.5708340269505,30.2799450869827,402.876972513581,1.56360128167317,916223767,459676501,456547266,2.58026361363995,37.3827611102379,64.7182457242664,4.19910039388827,337840218,8,..,169.228391070342,1380.275,..,..,..,235.0201,6752419.418
2023,YR2023,High income,HIC,58439575053271.9,1.79534582183456,41501.2948730887,4.73151302622883,0.76038885319409,31.8311075332187,30.7380890832287,91.9,36.95,135.8,81067.8329187973,23.4141497034674,99.9883997819596,2.87543396727734,..,..,36.2013922699973,12.9675974261284,4430.26123729655,16.317487605754,1408138595,709267186,698871409,0.720614909220043,80.017512944144,80.1496802618874,4.33657934041449,725389586,11,81.3826599121094,-5.97915335945818,17381.3433,..,..,..,712.7789,39578009.544
2023,YR2023,Honduras,HND,26902451582.3921,3.57584760454412,2527.27366333188,6.66325180347463,1.68381240542467,37.3686804713719,61.4232993622646,58.0685997,4.36212775547539,74.4148227156961,138.188876481221,3.30891556062124,95.6,..,..,..,56.2732147645008,30.7188969730187,593.629550840537,0.521490453360249,10644851,5285151,5359700,1.71477388415816,58.3132392705102,72.884,6.07,4149025,12,..,176.328356474757,23.7822,..,..,..,1.8865,123549.67
2023,YR2023,"Hong Kong SAR, China",HKG,327963017258,3.15034461759902,43518.9311789918,2.09660511249089,32.0372043184955,176.854196785869,176.340412114544,95.97781908,39.8839727444243,319.493898344345,131226.894547578,72.3154885126867,100,1.10625,..,..,..,..,1517.85567374711,33.0944161901499,7536100,4138892,3397208,2.55352466697343,100,85.2473170731707,2.949,3850529,9,105.461738484398,1.23657804481545,39.7307,..,..,..,0.5194,88637.811
2023,YR2023,Hungary,HUN,157072489603.652,-0.817107370513455,16375.0462724192,17.1249659678737,-33.2799471781632,81.3874893501556,77.2313362577572,91.4500713,36.7901885342462,105.054424922699,53717.7865400025,18.8624569621863,100,1.37748,..,..,22.4484341442034,13.7155825810085,2515.37052947518,7.05865803910536,9592186,4989346,4602840,-0.134269181500181,70.2923026891431,76.5707317073171,4.096,4971665,13,56.5924415588379,-36.7927316546561,60.9502,..,..,..,4.9876,22386.562
2023,YR2023,IBRD only,IBD,35842102818315,4.63911789010562,7237.59788175414,5.87451911590197,1.06862417153905,25.487706894082,24.421570631734,77.3,20.1,113.9,3267.5776687765,21.6034121814296,99.0885815861564,1.8752807844862,..,..,33.7403698832084,34.2690710817944,1770.86381110671,49.2715498579304,4952209753,2452595363,2499614390,0.486083267287729,58.0307469598053,74.5179764623959,5.11483631019168,2305320530,10,52.1241912841797,120.088716218495,33415.7139,..,..,..,1474.6892,179758652.301
2023,YR2023,Iceland,ISL,23121173215.7303,5.0322597376242,59951.7537739692,8.73630299937298,5.96234250051157,43.9745925950012,43.2642884972263,97.94860077,37.4245919320463,121.475495280706,87104.544641306,43.4245422764011,100,2.64005,..,..,0.528744421303184,4.93296364385632,15685.697957602,..,385663,188204,197459,0.953546915490719,94.1518261784801,82.4560975609756,3.518,236225,10,76.5200729370117,-3.79072823673359,4.2461,..,..,..,0.2674,1497274.62
2023,YR2023,IDA & IBRD total,IBT,38635939289661.1,4.52590057203417,5634.16482692317,6.09114152504141,1.12247442129834,25.1316363342294,24.6451642453503,65.5,15.18,106.7,2419.13717406951,20.9155723865362,90.3195251994939,1.83676717753263,..,..,31.5906332489337,36.3481930882904,1418.53542546205,47.6698025784385,6857438587,3406270176,3451168411,0.933779500498559,53.0823484348401,71.9999928217283,4.95229978677743,3031827317,9,38.8012886047363,119.077553392649,36601.6871,..,..,..,1889.1444,199662250.585
2023,YR2023,IDA blend,IDB,1370398622792.14,2.87508782353444,2062.62356419287,4.56457719814894,0.987255558405467,..,21.2766594674961,38.3,2.62,95.3,396.092154043601,2.63129210988352,77.9201343756954,..,..,..,30.2943783963727,52.1146716538632,453.070993927603,10.1502147966814,664395892,328947845,335448047,1.89932789494521,48.1773673159897,62.4621643327349,4.36958257524396,267150448,9.5,11.2455501556397,76.9170406842904,1328.1555,..,..,..,132.0342,3152974.42
2023,YR2023,IDA only,IDX,1423437848554.03,3.3073554888398,1147.16316787956,7.12142371831339,2.55566920951907,22.2709549018448,32.1147688565958,32.5,2.2,84.1,113.079101816831,4.02524226381698,61.9225640121999,..,..,..,24.4438408985284,36.2037914642255,373.826913042381,9.64485720773279,1240832942,624726968,616105974,2.21826281999446,35.9594486372929,67.0575957681524,4.47548995238531,459356339,9,12.8625402450562,140.145344846619,1857.8177,..,..,..,282.421,16750623.864
2023,YR2023,IDA total,IDA,2793836471346.17,3.09487183510299,1466.40467616719,7.10220928557059,1.85671213101151,21.389481020745,27.5008959956984,34.5,2.35,88,211.859321934617,3.52475945609378,67.5062058598898,..,..,..,25.5797077388826,41.7571757870828,403.80037163926,9.85434797487614,1905228834,953674813,951554021,2.10692753354027,40.2201100518451,65.4550660808135,4.4365457830767,726506787,9,12.314169883728,109.006127486676,3185.9732,..,..,..,414.4552,19903598.284
2023,YR2023,India,IND,3206485223026.3,7.210224629335,2229.71491223037,5.64914318907925,0.802254995836756,22.354801966733,23.9681500915008,60.25230026,2.74534696441771,80.5631998772888,966.082590066802,14.9343472986716,99.5,..,..,..,24.5390304689576,54.0522242217331,763.197899394641,74.4262564073655,1438069596,696186332,741883264,0.883289539766135,35.0676918424186,72.003,4.172,589486854,8,34.2394344991225,210.73917340387,4206.3289,..,..,..,276.4919,17499108.324
2023,YR2023,Indonesia,IDN,1178929850175.16,5.04883117855516,4192.64401034181,3.66938654859761,1.57116966408747,21.8085632197562,19.6519133249671,69.20836554,4.81663955789733,125.238194847046,2722.38990575723,9.08308687782522,99.4,..,..,..,47.7220336902463,20.8444642120249,982.414925134717,69.1247173903013,281190067,139934300,141255767,0.842666137328498,58.1179353397878,71.146,3.308,143318723,9,44.8813034886441,273.12668599961,1261.3223,..,..,..,64.1401,23212576.292
2023,YR2023,"Iran, Islamic Rep.",IRN,515368187076.863,5.33235116079808,5687.84396268742,44.5791857572797,0.310885408088419,23.9216475542357,25.4719025417845,83.71050262,12.0205942239083,166.279821209677,6599.35473971613,..,100,..,..,..,6.64923611710324,40.2453897732326,3399.10476404644,0.180926645536926,90608707,44547105,46061602,1.20408185634218,76.6759567260742,77.654,8.129,29026520,9,..,210.940351125033,1030.0947,..,..,..,29.6104,1418214.002
2023,YR2023,Iraq,IRQ,195490074355.105,0.517705525140073,4337.0870532422,4.35835351089595,-1.99474822313262,39.6312322400043,29.8300885590124,81.80889893,17.2312565041583,101.388721479182,43.6393011863656,..,100,..,..,..,1.90035242899592,49.4713662187955,1506.04801552981,..,45074049,22459934,22614115,2.25148890849618,69.868278503418,72.324,15.239,11803809,6,..,135.952391767442,405.1732,..,..,..,6.7704,60479.464
2023,YR2023,Ireland,IRL,496851698334.418,-2.53637409313261,93541.9643678381,6.29942487419125,-24.6702589530642,136.52636667411,103.123260911001,96.8660965,31.8907830651788,110.798344311602,149934.162195583,47.7737732849219,100,1.58829,..,..,11.5259108724053,7.51222073505132,2467.73733963357,4.27602662313199,5311538,2682065,2629473,1.87573900211149,64.1152082461268,82.8073170731707,4.243,2846866,10,..,2.3849911792645,60.358,..,..,..,8.3908,260252.328
2023,YR2023,Isle of Man,IMN,7096383589.17697,-2.03524496955581,84315.137992954,..,..,..,..,..,..,..,21564.7834610586,..,100,..,..,..,6.07017543859649,..,..,..,84165,42482,41683,0.0392163858214135,52.1832571730182,80.999,..,..,..,..,..,..,..,..,..,..,3475.835
2023,YR2023,Israel,ISR,414955522699.101,2.06272504731618,42131.7415675806,4.22522603168918,3.14968991459396,30.3284744013966,27.6493079272484,87.03842615,29.4357235504327,153.336641345572,12925.0685348766,34.9377735824443,100,6.34589,..,..,6.46950092421442,21.9008483431459,2459.62529465788,17.1725875732769,9849000,4947110,4901890,3.00437405991345,91.5089569794505,83.1951219512195,3.371,4637924,15,57.143440246582,88.5483001569379,79.0534,..,..,..,2.5326,16615
2023,YR2023,Italy,ITA,2018541223675.26,0.922796543670316,34221.7182928271,5.62219442195901,1.81363348239025,33.3293695692309,31.7734723749599,87.0278292,31.8410876819321,131.871674517747,30244.0571559008,9.9836968942283,100,1.37935,..,..,32.8944947923712,14.291805636343,2298.39093933589,5.43072575892655,58984216,30173430,28810786,-0.0499178457490556,69.5381540123301,83.3512195121951,7.627,25806816,12,75.9496536254883,-24.9955167027345,378.5108,..,..,..,13.1818,254602.696
2023,YR2023,Jamaica,JAM,17401946531.631,2.74634433906714,6127.90771263434,6.47413734662063,2.29897230060895,..,..,89.47304282,15.7852035329423,115.092228780619,190.859452085474,2.64698979146794,97.7,..,..,..,56.190757156048,21.6535070203861,934.891419269966,..,2839786,1435044,1404742,0.0226098931571573,58.4510149367429,71.479,3.022,1595299,6,..,-2.24749467584834,9.0424,..,..,..,0.3293,13500.156
2023,YR2023,Japan,JPN,4719498455389.44,0.720785304749811,37902.5492204411,3.26813365933163,0.456297698647986,21.0593101343597,22.5357732459138,85.00990295,38.6312383711286,178.432441299977,31701.7121806602,17.1028060703212,100,3.44125,..,..,68.3957811364628,11.4519383176575,3039.14126131753,28.3087384605564,124516650,63745563,60771087,-0.487370782049143,92.0826903891473,84.0412195121951,2.6,69197135,9,64.4907608032227,-15.5744345310488,1094.0243,..,..,..,16.9349,3865201
2023,YR2023,Jordan,JOR,50028035471.6265,3.12900102017251,4373.38088482368,2.08486986327134,3.57486440635924,..,..,92.53443944,7.03749462484875,67.545678186078,182.967132441716,2.08415985427159,100,..,..,..,1.09804716534901,32.6320116469358,767.635457519706,12.5619904177524,11439213,5535962,5903251,1.61225050235636,92.682236868336,77.814,16.62,3156548,10,33.0567036969523,183.813083186892,34.4007,..,..,..,1.1363,3384.4
2023,YR2023,Kazakhstan,KAZ,232848717043.771,5.09999999973641,11453.3952725363,14.5275597825952,2.18589516942702,34.650577449538,27.6837063179642,92.87846096,14.3457210056574,127.114775212168,5814.13651400898,34.4293373196596,100,0.14449,..,..,1.31214516427751,19.5961413356991,3650.54759330848,58.362459831844,20330104,10433061,9897043,1.46415151694869,61.7560919499181,74.402,4.835,10084786,9,54.6563982045582,-4.50086029101764,326.8629,..,..,..,9.8037,61215.851
2023,YR2023,Kenya,KEN,100230916344.516,5.71999241214208,1811.21651838425,7.67139634029402,0.472521238226254,16.7133442998721,24.2204234378835,32.07040024,2.38882511128724,120.612416887959,297.132205291086,3.04169416728318,76.2,0.80427,..,..,6.21662477880402,20.252365609383,544.940571966597,..,55339003,27821991,27517012,1.98296028478422,31.6330340816429,63.646,5.409,23353083,12,8.67676730066979,161.523280062822,100.5761,..,..,..,15.7439,192793.441
2023,YR2023,Kiribati,KIR,263754057.228564,3.13390313390313,1990.14605922104,9.28307374517721,1.75226954200024,5.85831693667442,100.621455543394,88,0.039990945446314,51.2540556855052,22.6363842148947,..,95.9,..,..,..,1.45679012345679,3.86704654760796,..,..,132530,68299,64231,1.56733842415292,61.5244676194408,66.473,..,..,9,..,234.743202416918,0.1108,..,..,..,0.007,257585.802
2023,YR2023,"Korea, Dem. People's Rep.",PRK,..,..,..,..,..,..,..,..,..,..,3.93667941999388,..,57.5,..,..,..,49.5507017689561,21.7761196310643,664.865788978641,33.6088373201939,26418204,13360198,13058006,0.338821174570736,63.5382165423021,73.642,3.463,17585844,12,..,-45.0638216872495,90.6225,..,..,..,1.691,893330
2023,YR2023,"Korea, Rep.",KOR,1879634949821.72,1.58301467403629,36347.7036392553,3.5974562502901,1.03221435142435,41.3214807367697,40.9365283348931,97.41597478,46.5676352036327,162.11365652794,9728.36049939764,30.2762799912651,100,4.94352,..,..,64.108606557377,21.8940234142942,5336.92485966157,33.6310864029737,51712619,25898790,25813829,0.077477253324535,81.1645551720421,83.4292682926829,2.675,29587631,9,106.709167480469,115.192704223896,670.1146,..,..,..,13.4113,3706536.184
2023,YR2023,Kosovo,XKX,8586228667.01497,4.06762701436438,5102.74674921908,4.94432438791283,8.68137839547735,39.64047566608,70.3113759118221,..,..,..,..,..,..,..,..,..,..,..,..,..,1682668,854998,827670,-4.95226324203524,49.1105579101515,78.033,..,..,..,..,..,..,..,..,..,..,..
2023,YR2023,Kuwait,KWT,119990201720.547,-1.64087799968877,24722.8143701857,3.64216403030709,1.277994317906,57.702062317436,38.3322886518802,99.74731125,1.01366418243269,167.68428501222,385.501357805424,1.78499656846825,100,0.09547,..,..,0.350729517396184,62.3484361793193,8952.27483065729,..,4853420,1885194,2968226,5.58813678140227,100,83.1878048780488,2.08,2922258,9,..,232.089866659809,167.8877,..,..,..,1.0467,3275.36
2023,YR2023,Kyrgyz Republic,KGZ,9217301873.9258,9.0132928339342,1298.25724482211,10.7532770416742,1.04867105609341,36.8882232535821,95.485180658754,91.04440308,6.44652532064676,108.59118718329,816.366773477939,16.3335372866981,100,0.05414,..,..,7.14337851929093,20.1239014514257,591.211507833659,11.4522522522523,7099750,3589460,3510290,1.76957037310792,34.706439175362,72.2487804878049,3.498,2720905,10,53.588822099772,-34.9150215929967,21.7171,..,..,..,1.7445,33672
2023,YR2023,Lao PDR,LAO,20303702352.295,3.74568140158232,2648.88726608035,31.2301341732646,11.2425630959408,..,..,64.39800262,2.72021122524182,64.7588066942788,274.103316206551,7.41963729583454,96.5,..,..,..,71.4558058925477,25.9762899979383,880.598982763996,23.8103616813294,7664993,3813122,3851871,1.39237667233214,38.8070088517156,68.964,1.186,3512483,9,14.8841695785522,508.036624086244,41.1732,..,..,..,3.2645,224131
2023,YR2023,Late-demographic dividend,LTE,26553933806735,4.43253867675644,11414.6924038042,5.86910359896119,0.471618141665556,29.7733970538451,26.4090871760499,..,..,..,5295.41040089917,25.6185576373681,99.4570958130029,2.09034358877655,..,..,39.5665785785562,26.6829654770827,2662.60544375195,49.438413996579,2326294294,1157101888,1169192406,0.107296424335895,66.9097159245761,77.1240537371626,4.795456897897,1239997173,10,68.1330413818359,129.514641659017,23149.2429,..,..,..,858.4028,123420677.429
2023,YR2023,Latin America & Caribbean,LCN,5745054179121.14,2.20678468368602,8736.17680385723,4.63202285403356,2.77914039573591,25.2018158524315,25.5562519514196,80,18.32,112.6,3259.23077975479,12.447676963365,98.4226177308055,0.682681546543488,..,..,46.1073492142796,17.3533272403875,1321.0279060947,4.64985085151751,657616519,333875418,323741101,0.68792568746324,81.0435031875464,75.6435273357906,6.19254754786298,317284226,13,60.6225090026855,70.5002175505593,3484.8415,..,..,..,328.0208,16191295.723
2023,YR2023,Latin America & Caribbean (excluding high income),LAC,5071163544036.39,2.12680994822227,8203.23895137503,5.08677483158112,2.54814334718874,23.5818473566006,24.1885211701097,79.7,18.35,113,2878.35108509458,12.6986947308167,98.348001499771,0.696974020068996,..,..,46.7180503805674,17.2916332484347,1278.56449162992,4.13380105206375,618190397,313883201,304307196,0.702661085803243,80.9255861415046,75.3619658099591,6.06496995571875,298389263,14,58.5862693786621,69.6808662315026,3225.1904,..,..,..,310.9867,11671953.607
2023,YR2023,Latin America & the Caribbean (IDA & IBRD countries),TLA,5531738638495.28,2.28058560829545,8611.07781121831,4.70881783212245,2.60348586900226,25.0213115885376,25.3872215446758,80.2,18.55,113.2,3202.31569111557,12.5029553892424,98.3852491204833,0.682681546543488,..,..,46.1810129161545,17.5456157045669,1329.86358208238,4.70445678823603,642397939,326082571,316315368,0.712391178156926,81.0398075940594,75.5699258379688,6.26268991297245,310856947,14,60.7355194091797,74.8668813206805,3429.8196,..,..,..,324.7258,16147197.629
2023,YR2023,Latvia,LVA,30571453786.1231,-0.941606068823631,16229.3844520245,8.9380462331663,3.94830779361871,65.9896551482715,69.653334005995,92.18791291,25.9948491178264,119.909944560018,26083.1019636781,18.554389354563,100,0.8236,..,..,54.9959826450265,13.0121664059875,2240.33649708375,0,1883710,1011196,872514,0.22997050070229,68.3586316343061,75.4268292682927,6.465,968514,11,85.7360610961914,-57.533470798362,11.698,..,..,..,2.2876,67621.67
2023,YR2023,Least developed countries: UN classification,LDC,1245903496732.49,3.05090811063616,1074.29165043316,7.12697482131851,2.41053403063532,21.4478586693872,29.4890619001993,29.9,1.9,82.2,99.7918345246252,7.93361780633589,58.4334317805897,..,..,..,25.5824950287118,36.556424659898,368.270734290916,10.3650582905326,1159744187,583910965,575833222,2.28323754860687,35.6888977222996,66.5196263232195,4.70150733081641,434474185,8,11.1316499710083,165.071854204987,1698.2051,..,..,..,270.8093,15645472.756
2023,YR2023,Lebanon,LBN,33686219465.2748,-0.760584470257314,5834.63415739394,221.341644023365,3.26435467389127,30.5514119674735,73.6549981017088,81.7059021,..,..,676.020565020171,4.30236078360336,100,..,..,..,14.1867057673509,26.6948532836253,780.330161504694,..,5773493,2966891,2806602,0.503630953855672,90.4524074197598,77.817,10.985,1837294,10,54.4012561547071,136.839050063854,18.36,..,..,..,0.698,3668
2023,YR2023,Lesotho,LSO,2249331685.70891,1.69433177608774,973.116561960912,6.34221743124953,-1.20419550100532,42.6829787081486,98.0395091693796,48.98590088,0.383738154734299,69.3513051423509,89.1206988447189,0.0742607412455623,57.3,0.09453,..,..,1.13702239789196,26.4379773450967,..,..,2311472,1185745,1125727,1.10328678263994,42.6781596804785,57.375,16.348,864326,7,..,44.2732312317956,3.071,..,..,..,0.4646,2085.8
2023,YR2023,Liberia,LBR,3588757484.77383,4.68375688761311,653.329188343162,10.0944535665552,7.11347042965831,..,..,31.22410011,..,..,9.28449156758809,0.643718596498284,32.5,..,..,..,78.1422342192691,17.9178293051068,..,..,5493031,2751688,2741343,2.20390696065654,54.997863482224,62.163,2.905,2526283,6,..,143.978768107929,4.4126,..,..,..,0.4532,29593.843
2023,YR2023,Libya,LBY,55745806520.295,10.2000497852517,7630.49664928174,2.3731753143518,1.80500147243983,85.6010032090609,75.4692294006607,82.10469818,..,..,112.241756698472,..,73.2,..,..,..,0.123327687918433,20.014492731108,2662.16736616396,..,7305659,3591018,3714641,1.12674309223491,87.8647197919848,69.339,18.713,2552880,9,..,12.5382445699317,97.9516,..,..,..,1.4482,33174.926
2023,YR2023,Liechtenstein,LIE,..,..,..,..,..,..,..,98.13230133,49.4065356836204,127.059447446841,66179.7921999699,..,100,6.00984,..,..,41.875,..,..,..,39846,20056,19790,0.889858277389592,14.6783761234077,84.5951219512195,..,..,9,..,..,..,..,..,..,..,0
2023,YR2023,Lithuania,LTU,53839146914.2133,0.739537398185803,18748.9302647191,9.11731962390475,4.76764051451377,75.933513171116,72.0572386053119,88.50287484,27.9638162516437,137.203719983084,96899.7957573953,14.4028959953361,100,1.04977,..,..,35.2301501597444,10.7455249948656,2437.04601158794,..,2871585,1517536,1354049,1.40084461829591,68.575454583199,77.290243902439,6.841,1536989,11,77.0064163208008,-55.6154418995034,21.5756,..,..,..,4.6863,106663.238
2023,YR2023,Low & middle income,LMY,35662881451694.7,4.65212132351984,5358.98340901979,6.15623852560203,1.07532581263052,24.0508735458224,23.8699607906202,..,..,..,1587.92736913686,21.8813392202389,89.8583124845854,1.94660854100118,..,..,27.7055501695387,37.056354901228,1310.96659229949,49.9675794803928,6654784822,3298858934,3355925888,0.970350271390185,52.5071871488085,71.8872400935005,4.97693562706687,2931619542,9,38.2484283447266,159.935349313197,33440.3978,..,..,..,1751.2745,189760144.09
2023,YR2023,Low income,LIC,507135728923.065,1.21474688217289,697.417753503119,8.5006507858837,3.65404026717764,19.5142646130817,32.1260428259872,22,0.5,65.2,22.3127703398408,2.07999618814634,46.8863791540125,..,..,..,19.8644342374234,31.3498063433262,363.161960972425,6.75730607859932,727162058,364837100,362324958,2.7021643002205,34.2895467257933,65.0356834241329,5.07474818178355,256232006,8.5,..,83.630577446656,1036.3827,..,..,..,177.156,4139754.988
2023,YR2023,Lower middle income,LMC,6263144142264.04,5.29082296744885,2182.51186143558,7.52710509155193,1.11593274823821,22.9364688626112,25.4655727243895,55.4,4.23,92.8,574.427177235233,11.4666484122581,90.5927216759463,..,..,..,30.2164969333076,49.5682793684136,635.60809954612,52.4645184153196,2869695351,1411449208,1458246143,1.30653524509785,41.2024823337283,69.3282445149932,4.44638060849243,1154129422,9,26.7934799194336,148.59180806329,7235.5159,..,..,..,565.2404,37800077.386
2023,YR2023,Luxembourg,LUX,70256893052.4917,0.0994370594039111,105422.764660192,3.74140361983136,-10.4511316835125,217.379822583978,185.187145613366,99.34785707,38.3793065082138,144.474949556306,60480.4705670513,5.979250210644,100,1.07045,..,..,34.4538272103664,7.42989857852829,4592.3797932503,..,666430,331083,335347,2.02002574712319,94.8015300320787,83.309756097561,5.184,345229,12,21.5371704101562,-39.2724291801681,7.8525,..,..,..,0.221,8
2023,YR2023,"Macao SAR, China",MAC,40371220293.3995,75.3084184293413,59474.3964251614,0.476384495788075,2.50808598999395,92.4170435765852,53.4574236757415,89.82640076,29.6759264447159,192.478344669931,5760.16499705362,0,100,0.27103,..,..,..,..,..,..,678800,365681,313119,0.221222713921319,100,83.1804878048781,2.206,396357,10,129.151041666667,76.1433992410625,1.7639,..,..,..,0.039,1500
2023,YR2023,Madagascar,MDG,13909458168.1836,4.23086580696344,445.874102052267,9.87432675044888,3.23953789790907,26.7228861237427,36.0393286356886,18.24080086,0.124487385085979,75.4562966735535,22.1823794204962,0.478060054077076,39.4,..,..,..,21.2962600550017,12.3865755564591,304.428884270017,19.4539249146758,31195932,15549002,15646930,2.46201530433165,31.9799438860946,63.632,3.044,16111038,5,6.1466638463036,56.0393841528168,35.7054,..,..,..,4.696,177550.343
2023,YR2023,Malawi,MWI,11755940188.7261,1.94575281675984,557.03523965791,28.7897428247298,1.60106112476406,11.2450363894528,31.1926320096439,17.98810346,0.079556560544817,61.0866071008045,27.6718471460233,5.31056594105904,15.6,..,..,..,22.4406024607552,16.7211601349048,..,..,21104482,10809386,10295096,2.57135708610945,16.9748746665356,67.353,5.009,7802263,8,..,212.421059798798,18.3538,..,..,..,4.2144,217597.863
2023,YR2023,Malaysia,MYS,402034268648.217,3.5370638041057,11445.3925275079,2.48886560125754,1.97990062716743,68.6789535653168,63.9145080762826,97.69272633,13.0287000355119,142.7320920639,8082.51982602892,59.4155074421789,100,..,..,..,57.7190381981434,15.8650142432827,3008.82419919301,45.0198459991917,35126298,16716229,18410069,1.23402869169549,76.4434752105739,76.657,3.858,18064842,6,37.2745812491757,271.299801505387,318.3725,..,..,..,7.4712,1800893.74
2023,YR2023,Maldives,MDV,6017127527.21638,4.94286301229583,11439.5364342871,2.90372427754586,11.5818458756845,74.0437692661116,75.3062069113229,84.55290222,18.6292999539919,141.601234995076,1237.6567033084,0.18950505737955,100,..,..,..,2.75167785234899,11.1624191226985,..,..,525994,199376,326618,0.359585188904548,41.5096832933973,81.041,4.019,266313,12,..,1380.37037037037,1.9985,..,..,..,0.0394,160696.193
2023,YR2023,Mali,MLI,21218443430.5972,4.76394100040932,892.689219532429,2.05880228274223,2.83542408045107,24.7863775029858,32.8427797239438,36.03879929,..,..,14.0518412813394,5.3606547607953,54.5,0.14743,..,..,10.896663634352,35.5240450338273,..,..,23769127,11774460,11994667,2.97400537620334,31.0031889023235,60.439,2.947,8552851,9,..,289.01750989,46.6113,..,..,..,10.3353,121539
2023,YR2023,Malta,MLT,18478231172.9523,10.6340558017004,33429.8172092336,5.09396758978883,108.735270770721,119.748336901667,101.384959473926,92.07266941,44.282454836797,140.59359496844,4823.18311994457,43.2692793209479,100,0.64792,..,..,1.4375,10.8087176501156,1397.99606213865,..,552747,265910,286837,3.99255876861009,95.6272277147965,83.3560975609756,3.479,308595,11,80.5250091552734,-11.6949085281162,2.2252,..,..,..,0.0411,22846.884
2023,YR2023,Marshall Islands,MHL,212000000,-5.39477377525279,5460.11795915213,..,3.46562701866571,38.2575757575758,79.9242424242424,64.07589722,..,..,154.531640353362,..,100,..,..,..,52.2222222222222,4.10159681023633,..,..,38827,18924,19903,-3.16867227675357,78.3593928884282,66.945,..,..,13,..,60,0.004,..,..,..,0.0013,73938.71
2023,YR2023,Mauritania,MRT,8231741703.46659,6.80949002457973,1638.99221583023,4.95305034506872,7.9377630355791,38.4070908149798,53.7583536996945,44.95629883,0.59041012129361,90.7724948884417,34.6445085168746,2.3506462344976,50.3,..,..,..,0.287611138061512,46.5013986975929,..,..,5022441,2560475,2461966,2.96653079197429,59.7142464747058,68.484,10.37,1170884,9,..,157.8397683108,17.1827,..,..,..,2.3498,663269.325
2023,YR2023,Mauritius,MUS,14148086474.4567,4.69918189687444,11330.7335655767,7.05298238454736,5.39963130399295,69.0411453509364,78.2802467779156,79.5,26.9082309192612,165.257524411348,2490.69592927385,1.01453890078417,100,0.23892,..,..,19.4742113169755,14.0610818595338,1172.41643924125,33.5375191424196,1248647,624534,624113,-1.1051534726941,39.0039901092226,73.4121951219512,5.571,625239,12,43.3386887794765,242.901301518438,6.3231,..,..,..,0.168,38152.935
2023,YR2023,Mexico,MEX,1327845439047.71,3.1067964131456,10234.6840265651,5.52796087314389,1.7099038174861,36.1479343675069,37.5911414580596,81.18318755,20.752917384408,111.735420288549,412.117306307005,17.9938785812602,99.7,0.26746,..,..,33.5959176419147,16.6099613756465,1467.10931902847,8.66865250986568,129739759,66813627,62926132,0.872178517508623,79.4734935748046,75.069,2.765,60144623,14,47.474681854248,55.6632584952283,685.6512,..,..,..,37.2607,2126470.744
2023,YR2023,"Micronesia, Fed. Sts.",FSM,332041936.134454,1.13097800090873,2948.07720975276,..,..,22.1231146817116,73.1417260905567,39.39889908,..,..,159.815324513895,..,86.9,..,..,..,92.1571428571429,3.51665334908193,..,..,112630,56655,55975,0.459189928699194,22.4334012451903,67.198,..,..,8,..,65.0969529085873,0.0596,..,..,..,0.0159,165348.102
2023,YR2023,"Middle East, North Africa, Afghanistan & Pakistan",MEA,4359069965379.83,2.29073324961962,5463.85312225795,4.22522603168918,2.68547522118135,41.1172763623396,36.7400268967759,59.5,8.94,102.4,1082.1401686741,8.64979869903245,96.4226367435274,..,..,..,2.20869651277954,45.3618017072411,1641.47789802094,3.06466562133484,797801454,387401678,410399776,1.95583616128018,55.4304551226559,72.0838364704563,7.79272191834479,254188926,9.5,28.7123298645019,168.272672330055,4675.4784,..,..,..,161.996,7128444.363
2023,YR2023,"Middle East, North Africa, Afghanistan & Pakistan (excluding high income)",MNA,2199081374692.97,2.89591827095839,3016.25210020449,6.09114152504141,0.715500475279587,26.0088232186342,29.6353289610841,55.9,6.67,96.9,937.528659935434,..,96.0854287468734,..,..,..,2.63217642863726,43.8583580470912,1080.49524707662,4.35736399208036,729077445,360000606,369076839,1.73896313941003,52.4233912654293,71.2758849884582,8.59209919735259,217277099,9,..,141.87260904418,3002.5357,..,..,..,144.0797,6061728.948
2023,YR2023,"Middle East, North Africa, Afghanistan & Pakistan (IDA & IBRD)",TMN,2183598374692.97,2.92442456913298,3016.38786220006,7.70665764216232,0.716971808037314,26.0906271693531,29.3686004258343,55.7,6.66,97,941.117581375639,..,96.0574946837091,..,..,..,2.6327453602461,44.0115252600257,1080.49524707662,4.35736399208036,723911670,357402161,366509509,1.73430944588312,52.1776709218643,71.3194560888195,8.59209919735259,217277099,9,..,141.87260904418,3002.5357,..,..,..,144.0797,6057837.948
2023,YR2023,Middle income,MIC,35154673729061.2,4.70121337251241,5930.65300014784,6.083192685419,1.04284132320752,24.1307437886295,23.7478189519781,..,..,..,1780.04128106529,22.0540742259649,95.1313255374831,1.95286788905516,..,..,29.52536867781,37.7565957957052,1405.2413297829,50.3173057196458,5927622764,2934021834,2993600930,0.759953149100681,54.7420083291234,72.7277443304535,4.96756774789441,2675387536,10,42.6316795349121,163.436444215164,32404.0151,..,..,..,1574.1185,185620389.102
2023,YR2023,Moldova,MDA,9237254992.07154,1.18802067937429,3758.3688194082,13.41701043813,2.15951089914844,35.1125857861262,58.882035362679,76.50330353,27.3086365814931,129.546081439289,11525.8344613825,2.61708440538272,100,0.22111,..,..,11.7370179167932,14.9450916480619,1296.80089045941,0,2457783,1326593,1131190,-2.84274212689094,43.0011825561523,71.198,1.57,1391968,10,71.1679028753075,-68.864979850132,11.6506,..,..,..,0.9871,14245
2023,YR2023,Monaco,MCO,8799540111.36912,5.44395088840088,225884.077199125,..,..,..,..,98.87049866,55.8835609405483,104.060991888284,31805.113461341,..,100,..,..,..,0,11.3779821797819,..,..,38956,19887,19069,0.064195567574974,100,86.372,..,..,11,..,..,..,..,..,..,..,1
2023,YR2023,Mongolia,MNG,15513848972.8704,7.4221127615025,4456.53627552726,10.347583131434,11.0581069914836,76.2571171270924,66.607129472089,83.74320221,14.5529107220073,141.08481753135,2354.68502461116,22.5365545669935,100,..,..,..,9.09172405879304,42.6916874423772,2176.26135692672,85.1538925769463,3481145,1744331,1736814,1.3708886685104,70.4464492797852,72.1224390243902,5.178,1426526,12,67.941399950927,213.11555925306,93.7158,..,..,..,12.161,0
2023,YR2023,Montenegro,MNE,5161588407.08774,6.47836283518564,8278.02461006262,8.58476910455403,6.88011329539607,49.229023063194,67.5776464751354,88.5515976,32.0155251660479,207.237922064803,2221.22788194294,7.99520160312392,100,..,..,..,61.4869888475836,18.4546520922672,1722.21524778677,39.0826564739608,623529,323484,300045,-0.00994290846928265,65.4731667624849,77.5878048780488,13.146,298219,9,55.1743011474609,..,..,..,..,..,..,2179.8
2023,YR2023,Morocco,MAR,131006044306.041,3.65564411017931,3421.21704101563,6.09114152504141,0.725864122672683,42.4176033594569,50.7002810585209,91,7.02184328513844,148.155101338402,567.610133561799,5.43070567261144,100,..,..,..,12.9371068787811,18.7206508843713,600.64391286941,62.1079362174281,37712505,18689276,19023229,1.02195181223548,62.673750838878,75.313,8.896,12335833,9,47.4687039298036,155.037646721005,108.3581,..,..,..,5.7748,1437156.457
2023,YR2023,Mozambique,MOZ,20537327379.1707,5.50384456650241,610.591041611538,7.12697482131851,12.8228717557759,45.6002906309861,60.4257929956707,19.94560051,0.149001818335337,47.5003032540948,37.1040304253049,2.74244557815277,36,..,..,..,45.8130349195046,13.7216828951578,362.823902471842,..,33635160,17327861,16307299,2.95358093047219,35.7149783148407,63.611,6.661,14644495,..,..,298.402581873484,34.318,..,..,..,4.3053,483265.829
2023,YR2023,Myanmar,MMR,63756973610.2966,0.958446625126115,1177.76649645563,..,2.27715131661601,..,..,..,2.79829802446154,121.027626770248,20.1722406397571,2.94631414241606,76.8,0.02307,..,..,42.4023779245254,35.0665284656219,410.864214508252,5.3253310469658,54133798,27177563,26956235,0.698879396261223,30.3820718069466,66.889,2.977,22552833,5,..,87.0172863485456,118.2385,..,..,..,13.2805,2825230
2023,YR2023,Namibia,NAM,11773828665.0454,4.32498048866805,3973.49010579998,5.87993463284275,18.3227426104295,43.2846167726677,66.5329828976325,63.69549942,3.52006938690795,87.6760954339972,389.457644793704,0.0809713952530879,56.7,..,..,..,7.80511120018463,14.2253008498779,696.975604825137,1.58730158730159,2963095,1515985,1447110,2.50947899094054,49.9545837830821,67.385,19.154,1094377,7,..,110.606198447356,13.8899,..,..,..,2.4005,373480.676
2023,YR2023,Naoero,NRU,96786403.3063439,-0.719424460431725,8150.43396263948,..,0.895364948707177,40.8333333333333,94.1666666666667,83.03970337,..,..,421.052631578947,..,100,..,..,..,0,4.83857913426453,..,..,11875,5827,6048,0.625107627709329,100,62.109,..,..,14,..,40,0.0014,..,..,..,0.0005,90699.509
2023,YR2023,Nepal,NPL,33745781686.0998,1.98254843461849,1136.4276931197,7.11587261530826,0.18227214989517,7.00596728086136,34.5641830123854,45.80680084,10.6751345547041,117.759577544938,642.608117418196,..,94,..,..,..,41.5907220090687,53.2003436952498,442.648852285229,..,29694614,15415381,14279233,-0.0700958873206174,66.5432933453944,70.354,10.437,8335831,9,19.0357612047581,82.3503433465245,42.116,..,..,..,5.0495,113740
2023,YR2023,Netherlands,NLD,911031844894.181,-0.598061017580278,50960.7810305308,3.83839354342808,-30.2430732965592,87.4860612893795,77.5443681895531,97.00680272,43.2644444744139,125.272736960305,194962.867894191,24.5106465274936,100,2.26719,..,..,11.0574428274428,8.58757364083248,3418.13670132261,8.80138112463006,17877117,8997851,8879266,0.990139686700227,95.3221682092129,81.8634146341464,3.535,10269843,13,86.5938262939453,-33.2096014068624,149.4884,..,..,..,8.0276,309232.35
2023,YR2023,New Caledonia,NCL,..,2.79999999603682,..,..,7.03488478280661,16.9373546011132,34.6933801205937,..,..,..,7648.25611481009,..,100,..,..,..,45.8271334792123,..,..,..,289870,146908,142962,0.952185123510063,67.751522311337,78.766,10.922,130221,0,..,173.38024498306,5.2448,..,..,..,0.1834,5037.814
2023,YR2023,New Zealand,NZL,221007764663.383,1.81389453412019,42501.4932044968,5.73316283034957,1.71426378534541,23.6303100710205,26.2351940788292,93.32610321,37.8530848455277,126.854978584281,18993.6538461538,12.6494857356401,100,1.54848,..,..,37.7892841137822,6.88138507182829,3660.60273680658,2.46966100935919,5200000,2616994,2583006,2.3012774309073,83.8898991461229,81.7585365853659,3.734,3034955,10,76.3811416625977,8.90384730532667,78.2081,..,..,..,10.1392,436363.758
2023,YR2023,Nicaragua,NIC,15292555226.1826,4.42779393186883,2241.1228811163,8.38765854872536,6.25581191942426,45.8658095323572,59.1537260474944,60.30120087,5.43030503048751,105.843136180202,103.464249804319,0.804653157141111,88.3,..,..,..,25.8229183978727,20.4180839334698,632.813009843745,..,6823613,3468026,3355587,1.37167812196347,59.1250953674316,74.947,4.698,3183098,7,30.3635101318359,110.436944385869,18.961,..,..,..,2.6339,80553.502
2023,YR2023,Niger,NER,14700817032.8862,2.63516980401258,561.960694711722,3.70097316425834,6.05054062024617,8.25116486718739,22.4664886397182,12.98079967,0.107619048674827,65.735032215569,4.74008526113684,8.96675024256666,20.1,..,..,..,0.822957290597616,65.2302894952218,161.259233880072,17.0905391658189,26159867,12877706,13282161,3.29489175812772,17.7506873295237,61.183,0.407,11037913,..,..,273.156899810964,40.0722,..,..,..,9.7359,49865.56
2023,YR2023,Nigeria,NGA,519727567204.567,3.31590368111438,2280.67777167162,24.659550203114,0.384195197916836,..,..,40.06399918,0.051283785190682,98.4772822731425,47.5989986876815,3.53042370294988,61.2,..,..,..,23.2078900271199,65.740618883028,319.900429211784,..,227882945,112676013,115206932,2.09838916935738,62.1746763155343,54.462,3.074,110075281,9,..,29.5078591924716,337.7767,..,..,..,28.4097,1058465
2023,YR2023,North America,NAC,23943233912873.2,2.85945132916503,63532.0076871763,3.99766999081457,1.35255278370539,12.6938592608069,15.2981053363927,93.3,38.55,110.5,171374.901524758,20.7855540471378,100,3.32735501728451,..,..,36.6083171305095,6.9232612908725,6468.40459312479,15.052754466044,376868838,187738216,189130622,1.02888113096261,80.3357102611225,78.7304513464606,3.8406106523085,194444913,11,82.2317199707031,-2.35931503524837,6646.5225,..,..,..,256.6575,6024314.741
2023,YR2023,North Macedonia,MKD,11741875752.5034,2.554965253403,6423.99221393369,9.36187249769015,4.04601094449743,67.3969980458635,80.3972554372264,88.5,29.1771708951077,106.458776658176,1857.95506768734,5.22971063617991,100,0.3699,..,..,39.7101506740682,21.8117148685703,1450.14177456794,40.2181818181818,1827816,938871,888945,-0.212923714310977,62.2518322545779,75.3160975609756,13.174,784466,13,55.0082015991211,-26.4051750550093,10.5691,..,..,..,0.3851,2153.2
2023,YR2023,Northern Mariana Islands,MNP,..,..,..,..,..,..,..,..,..,..,2037.96823427774,..,100,..,..,..,52.9565217391304,2.67817942323547,..,..,45143,21345,23798,-2.05003835843766,91.9754112887573,78.808,..,..,..,..,70.8333333333334,0.0041,..,..,..,0.0012,102.55
2023,YR2023,Norway,NOR,458683228227.53,0.352695581319765,83100.7944645872,5.51784987104659,2.74499093797298,46.4049617701132,30.9962278135928,99.00000258,45.4377082628592,109.654228618195,37715.0449824181,25.6746143774999,100,1.85142,..,..,33.5009745518434,5.52141079375347,4884.6175244586,0.0955485974369734,5519601,2738460,2781141,1.13831142739624,83.0718560702166,83.0121951219512,3.574,3039025,10,95.0573806762695,0.210476870127652,55.467,..,..,..,3.7057,4194388.398
2023,YR2023,Not classified,INX,..,..,..,..,..,..,..,..,..,..,..,..,..,..,..,..,..,..,..,..,..,..,..,..,..,..,..,..,..,..,..,..,..,..,..,..,..
2023,YR2023,OECD members,OED,55856287150877.5,1.78937161232169,40246.7434272636,5.67767862615429,0.357431194029512,28.6304153484134,28.6093896357511,..,..,..,77230.108299376,20.8188661176172,99.922945762566,2.93439075279869,..,..,32.9429461320688,12.018341876005,3671.89136923676,17.0296252574696,1387846131,702285722,685560409,0.669046970502832,81.0543158861621,80.1629734061989,4.82631374195204,700386143,11,79.5250930786133,-6.13923965664062,14290.5234,..,..,..,672.8378,33397373.343
2023,YR2023,Oman,OMN,90149469425.3473,1.41401383200161,17853.9644897801,0.950782997762827,11.8157929128229,61.5843427989208,44.8623883036834,95.25170135,10.8793321668994,122.291457994634,279.446391150878,5.00539346096146,100,0.37526,..,..,0.00762261712439418,46.8557577090985,5908.4271000367,..,5049269,1914778,3134491,6.52704988451128,79.5702973228932,80.031,3.176,2579803,10,..,272.501780305955,130.2486,..,..,..,1.1901,711694.047
2023,YR2023,Other small states,OSS,158448075579.821,3.20030722043091,12357.3872788898,5.51293808804143,6.19731304767297,77.9394178961023,76.1662703984992,..,..,..,74719.0756234493,20.2143698041542,94.4954692175265,1.36659113608658,..,..,29.9366556806938,16.1866752339085,..,14.1598343335306,12822134,6329699,6492435,0.964925235955626,54.7413384725346,73.5849815358082,8.44487902544127,5723536,9.5,22.353889465332,-13.1661131147652,63.9232,..,..,..,4.1458,2003722.347
2023,YR2023,Pacific island small states,PSS,10462143299.8376,7.23510889764707,3890.39488708922,7.92164684826777,2.57602026676947,42.0457567103024,66.9305982584643,..,..,..,403.83396846079,2.63199120143856,88.8705713618501,..,..,..,68.7460639127046,6.97617075356457,..,..,2689224,1340306,1348918,1.24129959209673,40.2526358335376,69.2745949035856,3.52057525691559,1012784,..,27.8527202606201,8.5242628199611,6.3045,..,..,..,0.4335,799950.969
2023,YR2023,Pakistan,PAK,398564217461.774,-0.414935997088406,1610.33122837537,30.7681280657005,0.608281270820624,10.4939587511564,17.9737337958273,..,1.35622425766449,76.5397606213172,113.359557368847,1.90280938998427,95.6,0.16399,..,..,4.67242631797426,58.3745179541935,414.952130205765,12.7832347545023,247504495,121773246,125731249,1.54880458608849,38.8191861872791,67.649,5.237,81613188,12,10.4770304814137,176.480934193292,522.21,..,..,..,58.208,678698
2023,YR2023,Palau,PLW,231705973.218968,1.22284844405733,13070.7944502154,12.8199748216534,28.9309640776654,26.1410304075549,80.6165931415982,82.91629791,7.33344615558188,135.386698256896,1353.86698256896,..,100,..,..,..,90.5434782608696,4.94109970714801,..,..,17727,8172,9555,-0.180352864081089,79.1531991438847,69.269,..,..,12,41.130604288499,-37.6120167278314,1.462,..,..,..,0.0278,814.63
2023,YR2023,Panama,PAN,75251163819.299,7.16634016390665,16877.1543425646,1.48641355277038,3.26384312723174,45.6292440025453,42.7196665144342,68.54851592,18.1341265585334,156.586507591014,2621.1329206176,1.00049164015675,97,0.15803,..,..,56.3439727689404,15.1210531361735,1019.98442115491,3.48588863463005,4458759,2228887,2229872,1.30902688797168,65.8601271176084,79.594,6.544,2170438,11,53.6949637061742,183.556622299804,19.4931,..,..,..,1.0409,231305.521
2023,YR2023,Papua New Guinea,PNG,26132900873.2365,3.81046308333708,2515.28575096589,2.29869991296791,0.140519954608903,..,..,18.56130028,0.228111959659795,34.0588961979896,86.3360454914922,10.2480784684723,20.5,..,..,..,78.9541359360509,14.1117516188413,..,..,10389635,5041654,5347981,1.81103162496893,15.0581017891206,66.134,2.649,3573686,..,..,118.85301422443,10.6623,..,..,..,1.5601,252939.526
2023,YR2023,Paraguay,PRY,44160385148.2395,5.28584584975323,6452.28566840034,4.63202285403356,2.57700191370443,42.257662716231,40.3200625134206,78.09481878,12.8835504093571,126.605481531224,643.177395689689,9.96565594921736,99.8,0.14117,..,..,38.5449252640128,15.327993717276,1043.9548570783,..,6844146,3411748,3432398,1.23021616038983,69.3466081733694,73.844,5.794,3448638,13,..,97.1777144397797,40.9546,..,..,..,6.1705,38125
2023,YR2023,Peru,PER,222541124000.612,-0.350699814345759,6575.18295502228,6.45561348369586,1.64334960973353,27.1701618135233,23.736868907826,79.48484477,10.4364266723222,121.975084691173,749.75734671937,5.01572012821525,96.2,0.17611,..,..,56.103020234375,31.0938536450575,823.371374235583,0.0591677075800408,33845617,17010174,16835443,1.09975320783678,84.7810255849745,77.74,4.899,18608668,14,..,128.392672650837,99.2574,..,..,..,7.4936,3624473.645
2023,YR2023,Philippines,PHL,430232801525.374,5.51894967856043,3744.69763802686,5.97802515541409,2.04210354820336,26.6368493470585,40.7831199701022,77.86699677,6.5393085505183,117.275521687262,305.497725722229,63.977928897569,98,..,..,..,24.4600731126539,22.2053003753671,580.1360554135,62.4903620480754,114891199,57580382,57310817,0.810000998681961,55.1242716168851,69.833,2.2,50378922,13,44.2394203278519,176.631189063059,254.5314,..,..,..,15.6147,4101868.185
2023,YR2023,Poland,POL,638740867489.057,0.249610834017872,17410.3830137066,11.5289127961105,4.38918673390545,57.8812710195434,52.1436640222717,86.414744,24.526154479274,135.146301442691,37340.960521191,12.1223189735947,100,1.55525,..,..,31.0804192379273,16.522574789688,2639.20385996686,60.1134068665527,36687353,18908458,17778895,-0.365658526875775,59.8859561370214,78.2585365853659,2.743,18449404,9,76.8794097900391,-30.9948318803028,354.3109,..,..,..,24.7392,212449.905
2023,YR2023,Portugal,PRT,237132655096.059,3.09998745904281,22417.1634060906,4.31128191898681,3.96325428743124,47.1554769314882,45.9803767757157,85.79012676,44.1107426914567,123.001507659381,28927.204260395,6.71084167998399,100,1.69491,..,..,36.154994891142,8.76550462748695,1853.15672016889,..,10578174,5539155,5039019,1.36912985956796,61.2048652633664,82.3292682926829,6.498,5395411,12,77.6778182983398,-4.61371100805214,54.9777,..,..,..,2.9563,186218.127
2023,YR2023,Post-demographic dividend,PST,51957493879621.8,1.79595440239152,46338.3245846606,5.06713865364213,0.853044790031708,29.1498630594373,29.1605351890702,..,..,..,95020.6772540445,24.0195580249936,100,3.02512839178151,..,..,32.3180412570396,9.82967855753483,4158.8134802405,16.2256224067906,1121263972,568036475,553227497,0.343339336267454,81.0611822262698,80.8342678318764,4.46960383607434,559563295,11,81.2349395751953,-15.6415794192962,12672.5395,..,..,..,576.0262,23653727.223
2023,YR2023,Pre-demographic dividend,PRE,1539441456466.64,2.44455093685518,1429.18875247624,7.10220928557059,1.35538662809508,25.3681770696529,25.6656297674773,..,..,..,46.572250907499,..,52.5242986079524,..,..,..,25.2555690812685,38.6615620702738,440.374030273201,0.848933263761455,1077143557,539051097,538092460,2.53506961491099,44.944973511523,62.1630603690952,4.65198898265421,413497323,9,..,120.31645204437,1935.9178,..,..,..,234.2389,7707058.701
2023,YR2023,Puerto Rico (US),PRI,96155166598.5367,0.731492105366186,30012.9055109463,..,..,53.6448077849649,48.0127431667123,..,23.1595519217476,124.513459651582,464.761467185468,..,100,..,..,..,56.1217587373168,7.83963023115694,..,..,3203794,1694232,1509562,-0.509158872556824,94.1774359275881,81.69,5.725,1187834,13,77.9263575380698,-22.7160096540628,16.8112,..,..,..,0.625,2160
2023,YR2023,Qatar,QAT,172936988054.931,1.18715991623776,65111.033321485,3.02764899198902,-0.222614821674707,..,..,98.15229797,11.641102863231,157.82063065065,449.542776593053,2.78003630297901,100,..,..,..,0,107.758571527846,16343.0404045489,..,2656032,756537,1899495,-0.0489708509014485,99.2835325193835,82.368,0.13,1972840,12,38.2058906555176,493.867583625589,156.1266,..,..,..,0.8156,19039.72
2023,YR2023,Romania,ROU,235229078939.709,2.25773416555121,12340.8170509969,10.3971874764996,2.50426860654842,39.2445975462886,44.1307348599346,89.20335498,34.6706189336505,123.252482585042,26834.6013459271,12.6747408327123,100,0.51656,..,..,30.1158292767733,16.007729806639,1600.61942333991,13.954330654341,19061062,9828615,9232447,0.0659152146414443,52.1645747011867,76.4048780487805,5.589,8296265,10,55.1682891845703,-57.9749940460039,101.2864,..,..,..,9.8551,17878.02
2023,YR2023,Russian Federation,RUS,1544986751583.49,4.06661395813023,10560.4658203125,5.86571931748967,-0.490895490828941,22.7699393140297,18.5695723352636,92.24496346,25.8238695549039,180.841776534047,23603.5969263721,..,100,0.93518,..,..,49.7843605035639,11.5661567768194,5498.30525622561,18.1236879320303,143826130,77040679,66785451,-0.285217600763343,74.9805047873279,73.2546341463415,3.076,73713863,11,93.7277679443359,-17.7711307124166,2512.8196,..,..,..,85.0466,5763303.2
2023,YR2023,Rwanda,RWA,13869502290.8789,8.55964292914153,993.911004643524,19.789546746467,3.09083144958541,23.7006060278177,43.1919779061295,28.80579948,0.445556123195211,91.4622704078141,129.134239484965,..,63.9,0.78149,..,..,11.3092825293879,36.0064247681194,371.93592669295,14.3097643097643,13954471,7152063,6802408,2.1984982050137,28.8555310645477,67.785,12.352,5531930,6,8.88624308383425,47.1753006312374,8.3469,..,..,..,1.3135,41182
2023,YR2023,Samoa,WSM,1015816470.59538,15.233606465518,4688.46305366113,7.92164684826777,0.229294017897832,26.2085799096029,54.6319326613049,..,..,..,618.472004910852,5.7420173193689,100,..,..,..,57.636690647482,4.57949918534889,..,..,216663,107591,109072,0.649190563116911,17.5012799804602,71.698,4.92,57666,8,14.6106638814429,72.554347826087,0.508,..,..,..,0.0381,10547.704
2023,YR2023,San Marino,SMR,1737822991.03591,0.401932371532837,51323.7741002928,5.93190858629403,-0.893473147832222,185.992797278666,154.990602838686,97.33640289,..,..,32339.0431187242,..,100,..,..,..,16.6666666666667,12.7360737522911,..,..,33860,17213,16647,0.310582221115543,97.1317310361655,85.706,..,..,10,51.1357340720222,..,..,..,..,..,..,0
2023,YR2023,Sao Tome and Principe,STP,318740893.733006,0.372252775001456,1380.60169416257,21.2589138473,-3.73659884967941,14.2438021824642,32.7307765511991,58.70130157,2.50139688397417,63.4540500972405,38.9828085814156,29.2734328924522,81.3,..,..,..,52.125,15.1195335259737,..,..,230871,116054,114817,1.99754660166419,68.6043921103568,69.718,9.032,33407,6,..,190.636254501801,0.2421,..,..,..,0.0185,5647.747
2023,YR2023,Saudi Arabia,SAU,863963569239.897,0.542592439393161,25634.8237547841,2.32708518362706,1.87130991298946,30.7559610678442,25.0415071647045,100,43.5732045642216,157.775388696083,425.544149523076,0.590629141767828,100,0.49487,..,..,0.454484134921779,73.5179752363051,7148.58725115291,..,33702731,13260611,20442120,4.63821572656175,84.2962388315415,78.732,4.008,16713756,9,..,245.798330160032,818.1917,..,..,..,9.9249,214935.773
2023,YR2023,Senegal,SEN,26374572022.2517,4.25743083300657,1458.9664233275,5.93947798773215,15.6044600024418,23.1064628813737,48.4878187033086,59.18740082,1.97393200956788,123.911572643075,46.1898286899464,1.60473886534447,74.2,..,..,..,41.2827091881785,41.6483649398667,291.050601075038,1.1254425897825,18077573,8879764,9197809,2.38738348832592,54.6992276190794,68.683,2.784,5755823,11,16.0710053721835,214.277045682096,31.0754,..,..,..,3.7151,531730.772
2023,YR2023,Serbia,SRB,54366256509.8452,3.74793303561771,8208.4786891507,12.3719043552519,6.06995232091603,55.0746098125196,59.4174548307005,85.35746686,31.2695286708104,128.471147595832,12647.8462092924,..,100,0.87816,..,..,32.3896349149721,19.3375514552379,2378.08281785261,58.9102355909761,6623183,3477760,3145423,-0.621120944154492,62.1434649229738,76.1414634146341,8.268,3295577,8,73.2060012817383,..,..,..,..,..,..,9076.37
2023,YR2023,Seychelles,SYC,1950725578.14848,5.17980996672414,16286.8557867673,-1.03530088431952,11.0384988650861,85.5061413882593,98.3359751650734,86.001297,30.7719361318005,129.24400747161,52607.8498492983,0.0384062538993691,100,..,..,..,73.2608695652174,9.25996565809024,..,..,119773,53680,66093,-0.0876274304874622,45.0971081321658,75.419512195122,..,..,11,14.0341370902195,194.551181102362,0.9352,..,..,..,0.0229,139248.489
2023,YR2023,Sierra Leone,SLE,9423896753.16695,5.7100218981806,1113.86837500697,47.6428733253179,2.27421424696108,20.9636585435779,34.3231384251881,23.71360016,..,..,13.356165678862,..,35.5,..,..,..,34.2988362427265,22.461260523478,..,..,8460512,4241460,4219052,2.19524258771884,44.809324991151,61.786,3.092,2789202,9,..,124.405481660621,7.7945,..,..,..,0.8558,207075
2023,YR2023,Singapore,SGP,390426927063.444,1.45026775889565,65976.7068036903,4.83372362825798,24.607056245637,180.430012907963,143.271207083937,94.28518987,27.4343636046425,173.199932977376,228648.442759691,56.1383758562278,100,..,..,..,20.933147632312,15.1427300261359,5282.7637359991,0.899140629052617,5917648,2858818,3058830,4.85831607781442,100,83.0975609756098,3.444,3622441,6,97.2886546863037,114.466344145591,72.3929,..,..,..,0.5098,4381.03
2023,YR2023,Sint Maarten (Dutch part),SXM,1466331869.0583,3.79999769985537,34300.9630414348,..,2.68405106195788,..,..,..,..,..,1216.40272287071,..,100,..,..,..,10.8823529411765,..,..,..,42749,21915,20834,1.43721256242405,100,76.371,..,..,14,7.65284309533989,..,..,..,..,..,..,253
2023,YR2023,Slovak Republic,SVK,105188526684.47,2.11263633214959,19383.3732009401,10.5319476645211,0.393861455912485,91.4935561325084,89.8973162239414,87.2131343,33.17259432898,138.232946210214,39911.9913612961,9.7184584659913,100,1.03359,..,..,40.05615640599,13.7166673872216,3054.72438218715,5.62485369360934,5426740,2777110,2649630,-0.0923148510113108,53.190805019646,78.119512195122,5.843,2791584,11,53.417610168457,-45.4155816192631,40.3077,..,..,..,3.2963,4423.55
2023,YR2023,Slovenia,SVN,54652553125.6646,2.3758326648385,25773.9015835069,7.44687717385846,2.09028809314832,83.4382737313632,76.7213955695369,90.37794678,31.8814801387465,129.227963043737,63978.5405154822,8.20345582131026,100,2.13385,..,..,61.1748938389332,12.5550625384956,2895.95134590199,19.8261745811815,2120461,1055684,1064777,0.396216782960902,55.5378927789875,81.9292682926829,3.652,1047279,9,80.0806884765625,-20.8644734531961,16.6771,..,..,..,0.6728,1400.332
2023,YR2023,Small states,SST,243581323027.677,5.02859646200615,12160.0587635306,5.06713865364213,4.09351060957993,77.5437578786804,72.7035874760743,71.7,16.13,131,56683.2983363704,18.8923531897034,94.7947483488559,..,..,..,64.2500500855468,14.3420624123416,..,11.3780690732502,20031262,9963912,10067350,0.897105994356687,51.7493987022104,72.9130400157843,7.66141080204045,8690821,9,22.5767707824707,17.4769507750831,121.3672,..,..,..,5.6664,3107417.4
2023,YR2023,Solomon Islands,SLB,1436719369.01707,2.84111851154807,1795.88798697142,5.88585897042164,5.23830750788181,36.2593066478577,64.8752251779045,28.67239952,..,..,78.7495078155762,..,81.3,..,..,..,90.0600214362272,9.76639967800624,..,..,800005,390932,409073,2.39583243369756,30.0088821088389,70.528,1.443,422325,..,..,98.5742705570292,0.5989,..,..,..,0.0327,48727.741
2023,YR2023,"Somalia, Fed. Rep.",SOM,8531635197.8089,4.17524257571303,464.72106952561,..,6.17357181967512,21.9383099105676,81.1826975725497,26.12010002,0.722963033976147,53.9579646939598,10.0770128901336,..,50.3,..,..,..,9.16528517231485,18.5402586086237,..,..,18358615,9160786,9197829,3.07939219638342,54.0714435506882,58.816,18.96,3319369,8,..,33.4222952965745,34.2447,..,..,..,4.8632,99099.4
2023,YR2023,South Africa,ZAF,363885280375.697,0.80610455095804,5756.55049453121,6.0752438457966,1.0127377916456,33.2538127556816,32.4260632183892,78.33670044,3.4056617766544,171.508619260428,14786.991738834,4.95551571209936,87.7,..,..,..,13.965072665672,27.7247110277789,1938.50916018053,81.599065017073,63212384,32461907,30750477,1.32810094082844,63.5823705163545,66.139,32.098,25707269,9,23.493768799339,36.4418360321017,555.4453,..,..,..,19.0244,532180.117
2023,YR2023,South Asia,SAS,3659909271310.59,6.7848640413625,2201.34248982502,6.38250790219375,0.76402916443698,21.2646158940211,23.4953036147455,58.3,3.5,85.3,894.501005716367,14.5382086501992,99.4087889697405,..,..,..,25.5884873333417,55.1639515846895,704.462550023437,70.6195074267909,1662580579,810649482,851931097,0.880272546944629,35.137165500664,72.3247648783903,4.16220090187648,681389763,8.5,32.438419342041,206.660626393732,4504.2552,..,..,..,306.9197,23087881.719
2023,YR2023,South Asia (IDA & IBRD),TSA,3659909271310.59,6.7848640413625,2201.34248982502,6.38250790219375,0.76402916443698,21.2646158940211,23.4953036147455,58.3,3.5,85.3,894.501005716367,14.5382086501992,99.4087889697405,..,..,..,25.5884873333417,55.1639515846895,704.462550023437,70.6195074267909,1662580579,810649482,851931097,0.880272546944629,35.137165500664,72.3247648783903,4.16220090187648,681389763,8.5,32.438419342041,206.660626393732,4504.2552,..,..,..,306.9197,23087881.719
2023,YR2023,South Sudan,SSD,..,..,..,2.38280434813754,..,..,..,..,0.00174164840403178,46.6152369503945,3.83162648886991,..,5.4,..,..,..,11.3256215087114,23.674692498997,68.6604990272928,..,11483374,5834585,5648789,4.10816463205266,21.0737755279692,57.617,12.374,5070344,8,..,..,..,..,..,..,..,50035
2023,YR2023,Spain,ESP,1380882052539.27,2.46085796805582,28558.6319817501,3.53236133492433,2.89981565316893,37.8166476493913,33.9809889561819,95.44564516,37.2148181549182,127.715490236713,28733.8233897512,9.56253561613111,100,1.49362,..,..,37.1925889548355,10.0808338779581,2293.70814634203,1.55659717363929,48352528,24611600,23740928,1.17836618688432,80.128491001856,83.9341463414634,12.179,24153349,10,93.7303466796875,-2.60803878498169,286.8651,..,..,..,18.5804,1009667.925
2023,YR2023,Sri Lanka,LKA,87644138317.9669,-2.0289296690344,3977.13564995085,16.5411742279832,0.848017076796717,20.5995283672112,22.7481397523022,51.2,8.76545173115153,142.277402587724,482.370558605981,1.41723845257758,100,..,..,..,34.0048496605238,22.6820308390395,466.718993611413,29.6982868831501,22037000,11373412,10663588,-0.651320770103285,20.1455348442463,77.483,4.528,8109783,11,20.7412633848006,121.036033772238,35.1854,..,..,..,2.1009,399049.202
2023,YR2023,St. Kitts and Nevis,KNA,1012966873.64566,3.02127526129283,21664.0333984701,3.55711230848243,2.82603990513145,..,..,76.58950043,..,118.893023653706,8233.88511056931,..,100,..,..,..,42.3076923076923,8.87073187526288,..,..,46758,24350,22408,0.104849849656036,31.7007809622822,72.145,..,..,12,..,199.332220367279,0.1793,..,..,..,0.0069,679
2023,YR2023,St. Lucia,LCA,2091481905.7983,3.90774802925928,11665.6826047818,3.81914546156358,8.31848073246958,..,..,67.44390106,..,..,702.791644588225,..,100,..,..,..,34.0491803278688,10.4259042064551,..,..,179285,90686,88599,0.281512532799571,29.0976313248036,72.697,12.094,100958,10,15.0396404266357,203.8127090301,0.4542,..,..,..,0.0173,2009.917
2023,YR2023,St. Martin (French part),MAF,..,..,..,..,..,..,..,..,..,..,1272.03343630747,..,100,..,..,..,24.8,..,..,..,27515,14658,12857,-4.80716831631216,100,80.224,..,..,..,..,..,..,..,..,..,..,180
2023,YR2023,St. Vincent and the Grenadines,VCT,917110146.812992,5.32636472098717,9051.35208011007,4.56457719814894,6.88612464767325,..,..,75.53679657,30.4935700680004,101.631416361537,167.780267066707,4.93442861881868,100,..,..,..,73.1794871794872,10.6030079678565,..,..,101323,49658,51665,-0.711025816110263,47.7169922340041,71.23,18.348,53876,12,..,130.191082802548,0.1807,..,..,..,0.0092,1008.906
2023,YR2023,Sub-Saharan Africa,SSF,1978100228661.96,2.71446691675897,1571.4055801623,6.69759990789845,2.01519876256499,24.893994247971,26.3316036253474,32.3,0.66,90,794.845464906066,4.98071111879055,53.2507689805499,..,..,..,25.7362769848213,35.4353980957566,479.776598165151,40.4307090599736,1258809472,631508675,627300797,2.46269453367738,43.639562828921,62.6027406477464,5.76152900751665,501348552,8,..,89.2154129934917,2388.0461,..,..,..,298.3936,9529456.085
2023,YR2023,Sub-Saharan Africa (excluding high income),SSA,1976149503083.81,2.71209038880693,1570.00530365333,7.05298238454736,2.00588912569717,24.8199642781942,26.2525245191723,33.5,0.67,93.4,789.915100433344,5.00364696188968,53.2463204690134,..,..,..,25.7353623699049,35.4378888685593,479.776598165151,40.4307090599736,1258689699,631454995,627234704,2.4629403357372,43.6394241334397,62.6015210435979,5.76152900751665,501348552,8,..,89.1889070865667,2387.1109,..,..,..,298.3707,9390207.596
2023,YR2023,Sub-Saharan Africa (IDA & IBRD countries),TSS,1978100228661.96,2.71446691675898,1571.4055801623,6.69759990789845,2.01519876256499,24.893994247971,26.3316036253474,32.1,0.66,90,794.845464906066,4.98071111879055,53.2507689805499,..,..,..,25.7362769848213,35.4353980957566,479.776598165151,40.4307090599736,1258809472,631508675,627300797,2.46269453367738,43.6395628289209,62.6027406477464,5.76152900751665,501348552,8,..,89.2154129934917,2388.0461,..,..,..,298.3936,9529456.085
2023,YR2023,Sudan,SDN,33915159966.5036,-29.4332716274387,677.723205566406,..,1.37399372870934,1.10810859308483,1.36562018959182,..,..,..,2.13817011125539,..,66,..,..,..,9.55196466809422,37.6123871383607,372.312971202034,..,50042791,25221195,24821596,1.32652175747925,34.7960076976764,66.331,..,..,8,..,126.18359857123,138.3599,..,..,..,29.4873,46160
2023,YR2023,Suriname,SUR,4519472310.29538,2.41659215006946,7186.47308144145,51.5873159600861,13.9440900275142,..,..,87.4,17.5373597122531,157.24614636039,1388.1689209173,3.21274943551639,99.6,..,..,..,94.44758351333,15.670163102049,1695.16378963307,..,628886,314537,314349,0.914027369002208,65.7562408447266,73.631,7.699,249544,6,4.93785087797966,62.0448179271709,3.5867,..,..,..,0.1506,31898.046
2023,YR2023,Sweden,SWE,568322714847.714,-0.204061304891439,53937.7967122429,8.5486248974891,3.22512369002956,55.1958779701806,52.4238314737936,95.70327461,40.7340135908716,140.265691285045,52996.3464606147,17.6238520277113,100,3.59978,..,..,68.7013529108454,5.25938129137927,4288.83333908122,0.398571884426195,10536632,5230587,5306045,0.472717863265105,88.631216160938,83.309756097561,7.611,5661389,10,81.3998184204102,-31.6943492456669,51.4013,..,..,..,5.7495,166097.334
2023,YR2023,Switzerland,CHE,826197715652.355,0.825560934124624,92947.9424441568,2.13540088016387,-12.43582733744,70.3187381654557,59.4184563829442,97.34436623,46.8364627671237,130.221876609608,163621.681253151,29.3340286978728,100,3.22178,..,..,32.3827380818297,8.32022270668715,2511.37154209497,..,8888822,4474532,4414290,1.26498425447772,85.1854212679815,84.1560975609756,4.043,5095827,11,74.0060882568359,-20.5643786684058,42.8749,..,..,..,2.0601,4140
2023,YR2023,Syrian Arab Republic,SYR,..,..,..,..,..,..,..,..,6.86124546257849,72.4405852977604,93.2839655882614,..,88.4,..,..,..,2.84310842454937,32.0552019474512,395.892260403832,..,23594623,11799042,11795581,4.91861526815481,72.1673803143204,72.12,13.27,6103412,9,..,-26.6065710815628,46.5307,..,..,..,3.7832,5955
2023,YR2023,Tajikistan,TJK,14619564549.6174,8.29999921651935,1407.1075436221,..,1.14813698883392,17.1918374601415,48.4428635765939,54.41550064,0.983936262867068,76.215892145748,123.775253015001,15.2077910112936,100,..,..,..,3.07514950644859,33.3455362132125,393.055077961309,4.59722794016742,10389799,5288457,5101342,2.01812009749216,26.1890127571429,71.79,7.037,2513014,9,34.9689625947729,-1.41640740134271,21.6738,..,..,..,2.0818,5453.002
2023,YR2023,Tanzania,TZA,70563656177.7408,5.06952353203394,1092.86413574219,3.79923291384916,2.08641570922927,17.1954298762755,21.0166049300635,28.43190002,0.10501728326893,105.40028112088,52.5836968683624,5.06811053608461,48.3,..,..,..,50.0541883043576,20.1699588964355,400.79903628363,..,66617606,33603791,33013815,2.90250073555304,35.4748019434954,66.995,1.565,31961730,7,5.16887784940301,240.732393980286,99.485,..,..,..,20.6157,603472.743
2023,YR2023,Thailand,THA,460615797952.808,2.24883437970568,6423.99101164149,1.22908986612448,1.9975474592024,65.5135882745017,63.2787714156634,89.53525238,14.5089451983046,168.642808295144,3002.53401436088,26.0506229435129,100,0.93628,..,..,38.6873886746658,23.4870743016258,1851.27231424167,14.6169457645787,71702435,36752428,34950007,-0.0458651887192549,60.9341926574707,76.412,0.733,41287040,9,45.4407811172674,124.060505635848,410.6628,..,..,..,18.5541,2548881.93
2023,YR2023,Timor-Leste,TLS,1770794188.64907,-18.1359049134472,1279.2112241611,8.42035103310377,5.87499260731956,22.9230944694195,66.3815546278449,..,0.00577915257396232,112.647241971673,240.557225891181,1.52605032155587,100,..,..,..,61.6610625420309,11.9874398587491,..,..,1384286,686512,697774,1.08884743970717,28.595471832952,67.689,1.525,606149,9,30.9611108169641,254.351519728148,1.877,..,..,..,0.2259,7656.57
2023,YR2023,Togo,TGO,8316211177.60772,6.19762969378132,1011.2308927823,5.48928568141131,0.820060116117922,24.5820517950579,35.3471259066848,37.57020187,1.22815843837127,75.7906769713952,103.479513853001,0.573585599316818,59.2,..,..,..,22.0700496414782,34.3346739146749,485.547945183566,..,8223850,4212379,4011471,1.90565010531245,43.2496853032436,62.74,1.942,2804353,10,..,224.584461955183,10.5451,..,..,..,1.3303,23804.934
2023,YR2023,Tonga,TON,489545350.254598,2.79014715494606,4680.30010664357,6.35112980255182,0.44357393519288,14.7440210892371,64.8799046107707,64.13140106,..,..,879.566335554557,28.4602948799521,100,..,..,..,12.4305555555556,4.68916248431247,..,..,104597,55007,49590,-0.424539964766316,21.147944541337,72.895,1.652,34073,15,42.8611738148984,46.4193714580113,0.2842,..,..,..,0.0254,1240.67
2023,YR2023,Trinidad and Tobago,TTO,21774542874.5018,1.46645947294053,15922.7668349788,4.62930242419968,-5.98486458707791,..,..,81.9681015,26.8942307436398,134.230557337258,428.516062039766,0.223229642343117,98.7,..,..,..,44.2358674463938,13.7770653891863,10590.4282092029,..,1367510,691204,676306,0.124756950526578,53.9536842104572,73.49,3.361,664410,7,..,111.87492135397,33.6754,..,..,..,0.2525,13116.816
2023,YR2023,Tunisia,TUN,48403183212.3138,0.184015548469745,3967.33387634534,9.32899597507865,1.46351333844229,53.0393939110608,59.0894641022935,..,14.0829860846719,132.653682480562,818.331745821111,7.70110744284105,100,..,..,..,4.55278063851699,18.874792802061,901.544846500177,..,12200431,6167026,6033405,0.666925034776371,70.0266686486584,76.508,15.106,4220581,9,38.1219482421875,87.7927660197604,43.6021,..,..,..,2.3959,129103.404
2023,YR2023,Turkiye,TUR,1274162834489.99,5.04512369812289,14932.8851363122,53.8594087593315,0.933806495534912,31.9135926809724,33.7696157928943,85.96074155,22.4591697943845,105.684032912794,9881.98609883873,4.51829098986852,100,1.42224,..,..,29.4795681041539,26.4041601035213,1849.53592344542,35.9537125394084,85325965,42719404,42606561,0.406389351118662,89.0218446796121,77.156,9.388,35554975,12,105.88606262207,149.388799431244,564.0621,..,..,..,32.0028,1010354.6
2023,YR2023,Turkmenistan,TKM,58031518087.8465,6.31879850268643,7879.96559789716,..,3.53230296866931,21.6753202584741,12.5040832955447,..,..,..,138.775015826055,..,100,0.09,..,..,8.78215904496414,31.2475628480692,4558.64639369573,..,7364438,3753089,3611349,1.83970100027524,47.0678875054171,70.073,4.007,2113074,12,18.8084201812744,109.26837382702,128.3196,..,..,..,5.9202,15410
2023,YR2023,Turks and Caicos Islands,TCA,2518855082.81725,13.7311481139228,54523.0330927151,..,1.99307418959353,..,..,..,..,..,735.962595783367,..,100,..,..,..,11.0736842105263,..,..,..,46198,23065,23133,0.762674129802692,93.9324513656818,78.008,..,..,13,25.2537080405933,2400,0.23,..,..,..,0.0044,2358.7
2023,YR2023,Tuvalu,TUV,40891192.3033457,3.50877192982458,4165.7693870564,..,0.329339751828947,..,..,..,..,..,509.372453137734,..,100,..,..,..,33.3333333333333,5.22404813151427,..,..,9816,4795,5021,-1.77710654146662,64.0117206689787,67.105,..,..,9,19.3509615384615,32.258064516129,0.0041,..,..,..,0.0015,49000.25
2023,YR2023,Uganda,UGA,46503341915.459,5.33697295511469,955.745797275462,5.35094804280395,6.13816501913594,11.6017089255499,21.739987404672,9.286999702,0.0912969650305002,76.2966796632588,51.6271163289848,1.40810780488794,51.5,0.4383,..,..,11.0419703770197,31.2148242708861,497.390337772828,..,48656601,24533989,24122612,2.80083228962433,30.6059359395495,68.252,2.754,21821722,7,..,270.08839836803,56.6028,..,..,..,10.7016,846493
2023,YR2023,Ukraine,UKR,76311548883.8968,5.53473354963334,2164.26123046875,12.8490222828559,2.52287921090664,28.300468273727,49.2091459198387,81.58059692,21.3774151510902,133.38012811971,9888.25753781136,6.68812192869261,100,0.32209,..,..,16.7552640662755,14.854701604932,1508.27791300021,22.1703672724508,37732836,20188500,17544336,-8.42300777431605,69.4754455027606,73.422,..,..,11,82.5533599853516,-79.3841028817752,201.6123,..,..,..,16.2855,43810.214
2023,YR2023,United Arab Emirates,ARE,439547797217.97,4.30113648499413,41926.5773498407,1.62670837213248,5.87183983564899,106.846123390953,92.1988267361531,100,37.0968234502256,199.423843889179,2119.66117852284,8.96029397394575,100,..,..,..,4.46775556181357,57.1867315267375,9139.5423044996,..,10483751,3772859,6710892,3.97717097504667,85.6680699002526,82.909,2.151,6873426,12,61.3456114422447,219.868509264349,254.3073,..,..,..,2.1388,61702.836
2023,YR2023,United Kingdom,GBR,3283159739927.95,0.271650048355255,47911.1540134832,6.79396706793963,0.403116734836793,31.9122697629938,33.0801144117865,95.44719696,41.4367685540411,122.781542240418,47330.9546741383,28.8917146113567,100,2.67614,..,..,13.2907130161617,9.46282991802458,2126.55279563942,1.57094215752238,68526000,34790678,33735322,1.30728496203423,83.1601932891335,81.2380975609756,4.025,34982684,11,80.4146499633789,-48.5164517907072,400.6095,..,..,..,25.8954,903386.769
2023,YR2023,United States,USA,22113788823329.1,2.93436322440155,65667.281580468,4.11633838374488,1.30141768246586,11.0506737190927,13.878624456192,93.52559662,38.0939254696383,112.410910606372,186721.281912647,21.8459878355521,100,3.44716,..,..,33.8669264120375,6.96804491055748,6364.46726343838,16.6638854819688,336755052,167544120,169210932,0.822589035790284,80.071561119178,78.3853658536585,3.638,172274620,12,..,-5.23363919189251,5890.9864,..,..,..,215.1996,5152602.1
2023,YR2023,Upper middle income,UMC,28891529586797.2,4.57426687515756,9448.07566849762,5.0341072621757,1.02704409977295,24.5156877376962,23.3782643903471,85.3,29.83,127.5,2912.06619318048,23.9276897358244,99.392898640485,2.00770643673343,..,..,29.2315888712638,26.6658827592122,2117.85715745782,49.8574220871894,3057927413,1522572626,1535354787,0.249719323418953,67.4481028683691,75.9179864449912,5.36297560426889,1521258114,10,64.0977478027344,168.037855591868,25168.4992,..,..,..,1008.8781,147820311.716
2023,YR2023,Uruguay,URY,62353142656.5034,0.761749241321681,18403.6753125157,5.86910359896119,-6.62564746176161,27.9812486565884,24.3460621821134,90.92590332,32.4032099586757,141.71948663565,4353.20170916811,10.7072308737214,100,0.70196,..,..,11.9643469317792,10.8548023885457,1771.52729208681,..,3388081,1745071,1643010,-0.0835522251458198,95.5439605712891,78.138,8.355,1779292,14,79.9536903496537,48.5298290048233,42.9272,..,..,..,6.8706,67162.32
2023,YR2023,Uzbekistan,UZB,152634850007.123,6.31603004201926,4281.20542121225,9.95659071258018,2.0054127330605,23.3152321915222,39.7869621133828,89.01361047,30.2699233460544,106.884847592051,823.873753807853,2.82239070122292,100,0.11093,..,..,8.54914331101781,32.7713715610547,1394.09046714259,11.1277042298999,35652307,17670093,17982214,2.02114614047908,50.9964841114568,72.388,4.434,14231376,12,45.7591768686293,29.5281383344783,211.3657,..,..,..,14.0606,195882.468
2023,YR2023,Vanuatu,VUT,1018356921.69144,5.82973013269719,3178.3031116212,11.1825017088175,0.780090842324868,28.3701473975778,49.694747106457,..,1.23342353055002,89.2943082123161,1635.4097419236,..,61.6,..,..,..,36.2838392124692,6.9939431918878,..,..,320409,158611,161798,2.32481600892244,22.2651966823901,71.477,5.011,114864,..,..,32.5809199318569,0.6226,..,..,..,0.0725,69326.451
2023,YR2023,"Venezuela, RB",VEN,40410409047.2187,4.02298850574712,1427.88655943805,..,0.012698102463344,18.0663666874328,10.0280656296837,76.33190155,10.638053537183,70.2197325918151,223.456154361985,..,100,..,..,..,52.2338793719177,19.1983096563552,1331.23284099658,..,28300854,14312346,13988508,0.310851368612458,89.249627620225,72.514,5.407,10735039,17,..,0.965302844299498,165.3115,..,..,..,8.8117,247426.57
2023,YR2023,Viet Nam,VNM,378564624231.768,4.97865959483225,3772.36029116103,3.25289282667662,4.26458856546888,86.7366640875238,78.2589213683517,78.08,22.6806675035061,130.991428667547,5256.30770476842,44.256885251682,99.8,0.41456,..,..,47.4454820708996,24.7845479100313,1018.06940422163,44.7587002218849,100352192,51201223,49150969,0.671429250652247,38.1298904418945,74.588,1.645,56381956,10,32.8415128147815,490.807245645039,542.9235,..,..,..,25.0668,8835265.44
2023,YR2023,Virgin Islands (U.S.),VIR,..,..,..,..,..,..,..,..,..,..,305.003002373305,..,100,..,..,..,58.1714285714286,6.7926382310921,..,..,104917,54775,50142,-0.471640678399366,95.2740790945924,80.519512195122,11.358,47790,..,..,2.51046025104602,0.0245,..,..,..,0.0051,441.364
2023,YR2023,West Bank and Gaza,PSE,15483000000,-0.97217780620403,2997.22694077849,5.87110177678988,0.555593283570762,16.9958841111666,59.1775735037644,86.63765334,8.37056926326656,76.6918854204372,434.591131050036,1.84344953927492,100,..,..,..,1.68298755186722,22.394098975674,..,..,5165775,2598445,2567330,2.39326476511584,86.8576870415886,65.17,..,..,10,44.4904623709098,..,..,..,..,..,..,3891
2023,YR2023,World,WLD,94100947773550,2.85938493335973,11670.8224680822,5.79944107391962,0.872090410009631,29.0719076019522,28.2980465563442,69.2,18.58,109.8,15470.1231588813,22.9709762694695,91.6034762480239,2.59737836465431,..,..,31.0951828663057,32.872382373302,1866.43382235569,35.5208848944094,8062923417,4008126120,4054797297,0.926690595591761,57.3116916082902,73.3302230276374,4.84991713588619,3657009128,10,43.197868347168,62.102640417694,52540.765868581,..,..,..,2505.58718120094,229338153.634
2023,YR2023,"Yemen, Rep.",YEM,..,..,..,..,..,..,..,..,..,50.8937810578557,6.95593912679964,..,83.6,..,..,..,1.03983180862549,46.8359781444582,154.996261405398,..,39390799,19440467,19950332,3.00980765711571,36.5707979836506,69.295,16.944,7664536,9,..,84.8729943851352,32.3659,..,..,..,4.1075,151026.469
2023,YR2023,Zambia,ZMB,27580695690.34,5.36794285493059,1330.85998216751,10.884531691282,2.32465335614826,40.8461239686718,37.3957630764767,16.45070076,0.681389878819039,102.06156495632,54.9605251697733,1.16356588883727,51.1,..,..,..,59.523784150984,20.2430489112714,804.223060174856,10.9204848982946,20723965,10467717,10256248,2.79406758723844,45.0285853521585,66.349,5.861,7453413,7,..,136.332347879804,37.492,..,..,..,8.1074,199976
2023,YR2023,Zimbabwe,ZWE,23178995952.2035,5.3508687909833,1418.47184628799,..,1.6843211517412,17.1170760050918,23.1741851996024,38.67480087,1.5745780720211,91.6344110473757,89.3467905102938,1.94218828246376,62,..,..,..,44.7366421093447,15.0254734850511,472.22895786097,54.1398912506179,16340822,8559888,7780934,1.67709591394986,39.2919370795795,62.775,9.348,6499497,7,..,-12.5397018946586,30.125,..,..,..,4.3908,99158.55
2024,YR2024,Afghanistan,AFG,15966227156.538,1.87319280045979,374.37669620849,-6.60118564073726,..,15.7027518479481,68.0602732398198,16.09499931,..,60.0990815591219,41.0575140034026,..,87.8,..,..,..,..,..,..,..,42647492,21114952,21532540,2.83657317243522,25.7007352636188,66.289,13.687,9145340,9,..,155.457947972409,33.0348,..,..,..,3.7792,14170
2024,YR2024,Africa Eastern and Southern,AFE,1102001360919.78,2.78793146807502,1432.50843496815,4.77085731915833,2.14227343586629,25.5215824374484,28.3057372919042,28.8,1.03,87.3,1472.15148285343,5.80004415840251,52.5981705163589,..,..,..,..,..,..,..,769280888,388455181,380825707,2.47280147854539,38.2414414289603,65.3499304660954,7.57169749274654,290536403,7.5,..,87.0574854220794,1548.7374,..,..,..,193.8655,5225102.969
2024,YR2024,Africa Western and Central,AFW,947629502494.46,4.59618335068083,1820.07044608507,3.60804426950566,2.42891782753416,..,..,40,0.57,91.8,62.5692158866276,..,58.8221662248088,..,..,..,..,..,..,..,520655398,258584560,262070839,2.39809620858228,52.8788239433226,59.041538008007,3.17491538811068,221207364,9,..,106.411939998715,896.0976,..,..,..,111.5645,4480290.403
2024,YR2024,Albania,ALB,15568367220.7999,4.04592845095348,6549.23387415397,2.21587375089992,6.32558905401363,36.2848685351465,43.1697675400758,85.86389923,24.8815713356962,89.1328603947682,1512.74983930188,1.52935344981595,100,..,..,..,..,..,..,..,2377128,1202069,1175059,-1.44214414486444,58.5463634043555,79.776,10.689,1265271,9,84.1496200561523,-38.0409448271064,7.1243,..,..,..,0.7271,16452
2024,YR2024,Algeria,DZA,223104305329.361,3.69999999907979,4765.72900168387,4.04611455313434,0.455370730483787,19.8523800653814,20.2821940516889,77.4178009,13.3173088877016,115.457278573892,119.343855301674,..,100,0.44395,..,..,..,..,..,..,46814308,22939924,23874384,1.39838651912702,75.2792907190618,76.475,11.655,13425069,10,54.4283410150344,91.4356232377241,252.7,..,..,..,6.7967,97945.208
2024,YR2024,American Samoa,ASM,..,..,..,..,..,..,..,..,..,..,513.204319469689,..,..,..,..,..,..,..,..,..,46765,23163,23602,-1.60366587175019,80.9446986961818,72.992,..,..,..,..,21.9178082191781,0.0089,..,..,..,0.0021,1527.257
2024,YR2024,Andorra,AND,3377811496.69972,3.8491605039052,41223.9924906603,..,6.63542850454759,..,..,94.39759827,52.3554394786302,155.692108667529,17623.0808660206,..,100,..,..,..,..,..,..,..,81938,40054,41884,1.32930689449906,88.8850044816278,84.188,..,..,10,67.6767676767677,..,..,..,..,..,..,0
2024,YR2024,Angola,AGO,106027106965.762,4.95267860425956,2798.59392792708,28.2404948915772,-1.07650107199669,30.8795219046294,18.9694287694669,40.70479965,0.362845240712436,69.7039467163584,48.5141563014729,16.6897206933082,55.5,..,..,..,..,..,..,..,37885849,19138383,18747466,3.04419972245653,70.6551379036435,64.805,14.02,15787244,10,9.9549065722902,105.145740732591,69.9229,..,..,..,6.8528,631824.39
2024,YR2024,Antigua and Barbuda,ATG,1716457420.48498,2.54044193946544,18304.5836762037,6.19886698842116,11.3643950130087,..,..,72.73040009,..,..,970.438936996118,0,100,..,..,..,..,..,..,..,93772,49139,44633,0.487472101887911,24.3906919254799,77.766,..,..,11,..,73.1143552311435,0.4269,..,..,..,0.0125,3305
2024,YR2024,Arab World,ARB,3109003094904.36,2.00521809439076,6311.25329101256,2.30890057183497,3.64362660121716,..,42.7332163905963,..,..,..,288.845617746968,..,92.1659179921314,..,..,..,..,..,..,..,492612632,237680202,254932430,2.15591676300777,59.8198752449274,72.721805028968,9.26592419265215,136499778,9,35.0803985595703,159.522000949898,3267.5948,..,..,..,105.8651,5801085.921
2024,YR2024,Argentina,ARG,583738758865.705,-1.34293072157739,12774.3506596628,219.883929014578,1.82409522925391,15.2497485928824,12.6800122564846,89.66715228,26.0976420359532,140.234979049333,5453.43428098629,3.85019697474113,98.4,..,..,..,..,..,1736.70249657787,0.916114214125385,45696159,23015446,22680713,0.345829819817895,92.2742315972952,77.543,7.15,22161435,14,..,47.9241713202764,374.3446,..,..,..,37.3319,918105.247
2024,YR2024,Armenia,ARM,16315127652.4443,5.90000000046228,5378.31799981682,0.269511978259125,0.506878336560983,73.6253540067184,76.4393725820236,81.33930206,20.3090953111129,134.88694751567,1735.28926982034,23.6403270515259,100,0.2861,..,..,..,..,..,..,3033500,1625023,1408477,2.30761515133256,65.8113671449901,78.319512195122,12.405,1467933,12,52.7748065090859,-55.6478022610957,10.7806,..,..,..,0.4486,26999.999
2024,YR2024,Aruba,ABW,3665237356.33639,6.81077669324554,33938.9541769192,..,2.4774663008564,85.9688151817883,78.1698299671292,..,..,..,1574.14695124774,..,100,..,..,..,..,..,..,..,107995,56980,51015,0.590657103226071,61.7909396819594,76.5,..,..,13,14.0655418559377,167.226509305492,0.5887,..,..,..,0.01,176.5
2024,YR2024,Australia,AUS,1672078242948.22,1.37340773365975,61486.38147544,3.16656665428797,3.05761029844929,24.6215240529473,22.5238570535723,96.13140106,36.4788276060473,112.581025002429,44299.3061115854,25.1586416457084,100,..,..,..,..,..,4750.59966458141,45.9557824588499,27194286,13700923,13493363,1.98454886891555,87.6021469990446,83.0512195121951,3.942,14906574,11,108.421989440918,28.3816210943393,591.454,..,..,..,50.8072,344817.064
2024,YR2024,Austria,AUT,421809268656.554,-0.659089573171372,45958.8250071261,2.93791574279376,2.55351579610657,55.6782850851641,53.1474927492406,94.91974877,30.12779672163,124.45929984531,47132.0383936251,18.4525766859019,100,..,..,..,..,..,3242.2079854812,2.37725408344053,9177982,4659221,4518761,0.504879813795986,69.4658181096788,81.9951219512195,5.2,4763195,13,92.6126708984375,-11.4466028499267,70.9999,..,..,..,3.211,5357.769
2024,YR2024,Azerbaijan,AZE,59952165317.7227,4.15806800428062,5876.03295533913,2.21217188919901,0.310746244591944,45.8346308453245,36.732893786327,90.43979645,21.7534102440295,109.543149535867,541.026362293599,2.91095088102775,100,0.20778,..,..,..,..,..,..,10202830,5201566,5001264,0.480155257252915,58.573795837717,74.576,5.648,5097655,9,41.3413783372226,-13.8807862468858,58.2798,..,..,..,2.5324,67315.7
2024,YR2024,"Bahamas, The",BHS,13630862492.2464,3.37866553336166,33968.2032187918,0.409162489083286,1.51932088638775,37.7835884998232,41.4588701935223,92.47270203,25.2679530406222,96.6798992232414,6354.61756416295,0,100,..,..,..,..,..,..,..,401283,209686,191597,0.460334786075668,81.3249262966481,74.71,9.049,243754,12,..,41.0572215422277,1.8439,..,..,..,0.0449,8881
2024,YR2024,Bahrain,BHR,41124691812.9282,2.89710543153512,25886.2393152311,0.919635459817651,5.72467195311559,87.4874315086406,69.9934379215464,100,16.9915789748788,159.536143577452,7064.39978094884,..,100,0.19327,..,..,..,..,..,..,1588670,603043,985627,0.733546811160036,100,81.423,1.084,911274,9,58.3677241853667,121.637280030275,64.4222,..,..,..,0.2263,15163
2024,YR2024,Bangladesh,BGD,336932927922.21,4.22325911250161,1941.27874360025,10.4657482763412,0.283870773350074,10.4611878291715,16.3168879748762,53.42171316,8.08931134401926,108.077037369691,527.061270034326,..,99.5,..,..,..,..,..,..,..,173562364,88218708,85343656,1.21462115417186,32.6783196323307,74.93,3.635,73619393,5,23.7295608009814,194.929114718629,220.8267,..,..,..,23.2799,5019069
2024,YR2024,Barbados,BRB,6333343263.91816,3.3669492581395,22421.5333611295,1.4464366430616,3.98890634980471,..,..,70.36470032,..,..,1171.81830089887,19.9263557583818,100,..,..,..,..,..,..,..,282467,147044,135423,0.0463878564204179,59.5397032429174,76.332,6.448,151889,11,53.5815662047086,6.52884839990657,0.9121,..,..,..,0.0368,728.499
2024,YR2024,Belarus,BLR,62232879596.0873,4.34999638140579,6814.34443423546,5.78531910428005,2.20948690351676,63.1561020083551,65.0867303062587,94.26182128,36.2627055164488,131.123016605614,12729.5218058239,..,100,0.5872,..,..,..,..,..,..,9132629,4876818,4255811,-0.49881794290787,79.1551015210848,74.3653414634147,3.458,4835456,11,70.1107509145358,-39.6491581437153,87.4914,..,..,..,14.7924,9577
2024,YR2024,Belgium,BEL,533871052348.802,1.09775383828703,45019.6989654607,3.14349136500041,-6.1637514992582,79.3187864838737,79.7046946650529,95.77579144,44.2321563183446,103.90465332676,36731.8766702,20.3921453422236,100,..,..,..,..,..,4077.82911446826,2.82544455389082,11858610,6011059,5847551,0.66555918543206,87.6126557010527,82.3,5.7,5432908,13,..,-23.2966832843907,107.824,..,..,..,7.4513,17371
2024,YR2024,Belize,BLZ,2623588473.35997,3.50466435023895,6290.49294452749,3.28955985952768,4.01045578413843,55.2233936496697,53.7490528718063,80.00582262,..,..,464560.075958108,0.000191087699111545,99.6,..,..,..,..,..,..,..,417072,206630,210442,1.44077799785791,41.7532107338224,73.739,8.698,174087,8,24.8098643151325,136.556927297668,1.0347,..,..,..,0.1231,209190.375
2024,YR2024,Benin,BEN,19159972710.8241,7.45311566226201,1324.78312597434,1.16093089640415,2.5276563137227,18.84015691814,21.7996453220123,33.98379898,0.277382047807868,125.940873932186,20.3972640285468,30.5389584270212,59,..,..,..,..,..,..,..,14462724,7210159,7252565,2.46175361912328,52.5455354818423,60.961,1.637,6447181,6,..,362.817473755503,17.7671,..,..,..,2.1275,64021.1
2024,YR2024,Bermuda,BMU,7530968949.418,1.88822861970388,116513.536565041,..,1.2816357911399,55.146561003487,25.0595274413538,..,51.3026796212637,96.6767745528807,4347.42248901541,14.3007432825453,100,..,..,..,..,..,..,..,64636,33017,31619,-0.0958758017988935,100,82.49,..,..,13,..,8.44271018091522,0.3057,..,..,..,0.0079,338
2024,YR2024,Bhutan,BTN,2942261348.45564,7.49856206754038,3717.21053114706,2.76131569624098,0.0841982308924301,31.4948602422141,47.8676815531182,91.27739716,2.92069476099272,99.7576826476519,1339.18870432229,..,100,0.09979,..,..,..,..,..,..,791524,368477,423047,0.651370664586926,42.5645249803412,73.262,3.282,406288,..,13.011259392916,148.103615949076,2.8063,..,..,..,0.1803,63
2024,YR2024,Bolivia,BOL,37806175461.5329,-1.12335595517212,3045.61476620329,5.09976568317427,0.652112801170427,21.4350624296,25.5428091852403,79.70469666,12.0711429622144,98.0287940811943,364.447369618833,8.79395083358911,96.6,..,..,..,..,..,..,..,12413315,6194100,6219215,1.37206798819615,71.2361453773988,68.739,3.274,6827098,14,..,116.64089922154,63.7572,..,..,..,8.7692,29805.27
2024,YR2024,Bosnia and Herzegovina,BIH,21349068376.8323,3.22679979810856,6746.95366547249,..,3.3761353835982,40.7026955014872,54.0574823495089,86.10091103,29.3909178564419,121.232373011893,5554.23349523568,6.16317357059664,100,0.21437,..,..,..,..,..,..,3164253,1658459,1505794,-0.655819991673837,52.1224302754935,78.044,10.69,1354967,9,..,-15.9562299600265,27.6267,..,..,..,1.1451,5237.3
2024,YR2024,Botswana,BWA,17527834937.7785,-2.77988981666252,6952.34770386661,2.81835131676251,2.42279666305462,27.0767041570041,42.3686467177144,57.45950036,7.4409622000215,163.999922257361,471.215589461747,..,80.2,..,..,..,..,..,..,..,2521139,1264574,1256565,1.63538411022867,67.4623537838418,69.293,23.81,1173288,..,21.4087908549348,30.4953293206481,12.0977,..,..,..,1.3943,196
2024,YR2024,Brazil,BRA,2028136327872.37,3.41931516501906,9566.74518687619,4.36746407652337,3.38960808548439,17.9385794398559,17.6459444987685,84.46347227,24.079199344422,101.926846460424,6941.17408045006,11.1103644206652,99.8,..,..,..,..,..,1511.62383133688,1.96397079864508,211998573,107703455,104295118,0.405467027627251,87.8958549533146,76.023,6.801,107871864,14,69.7317733764648,100.109082059528,1299.1802,..,..,..,169.1332,1603339.036
2024,YR2024,British Virgin Islands,VGB,..,..,..,..,..,..,..,..,24.9119606799929,93.1316662866408,1443008.79126447,..,100,..,..,..,..,..,..,..,39471,20779,18692,1.23892682902476,56.5072068980827,77.431,..,..,12,29.5605306799337,272.164948453608,0.1083,..,..,..,0.0045,1128.914
2024,YR2024,Brunei Darussalam,BRN,13679822692.2189,4.05251709306727,29563.8682753082,-0.388674165036461,0.189449066349964,74.2707418045022,58.3166977174576,96.29828801,21.1771240120937,118.130579766209,16128.509404155,1.06433459453488,100,..,..,..,..,..,..,..,462721,217022,245699,0.81851878860359,74.8983133873697,75.501,5.18,236334,9,..,102.773600382801,11.8655,..,..,..,0.4279,17696.5
2024,YR2024,Bulgaria,BGR,65234945309.7356,3.38708962009333,10127.4152566236,2.44651943006079,2.69152439380972,56.3699636895975,53.856354041725,82.438955,..,118.067152838789,50750.6030113542,13.4299683659831,100,..,..,..,..,..,..,..,6441421,3324395,3117026,-0.0803071609561488,73.9499356882481,75.7609756097561,4.2,3100224,12,69.5460433959961,-53.6729836652619,46.6766,..,..,..,3.8146,18290.919
2024,YR2024,Burkina Faso,BFA,17993214415.8961,4.83395810163883,764.082625588818,4.19081721344523,-0.874048616893636,28.56446679662,31.928432055678,28.25270081,0.851360416490348,116.5895933212,28.8337642615132,1.64548901950889,34,0.10477,..,..,..,..,..,..,23548781,11818695,11730086,2.24597728439097,28.3352514896662,61.292,3.441,9601936,10,10.0419678526515,208.823087196087,34.9177,..,..,..,6.2909,33064.92
2024,YR2024,Burundi,BDI,3774652142.62998,4.11227376394912,268.700857389911,20.2124925027847,1.0970222856868,..,..,8.595999718,..,..,10.6066536036355,..,20.1,..,..,..,..,..,..,..,14047786,7069192,6978594,2.5839340108674,24.8302838651025,63.818,0.915,6097715,..,..,176.438536024947,8.4217,..,..,..,1.4645,19500
2024,YR2024,Cabo Verde,CPV,2329607473.48607,6.98888280991075,4438.38741931171,1.04817001091965,4.0509951845415,42.6792709353695,54.2229852215311,74.73519897,8.30537440200276,111.84067886381,857.34372052881,..,98.4,..,..,..,..,..,..,..,524877,257930,266947,0.486246288487151,76.7721471004354,76.224,11.883,222880,10,..,323.087621696801,0.9126,..,..,..,0.0652,5586.933
2024,YR2024,Cambodia,KHM,38515324291.0221,6.0158145735202,2183.55682401667,0.808042016536654,9.48089832015712,71.3635841655888,72.0834255374222,68.47530365,4.14566160137529,116.091961125929,817.289111657873,5.26214140574212,99.2,..,..,..,..,..,..,..,17638801,8995814,8642987,1.22593986324555,40.8727033252729,70.817,0.254,10200782,..,21.4437426836662,241.872813336077,49.8348,..,..,..,3.1425,926936
2024,YR2024,Cameroon,CMR,43124429828.9643,3.52472308052245,1480.73097431993,4.53331349711606,1.66655391243674,15.6732536622499,18.7299249292924,46.25880051,..,108.213130152497,25.168467350901,..,72,..,..,..,..,..,..,..,29123744,14609403,14514341,2.61268294319567,55.4031748609078,63.968,3.603,11175287,6,16.6614294830602,35.0246636175078,40.6219,..,..,..,4.7799,250200
2024,YR2024,Canada,CAN,1859337753256.2,2.04626605401701,45061.3864587285,2.38158383281173,2.77756440541293,32.4691150314085,32.6523836990289,94.353302,42.5238215177079,94.1059718794246,39738.0380540323,16.7779029827711,100,1.7908,..,..,..,..,7160.67104355006,2.92805948089751,41262329,20772630,20489699,2.9844051252484,82.7002565766633,82.1080487804878,6.351,22676159,10,..,30.0658102851136,768.0589,..,..,..,40.8943,842251.093
2024,YR2024,Caribbean small states,CSS,84623392309.109,13.3281652583601,18643.3738062746,2.73620751873313,11.4467844104248,..,..,..,..,..,44897.8422845259,4.36134895566411E-05,98.4281812533873,..,..,..,..,..,..,..,4539060,2304767,2234293,0.422918747707842,50.0999425738621,73.3126671321816,7.49180699898505,1957741,7,..,115.326101973065,51.4343,..,..,..,1.167,312792.758
2024,YR2024,Cayman Islands,CYM,6282791345.88668,3.75641197192778,84381.4731440521,..,40.9173186763319,..,..,..,..,..,26673.1133405858,85.5232283869582,100,..,..,..,..,..,..,..,74457,37082,37375,1.92419238887509,100,80.54,..,..,12,..,212.71186440678,0.4059,..,..,..,0.0085,215
2024,YR2024,Central African Republic,CAF,2078640238.88184,1.49999999847535,389.938307964229,1.47733600718744,1.46851186564355,15.007027885938,31.4248720942871,13.78250027,..,..,1.68833678191754,8.29978042191414,18.2,..,..,..,..,..,..,..,5330690,2772728,2557962,3.40139844069992,44.1243555638904,57.671,6.253,1995930,10,..,76.8823924112253,13.4443,..,..,..,4.3788,29410
2024,YR2024,Central Europe and the Baltics,CEB,1687327482198.07,2.09534007010555,16862.8261090388,2.75760909424279,-0.113064351897782,58.3944687039942,56.2757530443532,..,..,..,47613.1574592435,15.8901065059609,100,..,..,..,..,..,2776.30686099912,37.4711882940305,100061963,51573946,48488017,-0.121594654206648,61.7976712496974,77.918095146168,4.00056350955849,49034429,10,68.5388870239258,-43.7410088377623,788.0481,..,..,..,63.2459,547392.999
2024,YR2024,Chad,TCD,17376036158.1077,4.95210484607125,855.999353179333,8.89950732263754,5.12132130084841,27.6855627406623,16.8703726440801,12.62689972,0,72.9289782617702,1.23158030029179,..,13.4,..,..,..,..,..,..,..,20299123,10117765,10181358,4.94853027382671,26.9315292389497,55.238,1.053,6524704,10,..,814.300947974371,101.1738,..,..,..,22.519,109115
2024,YR2024,Channel Islands,CHI,..,..,..,..,..,..,..,..,..,..,..,..,100,..,..,..,..,..,..,..,168126,85111,83015,0.25906981677504,32.7056211227456,81.2,6.031,81828,..,..,..,..,..,..,..,..,..
2024,YR2024,Chile,CHL,288900250332.819,2.80512637106611,14616.9287938028,4.29763891572524,3.97989457086765,33.7320704435058,30.2256760867506,95.590243,23.731405742065,132.660408764665,11912.6095617298,8.31650307450688,99,..,..,..,..,..,2029.03299532593,14.7578099488408,19764771,9941322,9823449,0.537425495656651,88.9950908479196,81.359,8.718,10223511,12,110.176902770996,115.617943686396,118.1209,..,..,..,5.8568,3948273.393
2024,YR2024,China,CHN,18484494644731.6,4.95830378788091,13119.1076099516,0.218128938439177,0.227695125306895,20.4428283665891,17.5132317706653,92,47.1933952081567,131.753932036803,1413.32103124612,26.2777380479223,100,..,..,..,..,..,..,..,1408975000,691221827,717753173,-0.123063407363995,65.8946980998325,78.017,4.59,768163717,9,76.8757843123403,318.453923980802,15536.1217,..,..,..,423.6175,95211994.681
2024,YR2024,Colombia,COL,363081426935.517,1.49330728771066,6865.31283944628,6.60908593728228,3.25416050189283,16.0804545104347,20.2375393681026,79.34543299,17.2244156778185,174.094289675393,1126.20714719974,9.02469704912672,98.9,..,..,..,..,..,840.642725844963,12.4152373354607,52886363,26791092,26095271,1.07447920962035,78.5210811866115,77.913,9.619,26786696,12,..,64.5445876321794,217.5857,..,..,..,18.6548,704070
2024,YR2024,Comoros,COM,1215468426.23944,3.30071498500033,1402.52614298112,5.05192609588218,0.440971140907408,9.23135575502753,32.2492795369359,32.51750183,..,..,16.1545668960615,..,91.7,..,..,..,..,..,..,..,866628,430813,435815,1.89182789744612,33.5392215673301,67.023,3.815,301817,6,..,204.587744626243,0.9494,..,..,..,0.0642,17727.789
2024,YR2024,"Congo, Dem. Rep.",COD,60551902787.4427,6.1025294442863,554.117609962628,..,3.84997694352814,45.6969577635665,48.5515293009981,19.67350006,0.0320289131404702,58.532153345468,9.66358065038185,..,22.5,..,..,..,..,..,..,..,109276265,55059433,54216832,3.24257627586721,44.7455804408753,62.074,4.421,37985198,6,..,130.897707669655,58.4917,..,..,..,7.4813,271765
2024,YR2024,"Congo, Rep.",COG,10586979372.007,2.09998918002519,1671.7266018229,3.09143630919166,3.83980276481754,52.7796430530581,40.4084790309171,47.25159836,..,95.5319320614796,16.5799220933146,..,53,..,..,..,..,..,..,..,6332961,3166866,3166095,2.39829082784283,63.8866111699904,66.001,19.895,2558880,10,..,125.836925616803,24.623,..,..,..,0.7986,55451.847
2024,YR2024,Costa Rica,CRI,77220099149.044,4.08292444182048,15052.9149924743,-0.412853001047069,5.58692738273204,37.5298397915012,32.3235388479498,87.17019653,23.287699004466,136.024511151268,1999.84015314109,22.8587994049653,99.8,..,..,..,..,..,1024.2571497977,..,5129910,2595182,2534728,0.476482848761595,79.3107672397967,80.996,6.936,2402966,13,..,77.9789263045993,17.0769,..,..,..,1.7497,44308.298
2024,YR2024,Cote d'Ivoire,CIV,76503530924.2047,6.0195346193922,2395.65916961845,3.45053028131019,3.58346670744132,26.028011108531,25.2369734315673,41.43219902,1.60153227430253,183.875985110648,60.7498599465213,5.25759412069948,72.9,..,..,..,..,..,..,..,31934230,15687549,16246681,2.43618201263834,53.9733113940142,62.11,2.273,12671518,10,12.3354902267456,282.654765738206,38.0267,..,..,..,3.0637,95130.248
2024,YR2024,Croatia,HRV,69028396205.1161,3.82578440126859,17854.3262648378,2.97200477643626,4.87790164584768,50.1414353064432,54.7709679296898,83.63240029,29.5997367962687,121.732525659138,29458.6415601883,11.6739199311189,100,..,..,..,..,..,..,..,3866200,2001201,1864999,0.168627948783285,57.5158981711443,78.9292682926829,5,1742356,8,..,-18.2410205175691,26.8418,..,..,..,2.2091,72225.508
2024,YR2024,Cuba,CUB,81046145427.2561,-1.06173273220524,7381.39774048869,..,..,42.4701633021061,82.393075562947,70.47699738,3.08297531927544,72.930002350684,192.535681260732,..,100,0.43839,..,..,..,..,..,..,10979783,5562903,5416880,-0.364986968189241,77.1664929228275,78.264,1.755,4895340,9,43.1040700506779,-39.040144464509,35.9857,..,..,..,2.5353,22329.9
2024,YR2024,Curacao,CUW,2814389433.23231,5.02690015475606,18044.7750692923,..,4.34710595121915,..,..,..,..,..,5071.58565594004,..,100,..,..,..,..,..,..,..,155967,81735,74232,0.845408275786684,91.4321812441765,76.989,..,..,14,..,..,..,..,..,..,..,2451
2024,YR2024,Cyprus,CYP,31876854617.463,3.94076934447787,32757.541015625,1.80023018624824,-133.824213233455,97.0202359384563,93.3826349823034,89.60099246,37.5627069536424,156.218025662252,221297.933713323,18.0329234506901,100,..,..,..,..,..,..,..,1358282,674034,684248,0.984449687113221,66.6824259192483,81.821,4.9,765938,10,120.87727355957,67.3988605009496,9.3432,..,..,..,0.2837,10216.588
2024,YR2024,Czechia,CZE,222998156286.465,1.25131096245923,20449.1135911311,2.43531202435314,3.8933976290188,68.8585282145125,62.6080799110665,87.68776014,38.8656371139002,126.600163061009,79335.8806598204,22.4045215279558,100,..,..,..,..,..,3416.31765167586,36.2882273342355,10905028,5527560,5377468,0.376553049157494,72.7947984592185,79.9780487804878,2.6,5593139,10,..,-49.7051832433451,100.3792,..,..,..,5.6751,22135
2024,YR2024,Denmark,DNK,363238912546.89,3.47783593140312,60772.8624276041,1.37220049768926,4.29658848924698,71.0020132043046,60.7630177709021,99.76915157,43.3933280824544,126.686532566268,246545.586810222,17.6194498489345,100,..,..,..,..,..,2502.21881765196,4.95512076337175,5976992,3006104,2970888,0.503861198167737,88.6960552688405,82.2536585365854,5.358,3277500,10,78.9604110717773,-44.5613323384742,38.2646,..,..,..,4.3651,496186.089
2024,YR2024,Djibouti,DJI,3845591877.09476,6.98048467276334,3290.42482052598,2.1120116728497,1.63337101411676,126.415267144255,114.822195954032,65.29889679,..,..,114.655153235757,..,69.2,..,..,..,..,..,..,..,1168722,589409,579313,1.3592172957681,72.9052635052978,66.202,26.007,263018,10,..,30.615442805425,2.4173,..,..,..,0.2175,3386.9
2024,YR2024,Dominica,DMA,607279298.404095,2.052738472526,9172.71049624795,2.73620751873313,8.70431929375585,..,..,82.04689789,..,..,62865.3424967903,..,100,..,..,..,..,..,..,..,66205,33103,33102,-0.459632350460969,73.5449839980866,71.294,..,..,12,..,91.6981132075472,0.1524,..,..,..,0.0116,989
2024,YR2024,Dominican Republic,DOM,104773032846.36,4.95352204492849,9168.45418897141,3.30223338951227,3.6013993607877,22.7679273981921,29.0155869970404,91.0022446,11.2045645451604,93.7095828968519,180.878555232759,7.68868351413961,99.5,..,..,..,..,..,..,..,11427557,5746363,5681194,0.846199988604412,72.4121874752151,73.868,5.312,5424140,15,57.6509476207267,209.707169747879,51.5808,..,..,..,3.1351,24044.473
2024,YR2024,Early-demographic dividend,EAR,13798541048926.3,3.86155873347995,3884.38931770884,3.28955985952768,1.7405573453791,25.4738209677885,27.0509452935328,..,..,..,1761.03727790932,14.1394689787771,96.0905949050278,..,..,..,..,..,..,16.716753973405,3552306404,1751068003,1801238401,1.15231312352477,47.3447903059446,72.0081190674171,5.14374777945389,1463926368,10,36.2870903015137,150.287246452256,13418.1761,..,..,..,808.3316,76391497.548
2024,YR2024,East Asia & Pacific,EAS,31753493803199.7,3.72534172801831,13295.329301063,2.27673550782623,1.54720365657817,31.1220356381199,28.0622922494005,86.6,34.75,132.9,5321.74366549191,34.6550067290869,98.5597948238034,..,..,..,..,..,..,32.6108078460052,2388319468,1183834870,1204484598,0.16250484328034,64.3743990279048,76.7378937238629,3.80594106189668,1279733394,9,63.3318481445312,205.360289553027,21426.7773,..,..,..,683.4217,151794330.076
2024,YR2024,East Asia & Pacific (excluding high income),EAP,21685110845956.9,4.95407477892253,10127.9180882519,2.18151273615189,0.611837388933545,24.5618659870998,22.0103615332271,86.1,34.15,128.2,1840.30546844187,27.9673410189957,98.409299927655,..,..,..,..,..,..,..,2141122258,1058165223,1082957035,0.168020512804402,61.6125537930801,75.9593161676786,3.91370991631764,1141692805,9,61.7415199279785,294.148706978404,18887.7905,..,..,..,591.1367,142456975.016
2024,YR2024,East Asia & Pacific (IDA & IBRD countries),TEA,21658253605914.6,4.95413752144529,10241.9890248099,2.20662023268446,0.612108489221901,24.5601465889496,21.9967670881081,86.8,34.57,129.5,1863.22619197172,27.9673410189957,98.8730876053292,..,..,..,..,..,..,..,2114653077,1044789146,1069863931,0.166308498832557,61.5847679018686,75.9869566179365,3.91959262359653,1124045998,9,62.1942710876465,306.055765031716,18798.0739,..,..,..,589.476,141651072.568
2024,YR2024,Ecuador,ECU,108699466449.551,-1.94409022506859,5993.74697758454,1.54732515615369,0.360313100049938,30.4978780132278,26.9457668073473,77.17273115,17.246394056997,101.598265014024,490.861062498601,9.99836390672699,98.5,..,..,..,..,..,..,..,18135478,9094348,9041130,0.860548498593581,63.2376932397602,77.579,3.453,8842169,15,..,110.635882657669,74.4086,..,..,..,3.83,2020949.818
2024,YR2024,"Egypt, Arab Rep.",EGY,482189779212.902,2.3991692678251,4137.6092923313,28.2705899322083,11.9719351009449,16.3762422101126,23.2245098772607,74.64839935,11.6871225241757,97.1295066037455,82.2047640355153,3.81290087814207,100,1.01757,..,..,..,..,..,..,116538258,57698113,58840145,1.73324205302065,42.8004363938404,71.806,6.817,35343331,12,37.5781274463676,159.142559906049,386.5982,..,..,..,19.3738,2025635
2024,YR2024,El Salvador,SLV,29007110834.144,2.5904637107794,4576.55846613444,0.853782292567288,3.01317166597907,32.6598571720595,53.0227154854696,66.47769928,12.4640729621203,176.517423814642,191.221693627821,5.47333119441725,98.7,..,..,..,..,..,..,..,6338193,3327460,3010733,0.451762522948611,75.0674905102199,72.302,3.261,2951018,15,32.8347079463918,108.255922297202,14.7516,..,..,..,0.9496,68991.15
2024,YR2024,Equatorial Guinea,GNQ,9259992038.43505,0.39622552095193,4892.95310498567,2.92140227309103,1.41848628768048,44.9766162904941,29.3128827424467,63.29930115,..,..,66.5780368567558,..,65.1,..,..,..,..,..,..,..,1892516,894768,997748,2.40472649031131,71.3574028749806,63.906,8.293,722907,6,..,4294.5464362851,8.1387,..,..,..,0.0496,7274.452
2024,YR2024,Eritrea,ERI,..,..,..,..,..,..,..,..,..,..,1.97986029540081,..,55.3,..,..,..,..,..,..,..,3535603,1790250,1745353,1.86168851424672,34.5365524291992,68.893,5.947,1713432,8,..,39.8541790664059,6.5793,..,..,..,1.2759,2485.366
2024,YR2024,Estonia,EST,27554054399.2591,-0.0900428648493801,20078.1397620993,3.5194118998392,-7.97097840452121,75.6694833213142,75.3682190891409,92.23796204,35.3527186879385,151.131825017309,139022.298393767,18.382980141257,100,..,..,..,..,..,2708.7827664704,34.9061759883403,1372341,719839,652502,0.149856351926424,70.6981161541961,79.2951219512195,7.6,757729,9,65.6692276000977,-69.0208907053025,14.1292,..,..,..,1.6774,66314.354
2024,YR2024,Eswatini,SWZ,4805211286.04111,3.03162462475916,3866.37127926695,..,1.55448906259813,53.7558918717287,53.7247291821506,63.40309906,2.5065536335855,139.833459658744,116.669965610522,..,89.3,..,..,..,..,..,..,..,1242822,632631,610191,0.995913343966098,26.2498461258639,64.264,34.643,424113,7,..,-9.06043393239593,2.9298,..,..,..,0.4553,90
2024,YR2024,Ethiopia,ETH,116669335366.646,7.61277447616879,883.458588614999,21.0377460577711,2.68582028017543,5.53927082166771,11.8611650370138,21.94129944,0.593917449513598,65.0825091944922,23.7316790056127,..,56.6,..,..,..,..,..,..,..,132059767,65892477,66167290,2.58350411214521,23.6222839355469,67.603,3.357,55099611,8,..,188.583588665355,192.704,..,..,..,41.7048,255458
2024,YR2024,Euro area,EMU,13498659987290.7,0.938707263867073,37747.5762546902,2.2564981433876,1.74959502179049,49.1960886882902,44.8398285902576,..,..,..,78754.8171702426,21.2927417839223,100,..,..,..,..,..,2789.62558383149,7.09640186772174,357603357,182545574,175057783,0.390590086480305,77.3400724518483,82.246870032101,6.34778064605911,175817443,11,81.8938369750977,-32.880937580145,2462.9495,..,..,..,150.7183,3671775.141
2024,YR2024,Europe & Central Asia,ECS,24188931412158.1,1.61092975636407,26049.7447851247,2.75760909424279,0.679724855754266,44.7868134112805,41.3307223954634,90.9,33.47,132.4,49284.7981007635,21.4401395883421,99.998857471373,..,..,..,..,..,..,11.2983062570582,928566925,477600305,450966620,0.405947664713241,73.9693471857728,78.5976161914947,5.37221817940181,429351665,11,84.8905563354492,-27.7626780014671,7953.3194,..,..,..,429.135,18720860.632
2024,YR2024,Europe & Central Asia (excluding high income),ECA,2183252021278.85,4.05695234474402,8719.2497368167,4.6705297488997,1.54642621624681,31.8354264583418,34.3118616236369,85.8,23.11,115.4,7271.37484723732,10.6742938681977,99.9957431987505,..,..,..,..,..,..,34.5013685673751,250394482,127959524,122434958,0.671406615620136,68.2699431236416,75.1422790044247,6.90688667537961,90475389,10,85.1110763549805,-21.5468735626082,1726.0987,..,..,..,104.5526,1647813.822
2024,YR2024,Europe & Central Asia (IDA & IBRD countries),TEC,4834009799348.25,4.03167528195137,10509.1101785927,4.23056936260083,1.04035656351917,32.287163405573,31.5489060116434,88.9,25.36,139.6,17502.5838075518,12.0784010459184,99.9976895300598,..,..,..,..,..,..,41.4878632346699,459982788,238954744,221028044,0.301119159174174,69.069522725284,74.965455732724,4.71563232155562,195325909,10,88.6189193725586,-21.4641684956689,4825.3245,..,..,..,232.0684,7299600.27
2024,YR2024,European Union,EUU,15712658769407.3,1.08657885620458,34899.3225839678,2.43531202435314,1.63783482564582,50.3674760951217,46.109481455462,..,..,..,74702.754950563,20.6188532892774,100,..,..,..,..,..,2821.39665655907,10.4797372731495,450228188,229966866,220261322,0.295986183604409,75.0300099964199,81.5608466061313,5.92300803762815,221865826,11,79.4997329711914,-34.9407046563586,3164.6646,..,..,..,205.36,4564039.629
2024,YR2024,Faroe Islands,FRO,3240267282.45612,0.843716851362103,59302.1098546142,..,..,54.5562557930637,51.1965472445594,..,..,..,11420.2049780381,..,100,..,..,..,..,..,..,..,54640,26408,28232,0.443882678235839,39.4132325882965,83.0832463414634,..,..,..,..,7.21420643729191,0.0966,..,..,..,0.0528,787202.7
2024,YR2024,Fiji,FJI,5512527116.27431,3.53085896076352,5935.20895738332,3.89084237884105,3.41161017865705,54.4059095106187,64.5569713758079,74.7052002,1.80009560888215,574.152332512188,221.795379765371,2.99874841417736,95.9,..,..,..,..,..,..,..,928784,467811,460973,0.500721796949901,59.0766602292457,67.463,5.361,387456,..,75.0089752283697,29.1259857303793,2.7509,..,..,..,0.2156,35542.85
2024,YR2024,Finland,FIN,253318435246.671,0.374566568538427,45075.1684940688,1.56568906231616,2.9263489451501,41.9032366762925,41.5477928788049,93.72405196,36.4765341417867,125.860954798649,177933.600727841,9.28522659633957,100,..,..,..,..,..,5613.99170800082,2.6000264572535,5619911,2842174,2777737,0.642640054363343,74.2637190463636,82.3365853658537,8.4,2871471,12,110.304496765137,-33.3535960088006,48.679,..,..,..,6.1132,127944.4
2024,YR2024,France,FRA,2720362347819.81,1.19046798275883,39683.3953489029,1.99904942291463,1.64700185498585,33.8897542343832,34.2184333099912,88.65381638,48.9251978969333,..,57274.6363971705,23.1371073769038,100,..,..,..,..,..,3184.7895085475,0.35785085801679,68551653,35318894,33232759,0.261995241898747,78.7999750964116,82.9804878048781,7.4,31859898,13,71.5346908569336,-28.777509888868,378.1202,..,..,..,30.1488,669691.871
2024,YR2024,French Polynesia,PYF,5874732292.7704,1.12638897730247,20846.6514059991,..,-0.219284661446365,18.3213723539379,46.1474942154353,..,..,..,2771.40028459194,1.92522086808869,100,..,..,..,..,..,..,..,281807,139277,142530,0.244792945440769,61.7191984724331,84.192,11.613,120370,..,..,15.1960784313725,1.081,..,..,..,0.0333,14714.861
2024,YR2024,Gabon,GAB,16805289922.6502,3.39403899521831,6618.9868586134,1.17311998381218,5.47750591310442,64.5782984798737,27.4685070347277,68.72090149,4.6941021334787,125.337107593999,87.0437881456601,..,95.1,..,..,..,..,..,..,..,2538952,1250207,1288745,2.15636509762581,91.8632094677575,68.511,20.091,827520,10,..,6.64799600473949,21.782,..,..,..,0.4788,30243
2024,YR2024,"Gambia, The",GMB,2094736745.57173,5.55126065805138,758.965888826955,11.5610532897511,9.66186336562045,8.74884228082436,33.4217749272191,49.49430084,0.518552979215852,126.243773523653,58.6959073735103,3.34757896376015,69,..,..,..,..,..,..,..,2759988,1385654,1374334,2.27730257212036,64.2994103409645,66.057,6.48,783461,9,13.4765901565552,100.658249703248,1.8595,..,..,..,0.2153,55138
2024,YR2024,Georgia,GEO,25186857732.3036,9.67979379712661,6606.35772271858,1.10971758022096,4.68837816824546,47.8150660758993,55.6414053871245,83.79855689,30.4157660721649,161.201784818537,5293.35205761652,3.78381539474497,100,0.26435,..,..,..,..,..,..,3812518,2035367,1777151,2.57811800562047,61.0789605093733,74.657,11.557,1942937,9,..,-51.9769914452861,19.6028,..,..,..,1.4083,203029.7
2024,YR2024,Germany,DEU,3677048776153.86,-0.495851897260366,44027.7631554469,2.2564981433876,1.33680512940413,41.4340593720908,37.6566712174028,93.49999579,45.6069242965787,129.150921864378,152113.844011812,17.9772990379432,100,..,..,..,..,..,2824.59006117053,23.5309802875887,83516593,42274973,41241620,0.274957829184881,82.0211432579125,80.7926829268293,3.4,43801773,13,76.7096862792969,-45.4240575821508,674.3583,..,..,..,30.0458,219045.5
2024,YR2024,Ghana,GHA,74810884163.6805,5.84746854280382,2173.00329800201,22.8483281157842,2.11980137105215,35.0557831990043,33.9110885619442,72.17569733,0.664728986034211,113.647966704673,48.9145074910361,..,91.9,..,..,..,..,..,..,..,34427414,17233172,17194242,1.87500010333119,58.3654868038581,65.695,2.82,13049107,11,21.330810546875,359.196066262472,48.0939,..,..,..,3.5151,617968.661
2024,YR2024,Gibraltar,GIB,..,..,..,..,..,..,..,..,..,..,8187.34267334537,..,100,..,..,..,..,..,..,..,39329,19754,19575,2.20574495293092,100,83.63,..,..,13,..,317.289423685877,0.6589,..,..,..,0.0085,25.523
2024,YR2024,Greece,GRC,223655084018.924,2.0865743380603,21494.6856060599,2.74101875679486,2.6312519942121,42.1116783220502,47.6648496225666,86.26968886,44.6759828527928,113.597610306796,15657.9434729048,15.011494857431,100,..,..,..,..,..,1921.30169085009,6.00753468712671,10405134,5365010,5040124,-0.0213045199396999,78.9967856500534,81.8390243902439,10.02,4725479,10,..,-27.2586414578365,71.5001,..,..,..,3.541,184065.857
2024,YR2024,Greenland,GRL,..,..,..,..,..,..,..,..,..,..,3905.97508621296,..,100,..,..,..,..,..,..,..,56836,26952,29884,-0.0510109860579076,88.3195347935238,70.2734146341463,..,..,..,..,979.050736497545,0.6593,..,..,..,0.0075,331315
2024,YR2024,Grenada,GRD,1177068915.37718,2.3996478454327,10042.6503142063,1.08615365134737,12.1312103836444,..,..,70.16159821,..,..,742.276485192864,6.4434446202485,95.6,..,..,..,..,..,..,..,117207,58452,58755,0.107559936614412,36.5628000454229,75.367,..,..,12,..,159.698275862069,0.241,..,..,..,0.0097,2183.378
2024,YR2024,Guam,GUM,..,..,..,..,..,..,..,..,..,..,1299.34377179232,..,100,..,..,..,..,..,..,..,167777,82789,84988,0.760437189316384,94.1726346571831,77.422,5.252,77324,0,..,47.5409836065574,0.018,..,..,..,0.0056,109.637
2024,YR2024,Guatemala,GTM,84010557479.994,3.71558453779777,4564.21378502908,2.86992752918294,1.63228788754296,15.8834632887959,31.4218348560856,60.22140121,5.33792153027114,112.520863034346,109.147061621475,5.39604303984542,90.9,..,..,..,..,..,..,..,18406359,9277168,9129191,1.54129399660934,55.9547027274763,72.746,2.613,7519217,16,..,232.363892138199,43.4722,..,..,..,4.546,39980.206
2024,YR2024,Guinea,GIN,15432355339.8071,5.35004659049265,1045.92207475792,8.12313914948596,5.60537419672253,41.3930067703478,56.3848109609781,33.30469894,..,..,12.2672068756,..,53.8,..,..,..,..,..,..,..,14754785,7453518,7301267,2.39595802290484,38.0713036688655,60.904,5.132,4603413,6,..,325.879641039767,29.3759,..,..,..,4.287,392475
2024,YR2024,Guinea-Bissau,GNB,1730065033.65906,4.40920107183611,785.91021956464,3.76555825770114,1.21259612687519,12.6982986406255,27.6736356160346,29.77739906,0.386080917545218,147.197631273872,10.9023908943231,..,43.7,..,..,..,..,..,..,..,2201352,1113342,1088010,2.20520563612008,46.113204421822,64.254,2.647,872544,9,..,93.0846554438658,3.1886,..,..,..,0.5422,54128
2024,YR2024,Guyana,GUY,27454916553.9543,43.8192726391966,33034.948872927,2.90379501424778,34.9900654897849,..,..,83.00080109,..,..,175.673545609545,13.3341087055182,93,..,..,..,..,..,..,..,831087,426503,404584,0.571243951310838,26.477717988557,70.319,11.874,324618,6,26.4315792489043,253.234615851438,8.7309,..,..,..,0.4824,38729
2024,YR2024,Haiti,HTI,13593635235.2547,-4.18495104762965,1154.68841945337,26.9490564091987,0.0824597396111034,2.19043620968954,16.4643255688329,47.8614006,..,..,7.72984152890489,..,53.9,..,..,..,..,..,..,..,11772557,5947201,5825356,1.15472671204546,55.0372652481002,65.119,14.609,5181956,6,..,90.1531456953642,13.7823,..,..,..,1.4198,16743
2024,YR2024,Heavily indebted poor countries (HIPC),HPC,955606849315.489,5.12099358552982,1016.27398761692,4.60621098127101,4.24357917808801,22.6348440511827,29.7878978146093,..,..,..,37.7611781499494,..,52.4769402918894,..,..,..,..,..,..,..,940304348,471735575,468568774,2.59429753696978,37.8610562629747,64.9203978854631,4.1513349312603,348568081,8,..,175.650861622527,1413.2016,..,..,..,243.4717,6758011.314
2024,YR2024,High income,HIC,59590533300228.3,1.96948428510512,42026.5401511337,2.38158383281173,1.46314769136066,31.4497005095937,30.2124572959212,93,37.79,138.5,85831.1762375575,25.8355010506194,99.9679657645831,..,..,..,..,..,4178.25562177402,15.8514083387471,1417926222,713956054,703970168,0.692671029675521,80.1320285164635,80.3938747881042,4.36900295139978,731592184,11,82.0356521606445,-5.73473427848572,17426.5283,..,..,..,709.1532,37596812.931
2024,YR2024,Honduras,HND,27879658239.1165,3.63240745450875,2575.32081187859,4.60621098127101,1.29157460831069,33.9216124364928,57.7477993509193,58.62269974,4.57914834722512,70.9397440517258,148.812506679705,3.87334759570957,95.5,..,..,..,..,..,..,..,10825703,5375736,5449967,1.68469129774697,58.7850728104829,73.044,4.91,4250629,12,23.3177890777588,183.356765235578,24.3871,..,..,..,1.8985,98203.652
2024,YR2024,"Hong Kong SAR, China",HKG,336586373892.992,2.62936861207362,44734.4365296835,1.72972119105914,30.8106332188954,181.62493830097,177.765724741209,95.75536971,40.2724025338679,364.848981963231,156139.206017995,75.5706908349979,100,1.12597,..,..,..,..,..,..,7524100,4134633,3389467,-0.159360467186035,100,85.3926829268293,2.988,3827176,9,120.08978583196,2.70528520539988,40.3071,..,..,..,0.5372,94832.2
2024,YR2024,Hungary,HUN,158186244446.653,0.709070599066038,16543.1049095203,3.70370370370369,-27.5090725956422,76.1979120113902,71.7287545266774,93.77898628,37.542262483936,104.58063059269,55077.4335878286,22.5745118826045,100,..,..,..,..,..,2514.14445788748,6.43641245689315,9562065,4970566,4591499,-0.314510077464087,70.491825943218,76.7243902439025,4.5,4965018,13,60.5168685913086,-37.3084473462886,60.4529,..,..,..,4.8642,24179.017
2024,YR2024,IBRD only,IBD,37428352956740.5,4.4256614810418,7516.23109692996,3.54713144937457,1.10271578693302,25.8578933505333,24.5769880605064,79.9,21.16,114.9,3543.90428375519,21.5421713332233,99.1710314335576,..,..,..,..,..,..,14.2247252971489,4979670326,2467074609,2512595717,0.552979753222267,58.3264723309511,74.6728746420716,5.02160062447022,2327332114,10,52.829891204834,123.894761495286,33993.5796,..,..,..,1492.9791,187086668.035
2024,YR2024,Iceland,ISL,22824557130.9069,-1.2828764442695,59053.5648370451,5.85683849970072,8.53649263499069,42.457252735894,43.7243265430341,98.209198,37.5242757933482,120.927513243653,88084.0142197016,53.9722930663779,100,..,..,..,..,..,15996.6796098347,..,386506,188596,197910,0.218346070592545,94.1819039916522,82.809756097561,3.6,238873,10,..,-2.96823310826121,4.2824,..,..,..,0.2645,1063593
2024,YR2024,IDA & IBRD total,IBT,40343734988549.9,4.42022565074735,5825.50541967732,3.62770736940927,1.18429933212812,25.5974832209527,24.8873974685193,67.7,15.94,107,2620.34161445829,21.0003839044919,90.6841858083156,..,..,..,..,..,..,14.134414717373,6925362193,3441226527,3484135667,0.985636475049798,53.3694237912271,72.1341361054704,4.87492589830662,3065694449,9,39.3488082885742,122.966954805612,37251.4965,..,..,..,1916.7903,207565925.764
2024,YR2024,IDA blend,IDB,1426799180415.11,4.11563151662068,2107.6638668718,3.45053028131019,1.29615302475177,..,25.3669054770786,41.2,3,88.2,463.828128002057,2.93827749171859,78.8148230386128,..,..,..,..,..,..,..,676957651,335351819,341605832,1.87305223436203,48.6958359099619,62.619940785485,4.43949809013088,273985004,9.5,12.5017795562744,81.939644251895,1365.8613,..,..,..,134.8302,3355689.295
2024,YR2024,IDA only,IDX,1488582851394.27,4.57659622486648,1173.2818683549,4.25632834866278,3.10756585949809,21.8246256823047,31.2840825416929,33.9,2.25,86,142.975535132383,..,63.6732469361987,..,..,..,..,..,..,..,1268734216,638800099,629934118,2.22368416110244,36.4071269030645,67.2462931175477,4.3967369419449,464377331,9,12.8071804046631,144.571006364605,1892.0556,..,..,..,288.981,17123568.434
2024,YR2024,IDA total,IDA,2915382031809.38,4.35048943307154,1498.37807376176,3.89084237884105,2.37710519095972,23.0527356761793,29.1049442575799,36.4,2.51,86.7,254.700186813777,..,68.9457220651021,..,..,..,..,..,..,..,1945691867,974151918,971539950,2.10155053006799,40.6826937203111,65.6366628053028,4.41260437296088,738362335,9,12.7190599441528,113.725776143501,3257.9169,..,..,..,423.8112,20479257.729
2024,YR2024,India,IND,3434122552914.77,7.09927893176518,2366.8328910323,4.95303550973661,0.721648483526777,22.0639816354399,23.8527091324349,64.9434967,3.15046250037677,79.3526921826412,1212.44166069372,18.5723946411049,99.9,..,..,..,..,..,..,..,1450935791,702612364,748323427,0.890706546985984,35.3788972368389,72.235,4.173,608500805,8,34.4184659748952,222.916625728049,4371.1693,..,..,..,283.4991,18450686.714
2024,YR2024,Indonesia,IDN,1238260376381.51,5.03257477088519,4367.94741847938,2.18151273615189,1.73855290316368,22.3096487702606,20.5002891005614,72.78075544,4.92196685438436,122.514946500491,2939.49021766292,8.7110437578916,99.9,..,..,..,..,..,..,..,283487931,141080015,142407916,0.813871513351669,58.7509635387997,71.288,3.301,145198137,9,..,291.602416627791,1323.7779,..,..,..,64.1494,23571754.022
2024,YR2024,"Iran, Islamic Rep.",IRN,534246745197.836,3.66312057949303,5834.44296939863,32.455871402917,0.304914200880697,23.5514720983508,28.5106585810839,85.3404007,12.0603874696566,174.066388972063,7225.71087209777,..,100,..,..,..,..,..,..,..,91567738,45035681,46532057,1.05286922170537,77.0201263427734,77.854,8.146,29306871,9,..,218.387261431818,1054.7651,..,..,..,30.0186,1498619.993
2024,YR2024,Iraq,IRQ,192469260104.189,-1.54525198319173,4180.29619477317,2.6116961151764,-2.73525447039729,39.7635173537006,37.375421957139,81.47450256,17.6333290365333,100.080276677726,34.5119560905403,..,100,..,..,..,..,..,..,..,46042015,22930934,23111081,2.12476784890538,69.8861494108913,72.424,15.293,12134030,6,..,140.671285862535,413.2764,..,..,..,6.9333,56635
2024,YR2024,Ireland,IRL,509767195342.461,2.59946721553708,94474.9879707069,2.11344999577317,0.791076186083952,143.984601661031,102.18527319637,97.18769836,32.3023693358176,112.638817343502,121467.84808156,53.5184328432158,100,..,..,..,..,..,2467.50339120772,2.00685888479614,5395790,2724772,2671018,1.57375843711631,64.3470379255585,83.009756097561,4.3,2857089,10,..,1.23117112226896,59.6778,..,..,..,8.3175,283261.359
2024,YR2024,Isle of Man,IMN,..,..,..,..,..,..,..,..,..,..,21364.0684410646,..,100,..,..,..,..,..,..,..,84160,42494,41666,-0.00594088816452728,52.1633405796294,81.091,..,..,..,..,..,..,..,..,..,..,3514.441
2024,YR2024,Israel,ISR,418912615202.685,0.953618469238535,41882.0474698252,3.07480889805025,2.7251194069041,28.399007008222,25.9832493695112,88.18242225,29.1837101461688,177.393104798636,12318.6898882246,37.2335173751738,100,..,..,..,..,..,2476.65013076128,13.9709853208307,10002200,5021989,4980211,1.54351416100292,91.536188843818,83.1975609756098,3.595,4755304,15,56.2561111450195,82.7461278304879,76.6207,..,..,..,2.5123,16915
2024,YR2024,Italy,ITA,2034347191418.34,0.783039135276795,34508.1235191237,0.982373023061417,1.19623307999136,32.3350686402627,30.2575458513031,89.2207202,31.7807732477772,132.575141676252,30647.1608155582,12.2827088504022,100,..,..,..,..,..,2231.202099939,1.75788817263023,58952704,30139602,28813102,-0.0534387378437725,69.6047535143071,83.9512195121951,6.5,25756934,12,..,-26.449809165108,371.1717,..,..,..,12.9296,231868.507
2024,YR2024,Jamaica,JAM,17308839319.8134,-0.535039063867487,6096.4327030963,5.41194447981659,1.38581611857042,..,..,90.10870361,15.981614377416,117.693907561175,191.957170656969,..,97.7,..,..,..,..,..,..,..,2839175,1435209,1403966,-0.0215180207209529,58.9301585439922,71.606,3.151,1602871,6,..,1.88534425910512,9.4247,..,..,..,0.3329,13444.824
2024,YR2024,Japan,JPN,4708167683577.82,-0.240084236041696,37976.6371788298,2.73853681635241,0.450454817292247,21.9799093698461,22.8730294879112,85.54153081,..,..,32928.7580837326,17.5547415163067,100,..,..,..,..,..,3005.89902824379,30.0737377965016,123975371,63495351,60480020,-0.435651699326323,92.1901718034531,84.0363414634146,2.5,69501768,9,..,-17.9426579479271,1063.3358,..,..,..,16.5268,3650432.155
2024,YR2024,Jordan,JOR,51306781533.8503,2.55605891810194,4441.03974922351,1.55659611283953,2.78862682935517,..,..,95.62244985,7.01801006087142,69.6426153972396,212.241523236292,..,100,..,..,..,..,..,..,..,11552876,5595499,5957377,0.988722042141178,92.9501393764286,77.981,16.693,3204396,10,35.9184001120427,187.566929848444,34.8557,..,..,..,1.148,3378.8
2024,YR2024,Kazakhstan,KAZ,244491152895.888,4.99999999996936,11872.7842626298,8.69082156104494,0.71809281452939,31.5871636865516,25.5741795098408,93.39167254,15.3162031103353,127.085151242164,6914.14394055021,42.19530029659,100,0.16242,..,..,..,..,..,..,20592571,10562665,10029906,1.28276364646616,62.072531584162,74.531,4.833,10266072,9,53.4564204414133,-3.46938757622318,330.3933,..,..,..,10.4675,65012.601
2024,YR2024,Kenya,KEN,104901873444.36,4.66019594571891,1858.87650030024,4.48978854243448,0.384924569449646,16.8549548908518,23.151298075842,34.97622513,3.04382666975517,126.477706000949,399.695610422168,3.15003013612034,77,0.81069,..,..,..,..,539.298427448329,..,56432944,28376872,28056072,1.95751431565234,31.8937831721599,63.834,5.487,24031329,12,10.4185962462804,167.400111290817,102.8362,..,..,..,16.1085,174483.439
2024,YR2024,Kiribati,KIR,276140297.485154,4.69613259668509,2052.81298774256,2.45545072159028,2.35252841903892,4.51592634986162,97.5944998148223,89.44029999,0.0349395619917037,53.5244353915461,22.3018480798109,..,97.7,..,..,..,..,..,..,..,134518,69239,65279,1.48889841912877,62.4620431275642,66.6,..,..,9,4.96087980270386,248.036253776435,0.1152,..,..,..,0.0071,278517.392
2024,YR2024,"Korea, Dem. People's Rep.",PRK,..,..,..,..,..,..,..,..,..,..,10.4155569475671,..,61.4,..,..,..,..,..,..,..,26498823,13390106,13108717,0.304699893187806,63.8589748211522,73.743,3.539,17646807,12,..,-44.6823343412569,91.2518,..,..,..,1.6904,894065
2024,YR2024,"Korea, Rep.",KOR,1917295522781.86,2.00361101838986,37048.4264001496,2.32174328643542,0.685857996519477,44.3582383593234,40.2842567598803,97.89563777,47.8014965507867,172.520241179065,11902.38307173,36.2582559366674,100,..,..,..,..,..,5438.79036783753,32.6041534603663,51751065,25920219,25830846,0.0743178674548815,81.1682528469686,83.6292682926829,2.784,29835657,9,111.853302001953,114.592419254719,668.2453,..,..,..,13.1432,3555275.096
2024,YR2024,Kosovo,XKX,8978885247.03424,4.5730971681166,5631.67958854422,1.61944994559476,7.67480496325567,41.7483529574305,72.0412990067022,..,..,..,..,..,..,..,..,..,..,..,..,..,1594353,810156,784197,-5.39126176551648,50.3214443938994,78.222,..,..,..,..,..,..,..,..,..,..,..
2024,YR2024,Kuwait,KWT,118221524330.941,-1.47401818168846,24140.3257964584,2.89855072463762,0.381956730773215,55.7559768271522,38.2349394412597,99.74729919,..,..,384.296289580527,5.82777648932315,100,0.08954,..,..,..,..,..,..,4897263,1904395,2992868,0.899286654502241,100,84.580487804878,2.151,2946067,..,..,242.856379895915,173.3307,..,..,..,1.0897,2912.24
2024,YR2024,Kyrgyz Republic,KGZ,10280951958.8775,11.5397119406559,1423.58624650541,4.99760701207323,1.40593817941355,46.7710472091149,83.3296962999177,92.0286026,7.79695655822307,107.49229509732,1301.74076845492,10.6711117431705,100,0.05269,..,..,..,..,..,..,7221868,3651805,3570063,1.70540730430368,34.7219977865937,72.4,3.491,2808345,10,53.1743590503791,-32.9613124226413,22.369,..,..,..,1.7678,19428
2024,YR2024,Lao PDR,LAO,21142284373.3873,4.13019264438475,2721.07810663122,23.1305695942588,5.98958863567394,..,..,65.59269714,..,..,301.680129228236,..,96.5,..,..,..,..,..,..,..,7769819,3865785,3904034,1.35832703035837,39.5552154401406,69.225,1.174,3578885,9,..,513.595215240346,41.5496,..,..,..,3.1717,232299
2024,YR2024,Late-demographic dividend,LTE,27755642365546.2,4.52553873018407,11918.0405122553,2.90379501424778,0.890853424465592,30.728902105815,26.7836599491742,..,..,..,5388.21871993415,27.7744216444057,99.5003821979258,..,..,..,..,..,..,11.3949448176266,2328876323,1158956998,1169919325,0.110931670489346,67.2581719439057,77.2329659519788,4.59750117083053,1235335912,10,69.3638916015625,132.434527245746,23443.7476,..,..,..,867.4954,126674423.877
2024,YR2024,Latin America & Caribbean,LCN,5874603524338.12,2.25497168830525,8871.53601669473,3.46497037946077,2.87439121466347,25.7658164426472,25.8849383792054,81.7,19.39,114.6,3702.45584948633,13.110093738095,98.0459111591331,..,..,..,..,..,1487.37916310806,4.74828336917053,662185614,336261363,325924251,0.692393676236428,81.2716849224706,75.8179100020065,5.86943289832019,321771272,13,58.9027099609375,71.7620010091528,3510.631,..,..,..,332.7955,18695055.25
2024,YR2024,Latin America & Caribbean (excluding high income),LAC,5172080467258.18,1.99001515816749,8307.70645839353,3.83540271728533,2.72155131618142,24.1129178155233,24.7270792418785,81.4,19.4,115.3,3395.18247998916,13.6326447447379,97.9933011133193,..,..,..,..,..,1468.50944118978,4.12829975845707,622564181,316169167,306395014,0.705022926271216,81.1587710342698,75.5362004917305,5.7278348014991,302468342,14,56.6634292602539,70.8241110431259,3246.9205,..,..,..,315.4125,14284611.526
2024,YR2024,Latin America & the Caribbean (IDA & IBRD countries),TLA,5657742234122.17,2.27782988064618,8744.52778534944,3.62770736940927,2.83361380100383,25.6160833799956,25.8020418996011,81.8,19.61,115.3,3686.05902940166,13.156797351287,98.0000586906957,..,..,..,..,..,1487.37916310806,4.74828336917053,647003746,328483379,318520367,0.714412993725169,81.2720096738405,75.7447305457286,5.9308852770292,315378651,14,59.0615386962891,76.0905091285058,3453.8197,..,..,..,329.5417,18654494.096
2024,YR2024,Latvia,LVA,30560125330.6748,-0.0370556648288982,16376.2565245797,1.26579885828729,3.44085977034145,64.8634107408094,66.4461716549595,92.70757011,25.7542854181725,121.262202363304,28218.3820582126,17.4901914812882,100,..,..,..,..,..,2270.98428733588,..,1866124,1000983,865141,-0.93796839712162,68.4839492628509,76.4292682926829,6.9,960324,11,82.917350769043,-57.7353120552958,11.6424,..,..,..,2.3319,57109.758
2024,YR2024,Least developed countries: UN classification,LDC,1294148987713.86,3.87232968748361,1090.57292521647,4.6850965426577,2.46104166865424,20.5832188707843,28.5881887159871,31.4,1.95,83.9,128.902003182416,..,60.3676703753846,..,..,..,..,..,..,..,1186668913,597501243,589167671,2.29506968215423,36.1583212100394,66.7090446173001,4.63280465033072,438822383,8,11.0492496490478,169.722647826049,1728.0008,..,..,..,277.2521,16018015.83
2024,YR2024,Lebanon,LBN,31301271532.2962,-7.07989192861814,5391.22914209501,45.2430422716718,7.09437049742925,23.3165495276514,58.9158109340607,80.63400269,..,..,267.311429182623,2.89591276881506,100,..,..,..,..,..,..,..,5805962,2982328,2823634,0.560805065461567,90.703695784554,77.945,..,..,10,..,142.338205131513,18.7863,..,..,..,0.6886,3693
2024,YR2024,Lesotho,LSO,2366860026.63691,5.22503380336101,1012.59379523386,6.10544624245032,-0.525747492760171,49.4056446644915,103.068744438614,51.79660034,0.379434958926989,70.328049309004,85.9921374950105,0.0895832496967832,60.6,..,..,..,..,..,..,..,2337423,1198531,1138892,1.11644894351979,43.6780334209246,57.798,16.34,878864,7,..,43.5215634689467,3.055,..,..,..,0.4551,2181
2024,YR2024,Liberia,LBR,3733092094.5398,4.02185464964835,665.101337624192,8.21497439118964,9.86626133953545,..,..,32.23360062,..,..,13.0059469246904,..,34.9,..,..,..,..,..,..,..,5612817,2810925,2801892,2.15725346515291,55.5387986654968,62.324,2.914,2600249,6,..,146.594050646909,4.4599,..,..,..,0.4593,28114.442
2024,YR2024,Libya,LBY,56804949261.2974,1.89995052025442,7696.0807819319,2.12615766885021,..,71.7293179684166,65.7818127187367,81.95449829,..,..,388.564024255174,..,77.4,..,..,..,..,..,..,..,7381023,3628053,3752970,1.02629935747641,87.8854066107749,71.121,19.085,2585950,9,..,12.7902020370296,98.1709,..,..,..,1.4731,33108.863
2024,YR2024,Liechtenstein,LIE,..,..,..,..,..,..,..,98.2641983,50.0050163029847,128.901429646351,60321.3844252163,..,100,..,..,..,..,..,..,..,40450,20353,20097,1.50446197178693,14.657584904886,84.2,..,..,9,..,..,..,..,..,..,..,0
2024,YR2024,Lithuania,LTU,55470578287.6915,3.03019543767596,19205.4152293136,0.715735835228723,5.49705606704886,73.9407258792654,68.4791843455245,89.16116293,27.8460080234758,138.728835196967,98553.1863622546,17.3245506640985,100,..,..,..,..,..,2602.99603179939,..,2888278,1525019,1363259,0.579633464785161,68.8285833315315,77.1951219512195,6.851,1554585,11,75.6177368164062,-55.697522762525,21.5357,..,..,..,4.7389,81742.554
2024,YR2024,Low & middle income,LMY,37240749587461.9,4.42439890311286,5539.32895443457,3.83540271728533,1.18378040222713,24.7174391989351,24.2689160804214,..,..,..,1732.25829916659,21.9454661756562,90.2581392015093,..,..,..,..,..,..,10.1596686049904,6722971301,3333902148,3389069154,1.01940966578721,52.8061674651841,72.02401270252,4.91415352193048,2965580427,9,38.7901611328125,164.550343157218,34034.1117,..,..,..,1776.782,198214678.349
2024,YR2024,Low income,LIC,524409058791.394,3.40605658075204,701.876749725515,7.91416611716344,4.028949266396,20.1557969534716,32.2312334313033,22.5,0.53,67,26.4229813745325,..,48.8005987231827,..,..,..,..,..,..,..,747152629,374812940,372339689,2.71201208510864,34.7310805373622,65.236848074161,4.89022892217814,259187943,8.5,..,86.7316719839627,1053.8848,..,..,..,181.819,4059769.994
2024,YR2024,Lower middle income,LMC,6600071684959.18,5.37952719978989,2270.11004592826,4.65491747661456,1.68897938368561,23.2113760078768,26.0317488421639,58.9,4.61,90.9,717.15368194087,14.7354512217226,91.3581860772078,..,..,..,..,..,..,..,2907379621,1430551996,1476827626,1.30463269701607,41.6034373818137,69.5243427458333,4.47150579245463,1181971450,9,27.4404697418213,157.064391269556,7482.119,..,..,..,578.9357,39450981.886
2024,YR2024,Luxembourg,LUX,70508844109.7407,0.358614003982225,104147.111291588,2.05113269954859,113.622225285264,191.532970187611,159.734950965581,98.7606147,40.3174570156723,..,58437.6643250046,5.0736120319212,100,..,..,..,..,..,4552.13864565813,..,677012,336249,340763,1.57538901671221,94.8438702866393,83.1951219512195,6.4,352177,12,22.4103698730469,-37.7164422653066,8.0537,..,..,..,0.2207,8
2024,YR2024,"Macao SAR, China",MAC,43540200437.277,7.84960207010525,63377.2932129214,0.672498598854365,3.82364491952989,92.1896066002616,49.889827950498,89.82640076,29.8553859567768,201.136947388589,6586.60844250364,0,100,0.31097,..,..,..,..,..,..,687000,370628,316372,1.20077588622782,100,83.3317073170732,2.262,403821,10,141.864795918367,81.7555422408628,1.8201,..,..,..,0.0402,1500
2024,YR2024,Madagascar,MDG,14510741411.4462,4.32283728087992,453.957809653992,7.61335784313723,3.44577112659577,24.0079179466347,33.5291033827388,18.67790031,..,..,25.0586924005151,0.958835172179217,42.5,..,..,..,..,..,..,..,31964956,15932427,16032529,2.43524760129506,32.4339893339844,63.835,3.051,16596270,5,..,56.409102231856,35.79,..,..,..,4.7158,179617.205
2024,YR2024,Malawi,MWI,11952668098.8907,1.6734340852915,551.95152347056,32.1796504225025,2.28053083149593,11.2855606151277,30.6182590333958,18.96159935,0.0863853749149284,69.260530662121,32.4632055194284,1.64552794448662,15.6,..,..,..,..,..,..,..,21655286,11088242,10567044,2.57641467045761,17.268503531213,67.561,5.051,8079939,8,..,223.822493063476,19.0236,..,..,..,4.4559,194890
2024,YR2024,Malaysia,MYS,422559964245.24,5.10545921024041,11883.79127749,1.834100204499,3.6930953933026,71.3410849829908,66.0214861785682,98.0206059,13.5464432669708,139.664651283564,7475.46106293289,58.6276748543331,100,..,..,..,..,..,..,..,35557673,16939879,18617794,1.22058891015438,76.9170296648992,76.821,3.846,18384977,6,38.5013945445142,287.387311739172,332.1668,..,..,..,7.4472,1917947.59
2024,YR2024,Maldives,MDV,6227390285.84391,3.49440422654285,11798.791369146,1.41093527910134,11.416720004027,78.214216540835,78.2597392001761,85.23999786,19.6489572735075,148.137074909198,1330.05178107575,0.00227056785155377,100,..,..,..,..,..,..,..,527799,200994,326805,0.342572358181693,41.9982152717385,81.285,4.278,268233,12,..,1450.66666666667,2.0934,..,..,..,0.0409,107422.781
2024,YR2024,Mali,MLI,22282874239.8106,5.01653579205785,910.300376300627,3.2063986409966,3.44170555566452,22.325419474237,27.4410652161804,36.80149841,..,..,20.9979371773584,..,49.5,..,..,..,..,..,..,..,24478595,12127823,12350772,2.94115084753028,31.6075621182225,60.675,2.924,8855828,9,..,300.678529102472,48.0085,..,..,..,10.6191,113268
2024,YR2024,Malta,MLT,19626239322.4129,6.21275996991034,34501.7892727094,1.65079469283109,170.053519530959,118.481460190952,99.2488124927064,93.86029816,44.5068355303026,142.070062100751,4507.36313982494,45.179167089137,100,..,..,..,..,..,..,..,568847,273622,295225,2.87111128593908,95.6546264490509,82.9560975609756,3.1,317434,11,..,-10.9647208222548,2.2436,..,..,..,0.0408,19758.143
2024,YR2024,Marshall Islands,MHL,219000000,3.30188679245282,5832.53435602429,..,4.68730725530449,37.1929824561403,81.0526315789474,65.915802,..,..,213.060615745179,..,97.2,..,..,..,..,..,..,..,37548,18311,19237,-3.34957664335036,78.7325660244112,67.075,..,..,13,37.6853055916775,60,0.004,..,..,..,0.0013,96820.593
2024,YR2024,Mauritania,MRT,8750967217.58837,6.3076021190402,1692.84166088843,2.49164347481972,13.2389288029166,41.4108312054046,52.1880043827425,45.77939987,0.946513083252489,92.0748946443443,52.2304834511582,9.44834081238425,52.2,..,..,..,..,..,..,..,5169395,2633669,2535726,2.88395898961435,60.6068586411829,68.713,10.257,1211128,9,..,162.730151108177,17.5086,..,..,..,2.375,640321.907
2024,YR2024,Mauritius,MUS,14848196377.6278,4.94844235250574,11918.8045212095,3.6045220384796,4.56067539257877,67.1108899609862,78.3089226863971,73.30793533,27.9742504733832,172.68356921857,2157.68607433582,1.21703538647261,100,0.26181,..,..,..,..,..,..,1245779,623939,621840,-0.2299528038748,39.0162147027917,73.7890243902439,5.548,622583,12,45.7771156388358,250.954446854664,6.4716,..,..,..,0.1734,39909.478
2024,YR2024,Mexico,MEX,1345779005031.98,1.35057631384696,10284.0336925726,4.72225588452932,2.48429388161511,37.2836162309013,38.1422853106055,83.12233799,21.7367225364543,116.486713265167,531.655697865752,19.3037596613987,99.8,0.25372,..,..,..,..,1558.75790867013,7.62753408568656,130861007,67401427,63459580,0.860515443690537,79.7538805976118,75.264,2.678,60887761,14,48.203441619873,55.9193935216591,686.7794,..,..,..,37.181,2194566.075
2024,YR2024,"Micronesia, Fed. Sts.",FSM,339683314.285714,2.30132923576443,3001.79669747008,..,..,22.4475615608787,73.9938140340076,39.52360153,..,..,194.414987628137,..,88.9,..,..,..,..,..,..,..,113160,56943,56217,0.469463637376133,22.4562830235421,67.357,..,..,8,..,70.0831024930748,0.0614,..,..,..,0.0163,208701.253
2024,YR2024,"Middle East, North Africa, Afghanistan & Pakistan",MEA,4460573971280.92,2.3285702387722,5485.38728777077,2.12615766885021,3.81585968248961,..,38.356162460325,61.5,9.29,104.6,1178.51908131005,..,96.7736884722286,..,..,..,..,..,..,13.9709853208307,813173936,394975147,418198789,1.90852681030619,55.6954503331851,72.3150125047629,7.84018773728947,258287646,9.5,29.6833095550537,173.613833489317,4768.5646,..,..,..,164.5057,7259201.362
2024,YR2024,"Middle East, North Africa, Afghanistan & Pakistan (excluding high income)",MNA,2248810745632.52,2.26137020265979,3032.00524250795,4.04611455313434,2.40196683279821,24.5614624088848,31.4323100873663,58,6.97,98.8,1016.01756708046,..,96.4627415717196,..,..,..,..,..,..,..,741690916,366458590,375232326,1.7152640194007,52.6418305162983,71.4871863765917,8.70657329890235,219757905,9,..,146.011364695494,3053.913,..,..,..,146.1321,6142983.063
2024,YR2024,"Middle East, North Africa, Afghanistan & Pakistan (IDA & IBRD)",TMN,2236866745632.52,2.43947657943453,3037.56299208501,3.32890533415537,2.4126363697192,24.5817273298187,31.2865880527163,57.8,6.96,99,1020.24742026555,..,96.4373354708585,..,..,..,..,..,..,..,736401764,363795204,372606560,1.7106462612973,52.3941964396274,71.5035205544959,8.70657329890235,219757905,9,..,146.011364695493,3053.913,..,..,..,146.1321,6142701.063
2024,YR2024,Middle income,MIC,36714999302821.2,4.43845841319835,6143.92793992414,3.6045220384796,1.14924044674151,24.8030743669604,24.14719205435,..,..,..,1945.59467126698,22.0223927226762,95.4429311855908,..,..,..,..,..,..,10.1596686049904,5975818672,2959089208,3016729465,0.809785499940091,55.0660835467752,72.8726073761326,4.91644475196582,2706392484,10,43.2768402099609,168.120900361675,32980.2269,..,..,..,1594.963,194154908.355
2024,YR2024,Moldova,MDA,9262257512.23544,0.270670455512573,3855.56940382925,4.67773516007048,2.51754698286646,31.5677994316927,57.3246384476637,77.3687973,29.6324400873685,120.083487069521,13318.0369195265,2.92514721596985,100,0.21589,..,..,..,..,..,..,2402306,1296968,1105338,-2.28306147072637,43.516471862793,71.332,1.427,1390446,10,74.7109378669046,-68.8444023987429,11.6583,..,..,..,0.974,12757
2024,YR2024,Monaco,MCO,9548428280.17131,8.51053758860212,247170.10380708,..,..,..,..,99.04489899,55.6780823690818,107.400792109963,41495.1722709741,..,100,..,..,..,..,..,..,..,38631,19731,18900,-0.837774113919638,100,86.497,..,..,11,77.4806900024414,..,..,..,..,..,..,1
2024,YR2024,Mongolia,MNG,16308475359.1871,5.12204539122661,4626.79609644243,6.1977990165842,11.6924984371367,68.7165627140568,69.7318164271926,85.12349701,15.7837343261767,140.670025377351,2564.12584246201,..,99.1,..,..,..,..,..,..,..,3524788,1767423,1757365,1.24590299529718,70.9566040039062,72.3980487804878,5.158,1441482,12,69.044059753418,248.662383353213,104.355,..,..,..,12.2021,31
2024,YR2024,Montenegro,MNE,5324906167.20458,3.16409886329913,8540.00427762252,3.33675009282281,7.24450579243955,43.7470829634338,66.1970215175412,88.88258428,32.305369479654,221.687322527444,6424.76243935688,14.4622662813729,100,..,..,..,..,..,..,..,623525,323422,300103,-0.000641511915285095,65.5422314706266,77.890243902439,13.206,297284,9,..,..,..,..,..,..,..,2409.06
2024,YR2024,Morocco,MAR,135975581947.965,3.79336515978963,3516.15405273438,0.985256592004507,1.08850441035779,41.9985232956684,50.188721310572,91.2,7.30282126551091,153.057260079672,577.319401374532,..,100,..,..,..,..,..,..,..,38081173,18879151,19202022,0.972827595296714,62.7998124018197,75.493,9.103,12497271,9,48.1839617510572,155.928034626981,108.7364,..,..,..,5.6732,1431831.425
2024,YR2024,Mozambique,MOZ,20978659139.7778,2.14892499135355,605.763481416969,4.07856834812022,15.4210115464394,42.822299687441,52.8080979760881,20.52729988,0.141999688956087,49.5047696961223,37.1624132595491,3.6302648420799,36.9,..,..,..,..,..,..,..,34631766,17829684,16802082,2.91994049442347,36.4332337447237,63.797,6.668,15148294,..,..,290.364411010112,33.6256,..,..,..,4.3242,502895.06
2024,YR2024,Myanmar,MMR,63137226234.8764,-0.97204641363362,1158.47928097728,..,1.47879223317634,..,..,..,2.86965759378273,114.329042129489,23.596290875918,5.19991999790977,80.4,..,..,..,..,..,..,..,54500091,27371250,27128841,0.674364862610485,30.4499084074136,67.095,2.887,22744175,5,..,86.3039417429966,117.7875,..,..,..,13.1232,2947779.85
2024,YR2024,Namibia,NAM,12218704810.0999,3.77851723267591,4032.40150676649,4.23903922877036,14.1844922069439,41.0651913141848,66.9360001520054,64.87460327,2.83462992194067,85.1648988113055,427.374262036856,0.117288080576373,59.3,..,..,..,..,..,..,..,3030131,1550325,1479806,2.23715227334598,50.4088030252155,67.516,19.157,1124198,7,..,115.491569626395,14.2121,..,..,..,2.4089,381570.096
2024,YR2024,Naoero,NRU,98189104.8035374,1.44927536231899,8218.72476802021,..,-3.48330107219992,53.515625,107.03125,83.01170349,..,..,669.624173432661,..,100,..,..,..,..,..,..,..,11947,5864,6083,0.604485091438176,100,62.279,..,..,14,..,40,0.0014,..,..,..,0.0005,87348.442
2024,YR2024,Nepal,NPL,34986909218.2842,3.67787459697703,1179.95499311034,4.6850965426577,0.131412557108071,7.55423347172655,32.6157766909588,46.32189941,10.0656152054494,99.8471420273964,541.228652445205,..,97.9,..,..,..,..,..,..,..,29651054,15450778,14200276,-0.146800968936231,66.772343163029,70.636,10.5,8342811,9,21.2915596292014,79.545552948104,41.4682,..,..,..,4.9818,123403
2024,YR2024,Netherlands,NLD,920814790664.484,1.07383137319854,51174.8997297902,3.34754304219953,-1.40518243891316,82.4976839942829,71.4586065803986,97.00679779,42.9782483069868,128.538765867661,198682.41199523,23.4680052763745,100,..,..,..,..,..,3415.76133096426,8.15548718942532,17993485,9054381,8939104,0.648823280021657,95.6396517079336,81.9658536585366,3.7,10314837,13,..,-35.2119944311697,145.0067,..,..,..,7.9054,330214.257
2024,YR2024,New Caledonia,NCL,..,-13.4999999989747,..,..,8.48945728851914,11.6947134994698,28.6742442311771,..,..,..,7541.71521909247,..,100,..,..,..,..,..,..,..,292639,148286,144353,0.95072208560765,67.9514695585577,78.921,10.991,130995,0,..,180.510815741465,5.3816,..,..,..,0.1859,5322.565
2024,YR2024,New Zealand,NZL,219087820768.13,-0.868722371893952,41415.4670639187,2.92279782301957,0.672983751329456,24.7052588214056,25.9555076213797,93.51930237,38.048298946057,130.093457083544,18709.4517958412,12.9670750449435,100,..,..,..,..,..,3557.46740633951,5.29801324503311,5290000,2661614,2628386,1.71596202828263,83.9370658833132,82.009756097561,4.724,3056019,10,77.2406463623047,8.38765197266824,77.8374,..,..,..,10.0376,423324.548
2024,YR2024,Nicaragua,NIC,15840173210.7769,3.58094495324541,2290.31991989418,4.62473841057141,6.86575238184716,40.986351560247,58.1597135297009,61.39550018,5.77624223916809,105.961143065351,93.9830599149236,0.596452227371355,88.7,..,..,..,..,..,..,..,6916140,3514183,3401957,1.34687135560209,59.2628402709961,75.1,4.98,3253536,7,..,112.629990122415,19.1586,..,..,..,2.6051,76170
2024,YR2024,Niger,NER,15924405812.4168,8.32327058280728,589.085643279512,9.07151997725013,1.81493836603542,8.99782940205197,15.391116806791,15.55760002,0.111273829357144,60.5939862118112,5.2159607511161,8.61766309210248,21.3,..,..,..,..,..,..,..,27032412,13307084,13725328,3.28101480132484,18.0497398450803,61.433,0.376,11484657,..,..,283.157179174388,41.1461,..,..,..,10.0229,51194.001
2024,YR2024,Nigeria,NGA,540886022091.974,4.07106650147703,2324.59702394542,33.2416590552749,0.639824358730627,..,..,41.21139908,0.0787379280608494,70.7619057835431,98.36277868906,2.71167186435579,62.5,..,..,..,..,..,..,..,232679478,115005707,117673771,2.08297776184189,62.9755675573659,54.635,3.045,113320742,9,..,34.4073744055187,350.5554,..,..,..,28.9638,1113540
2024,YR2024,North America,NAC,24598337054130.7,2.73606791647842,64506.5636066642,2.6655545188319,1.14078421615314,12.532781914827,15.3824696690314,94.4,39.24,111.2,179608.342219189,22.9048957552251,100,..,..,..,..,..,6447.94055864802,14.1722663408674,381330762,189982463,191348299,1.17699231428795,80.4068310718763,79.2390403034254,4.29029945331562,196842646,11,79.0441970825195,-1.85308362239325,6680.9823,..,..,..,256.5052,5523986.193
2024,YR2024,North Macedonia,MKD,12093396439.5,2.99373536567732,6628.84686594032,3.48974086026954,6.23445071550033,61.6792037479617,74.6456724275939,93.6,29.8921727758887,108.38712260883,2068.12365329412,6.3599119716616,100,0.37363,..,..,..,..,..,..,1824359,936853,887506,-0.189311904958652,62.5645376928533,76.6165853658537,12.265,792140,13,..,-31.6763223128987,9.8121,..,..,..,0.3695,2474.99
2024,YR2024,Northern Mariana Islands,MNP,..,..,..,..,..,..,..,..,..,..,1445.41307195447,..,100,..,..,..,..,..,..,..,44278,20899,23379,-1.93472893815204,92.0747260922394,78.947,..,..,..,..,70.8333333333334,0.0041,..,..,..,0.0012,72.621
2024,YR2024,Norway,NOR,465213599254.875,1.42372134524737,83487.1332276928,3.14530134431081,2.42254685844836,46.3794958458439,33.2001409769285,99,45.1633056345554,109.348606513576,35469.8678942673,25.4139359384172,100,..,..,..,..,..,4775.00280327143,0.0771380518215961,5572279,2764080,2808199,0.949855138372357,83.3293737928469,83.1609756097561,4,3074577,10,95.4987564086914,-2.87422877842115,53.7596,..,..,..,3.6934,3996534.779
2024,YR2024,Not classified,INX,..,..,..,..,..,..,..,..,..,..,..,..,..,..,..,..,..,..,..,..,..,..,..,..,..,..,..,..,..,..,..,..,..,..,..,..,..
2024,YR2024,OECD members,OED,56851749212679.2,1.78218444615328,40700.644346174,2.75237849043039,1.10943658483008,28.1528983229875,27.8922612281105,..,..,..,82177.2357209299,22.3582936779876,99.9247308566563,..,..,..,..,..,3668.52526112559,16.1126437726015,1396826761,706831600,689995161,0.645006539987646,81.1863178943609,80.3985705098059,4.90917859417164,707055404,11,78.6357879638672,-6.45353361062907,14242.6714,..,..,..,665.8262,31812027.648
2024,YR2024,Oman,OMN,91620377299.3726,1.63163231397978,17347.2911298513,0.593589236248469,11.6351181598926,66.072566156431,48.7801054403878,95.25174678,11.0647690464367,120.61105087402,286.658923972525,..,100,0.38979,..,..,..,..,..,..,5281538,1995709,3285829,4.49738628465102,79.4440302814714,80.246,3.203,2715317,10,42.226921081543,278.267683657506,132.2647,..,..,..,1.2074,732505.478
2024,YR2024,Other small states,OSS,162835205830.306,2.76881258067121,12591.7678646757,2.08742660145219,-2.7006381606448,76.6680355883281,75.2880787034266,..,..,..,43550.209799381,23.6543945438106,94.5434268711783,..,..,..,..,..,..,7.66461316905352,12931878,6385376,6546502,0.852252955825721,54.9615544244478,73.8137960223999,8.48668976701629,5777142,9.5,22.5716896057129,-13.5965931087882,63.6063,..,..,..,4.162,1504798.654
2024,YR2024,Pacific island small states,PSS,10845832192.8977,3.66740238652645,3983.82503549085,2.45545072159028,2.88687853499504,41.4777620650859,64.6665525738924,..,..,..,442.245948252082,10.3600095462616,88.2672275917394,..,..,..,..,..,..,..,2722467,1356893,1365574,1.22857783792362,40.5632799632706,69.440356940231,3.52751412823486,1032153,..,29.3007507324219,12.5299089391149,6.5372,..,..,..,0.4392,906904.456
2024,YR2024,Pakistan,PAK,410847021870.558,3.08176295579301,1635.08731167091,12.6325318530452,0.716885239403099,10.3855031331012,17.1798277774783,57.253,1.46559368502535,76.8544559649986,109.651337877655,2.43815248015808,95.7,..,..,..,..,..,..,..,251269164,123835758,127433406,1.50959876314033,39.1734368360905,67.799,5.492,83217450,12,10.8564126844434,178.425317163409,525.8825,..,..,..,59.452,711083.001
2024,YR2024,Palau,PLW,259524527.528799,12.0059720184866,14666.5457772703,2.23172772921704,21.4868990824119,32.6986673415734,73.113288241571,83.92549896,..,..,1469.3416219271,..,100,..,..,..,..,..,..,..,17695,8165,9530,-0.180678723422048,79.2095042878667,69.383,..,..,12,71.8428437792329,-34.5480925151489,1.5338,..,..,..,0.0292,814.11
2024,YR2024,Panama,PAN,77318946518.7126,2.74784148771307,17122.7168795289,0.69322555100446,2.41063281860388,44.3578422661429,39.3159365958787,72.77149963,..,..,2234.48741988012,1.7673082163249,96,0.19708,..,..,..,..,..,..,4515577,2257573,2258004,1.26624987466078,65.9958447685488,79.775,8.451,2249161,11,..,179.554876718307,19.218,..,..,..,1.0452,294836.337
2024,YR2024,Papua New Guinea,PNG,27148935841.1887,3.88795324667848,2566.91067057792,0.602403921107917,-0.64380460730506,..,..,18.81159973,0.232591077844073,38.7651796406789,88.1198717685677,..,43.3,..,..,..,..,..,..,..,10576502,5137279,5439223,1.78260733820852,15.4061816403333,66.256,2.625,3655667,..,..,120.880970463269,10.7611,..,..,..,1.5533,345360.244
2024,YR2024,Paraguay,PRY,46222297907.7398,4.66914577981763,6670.6995656958,3.83540271728533,2.45295029321833,37.7135431058066,39.3808953481131,81.57806793,..,..,775.275131029723,10.5004049492786,99.8,..,..,..,..,..,..,..,6929153,3455037,3474116,1.23438951533718,69.8622585886961,73.982,5.686,3477137,13,..,99.5243230751454,41.442,..,..,..,6.2486,39560
2024,YR2024,Peru,PER,230364056335.945,3.5152749274832,6732.27773809578,2.00770739412712,2.29780708272736,28.8839339520309,22.7972140350108,81.95705992,11.6788671222106,124.623544414599,826.790743824685,5.21372377596414,96.5,..,..,..,..,..,..,..,34217848,17200284,17017564,1.0937871324756,85.1912729600355,77.941,5.199,18941504,14,..,138.875172288428,103.813,..,..,..,7.6031,5882321.072
2024,YR2024,Philippines,PHL,454819510163.045,5.71474526128652,3926.14900894495,3.21260487006347,2.03571882251572,25.7369806583516,40.1268077299236,67.26300914,7.13893301204977,115.298749599352,131.556605552984,60.975307025875,94.8,..,..,..,..,..,..,..,115843670,58059563,57784107,0.825602488528657,55.4520983215477,69.946,2.202,51307682,13,47.4134996154186,189.744715583229,266.5973,..,..,..,16.0235,3848253.775
2024,YR2024,Poland,POL,658084600079.586,3.02841630700273,18000.5034591285,3.79060897630197,2.24523191798779,52.1798133919011,48.1796294552629,88.58496367,25.3612522999634,138.016156588197,41131.8530670488,13.5099699026858,100,..,..,..,..,..,2646.7365667251,55.8814324938738,36559233,18846603,17712630,-0.349832361234927,59.9705468695101,78.409756097561,2.807,18269205,9,80.9149627685547,-32.1859572668016,348.195,..,..,..,24.1741,184294.216
2024,YR2024,Portugal,PRT,242384176671.169,2.21459232301109,22663.993126225,2.41613187791876,4.29974090969256,45.8196856112127,43.8418780958391,88.48704454,45.2439221846256,124.129981203404,28710.2532558007,6.77343918950435,100,..,..,..,..,..,1815.40132453961,..,10694681,5600421,5094260,1.09536933248007,61.3281907341332,82.3829268292683,6.5,5450166,12,..,-7.75076383358577,53.1696,..,..,..,2.8898,261340.565
2024,YR2024,Post-demographic dividend,PST,52882049046989.2,1.77944527022298,46868.8115104791,2.44091572720697,1.48431343765895,28.7733646383575,28.6396179200267,..,..,..,101098.516197925,25.6959639034948,100,..,..,..,..,..,4320.56550027098,15.3363339104435,1128299339,571570552,556728787,0.625489391923098,81.155010735299,81.1124065061669,4.61212708203082,564047786,11,80.2341079711914,-16.0349776713659,12613.4422,..,..,..,569.0355,22617700.385
2024,YR2024,Pre-demographic dividend,PRE,1590683638472.11,3.328621675752,1439.73712111225,4.19081721344523,1.54724743469104,29.983286239322,31.4429664133103,..,..,..,64.074255755643,..,54.321949964552,..,..,..,..,..,..,..,1104843110,552842154,552000957,2.53906602897911,45.4428830887567,62.3537442260657,4.53734249793927,421491338,9,..,125.40853878582,1980.6619,..,..,..,240.9049,7624063.349
2024,YR2024,Puerto Rico (US),PRI,99210088884.5323,3.17707554784896,30978.7473320338,..,..,51.8769700552116,42.7455385003489,..,27.9891394865962,126.426375391555,471.191289612152,..,100,..,..,..,..,..,..,..,3202521,1694652,1507869,-0.0397420363111939,94.2539505199436,81.902,5.639,1206051,13,..,-19.0139064475348,17.6165,..,..,..,0.6409,2140
2024,YR2024,Qatar,QAT,178314693414.898,3.10963283242745,62395.3113297112,1.26734310292375,0.212749202349259,..,..,98.08540344,11.8175200751339,153.612474384296,445.444117933167,2.80655334313522,100,..,..,..,..,..,..,..,2857822,820750,2037072,7.32265165181291,99.3219891728394,82.522,0.13,2116940,12,43.0178909301758,519.041225113923,162.7447,..,..,..,0.8371,21116.065
2024,YR2024,Romania,ROU,237383786157.719,0.916003764382594,12459.9112061891,5.72140574354439,1.87134949618788,35.6030266999465,41.6119570939538,91.29048551,35.7995871488999,119.804862328273,27229.5998846093,13.4497511493721,100,..,..,..,..,..,..,..,19051804,9824305,9227499,-0.0485820204761977,52.1674778928768,76.4585365853659,5.4,8263437,10,..,-57.7379959554317,101.8576,..,..,..,9.7864,15816.21
2024,YR2024,Russian Federation,RUS,1621026050317.24,4.92167966203073,11092.6337890625,8.43486410496723,-0.427643327459558,21.8563659146375,17.5620399669048,94.36495368,27.1333512124875,186.103787309059,26105.3190580658,..,100,0.93706,..,..,..,..,..,..,143669648,76998716,66670932,-0.108858652841079,75.1119136177067,73.4404878048781,2.43,73475298,11,60.3891235376867,-15.7149276139294,2575.6548,..,..,..,87.5316,5361159.595
2024,YR2024,Rwanda,RWA,14871874942.9284,7.22717103344534,1043.15961499906,1.77029240198635,3.79145567191588,28.4212300769621,43.2655768779151,31.70330048,0.595648307197658,93.201462876722,160.978445933022,..,72,..,..,..,..,..,..,..,14256567,7301809,6954758,2.14176839550509,29.8849714294083,68.017,11.331,5672552,6,9.41173924647801,47.2281976231618,8.3499,..,..,..,1.2892,43062
2024,YR2024,Samoa,WSM,1064051361.64931,4.7483863916535,4880.54418032056,2.17245530514377,0.318181346491415,30.6578702799178,48.8662772836279,..,..,..,605.451818419496,76.6700641079328,100,..,..,..,..,..,..,..,218019,108225,109794,0.62390639530784,17.5029115108018,71.826,4.855,57801,8,16.0263900756836,77.1739130434783,0.5216,..,..,..,0.0377,8106.54
2024,YR2024,San Marino,SMR,..,..,..,1.24216507945569,..,..,..,97.35220337,..,..,36024.3694263767,..,100,..,..,..,..,..,..,..,33977,17270,16707,0.344944841346899,97.1560555881096,85.817,..,..,10,57.5487465181059,..,..,..,..,..,..,0
2024,YR2024,Sao Tome and Principe,STP,323454716.185587,1.47888850952698,1373.27082138436,14.3519273571008,-2.02206346182182,15.5622080265962,28.7167044552041,59.11759949,2.9940221452347,62.4367400312479,42.4563548671965,..,77.7,..,..,..,..,..,..,..,235536,118458,117078,2.0004655038868,68.8710170184884,69.905,9.057,34253,6,..,194.717887154862,0.2455,..,..,..,0.0188,5730.473
2024,YR2024,Saudi Arabia,SAU,886849365316.209,2.64893068308965,25123.0122060281,1.68792112375809,1.70136894275871,29.3880027930942,27.0169346216948,100,44.0705800179885,159.541370566589,482.77237461006,0.544002126713625,100,0.63522,..,..,..,..,..,..,35300280,13931115,21369165,4.63120232685885,84.4554020211443,78.982,3.518,17534019,9,83.884129573915,254.540540426314,838.8766,..,..,..,10.2545,247207.373
2024,YR2024,Senegal,SEN,28078951138.374,6.46220577412338,1517.61838829684,0.804503298792438,6.26804204995863,25.4821491435337,42.7542018877528,60.11780167,4.03828584004829,123.894453697506,59.615228291193,3.0439766592332,82.9,..,..,..,..,..,..,..,18501984,9096833,9405151,2.32058603495657,55.2368169057304,68.924,2.788,5930338,11,15.3302400879779,220.802192578808,31.7206,..,..,..,3.7433,502151.371
2024,YR2024,Serbia,SRB,56513683533.7835,3.94992622592932,8580.26105823259,4.6705297488997,6.20235039860679,53.5837667090226,58.1412616798937,87.69071294,33.3746847922718,123.822194984291,12941.8220001105,..,100,0.93978,..,..,..,..,..,..,6586476,3461698,3124778,-0.555761423984425,62.3830029804177,75.9682926829268,7.24,3339034,8,70.582649230957,..,..,..,..,..,..,9365.17
2024,YR2024,Seychelles,SYC,2016010009.5422,3.34667429007052,16612.6374865452,0.311726050919668,10.1468739688419,80.5778845619345,95.2950980513264,87.81800079,31.5968654633563,125.616862703001,139583.367668144,0.0899054165105232,100,..,..,..,..,..,..,..,121354,54410,66944,1.31136094801067,45.2898622460415,76.2951219512195,..,..,11,14.5342502593994,207.527559055118,0.9764,..,..,..,0.024,135762.845
2024,YR2024,Sierra Leone,SLE,9828485688.49272,4.29322334404611,1137.29005648131,28.6337500014115,1.74699628470852,17.2656483673859,23.2797967049279,25.10499954,..,..,11.339938731931,..,39.2,..,..,..,..,..,..,..,8642022,4332051,4309971,2.1226891332086,45.3626823156371,61.964,3.103,2866950,9,..,128.263373063857,7.9285,..,..,..,0.8927,208995
2024,YR2024,Singapore,SGP,411289436837.416,5.3435120192366,68129.6960402288,2.38951123595017,23.5787255966584,174.655854525978,138.643522676429,94.37757178,27.813655026664,170.78256295407,209665.455220098,59.429782938503,100,..,..,..,..,..,..,..,6036860,2917785,3119075,1.99449365639324,100,83.3463414634146,2.737,3689424,6,..,125.427419426513,76.0928,..,..,..,0.5071,4116.257
2024,YR2024,Sint Maarten (Dutch part),SXM,1510321838.25854,3.00000089532888,34840.1808133458,..,2.06435551530026,..,..,..,..,..,1222.60668973472,..,100,..,..,..,..,..,..,..,43350,22254,21096,1.39608999302398,100,76.528,..,..,14,..,..,..,..,..,..,..,253
2024,YR2024,Slovak Republic,SVK,107227789781.413,1.93867445549446,19776.1758069498,2.75760909424279,3.55503662060591,85.4834989561279,85.729301195507,89.82507032,33.8136036435218,139.967676092657,43287.3502716398,10.5935553645599,100,..,..,..,..,..,3010.73271048371,3.07692307692308,5422069,2775008,2647061,-0.0861108401600769,53.1919702985684,78.3707317073171,5.3,2776940,11,54.4743194580078,-47.185376878774,39.0008,..,..,..,3.306,3960.61
2024,YR2024,Slovenia,SVN,55598805913.7619,1.73139722479493,26134.627203987,1.96562656432505,2.5587649173879,80.9173894920357,74.740539192438,90.76355487,34.2332575162942,130.86090177123,68783.4915859735,8.34338034336379,100,..,..,..,..,..,3025.26160126192,20.5861581920904,2127400,1058467,1068933,0.326705896075754,55.7577708405917,82.2853658536585,3.7,1051473,9,..,-17.7336161449362,17.3369,..,..,..,0.6682,1324.853
2024,YR2024,Small states,SST,258361763842.807,6.06796967493719,12794.3634985188,2.34358922540366,1.66126586621524,74.7376386150381,70.5593975326483,72.5,16.64,143.1,38041.3308206318,22.1775597559594,94.5704846062365,..,..,..,..,..,..,7.66461316905352,20193405,10047036,10146369,0.806191276603831,51.9275948240725,73.1115272530592,7.68067610421584,8767036,9,22.8753509521484,17.6808002981275,121.5778,..,..,..,5.7682,2724495.868
2024,YR2024,Solomon Islands,SLB,1479785892.35403,2.99755987604104,1806.38367324387,4.32183948388033,2.08128126058924,40.5685062735727,70.7844658806318,29.04070091,..,..,80.566602945808,..,81.5,..,..,..,..,..,..,..,819198,400351,418847,2.37078352276169,30.6617188562194,70.694,1.444,435148,..,..,105.503978779841,0.6198,..,..,..,0.0331,99950.025
2024,YR2024,"Somalia, Fed. Rep.",SOM,8882404280.64289,4.11139335779471,467.269910194458,..,6.39257959388318,31.2108297819002,99.1142308013704,27.94020081,..,..,13.9932604038971,..,54.4,..,..,..,..,..,..,..,19009151,9486361,9522790,3.48215481810475,54.6176465524521,58.967,18.949,3441587,8,..,34.0932113580401,34.4169,..,..,..,4.8471,97871
2024,YR2024,South Africa,ZAF,365831497261.341,0.534843531905139,5715.47531469148,4.36115246518962,0.580891709673066,31.7919070646303,29.8548634083947,78.35759735,5.34791194620067,179.336329840585,16658.2387068502,5.70923344153222,90.2,..,..,..,..,..,..,..,64007187,32854235,31152952,1.24951426055192,63.6917984858172,66.312,32.279,26362253,9,..,39.9703409367538,569.8096,..,..,..,19.0547,530377.337
2024,YR2024,South Asia,SAS,3907231740118.18,6.75761201913679,2329.35958665331,3.72320611944934,0.688426080435094,20.7687457207034,23.2348822989562,62.8,3.86,83.4,1119.77722708606,18.0603332993274,99.8246424902051,..,..,..,..,..,..,..,1677384532,818164313,859220219,0.886479316682577,35.462858724308,72.5599614464264,4.19214668978211,699442220,8.5,32.7833213806152,218.32145771557,4675.5304,..,..,..,314.1421,24112664.395
2024,YR2024,South Asia (IDA & IBRD),TSA,3907231740118.18,6.75761201913679,2329.35958665331,3.72320611944934,0.688426080435094,20.7687457207034,23.2348822989562,62.8,3.86,83.4,1119.77722708606,18.0603332993274,99.8246424902051,..,..,..,..,..,..,..,1677384532,818164313,859220219,0.886479316682577,35.462858724308,72.5599614464264,4.19214668978211,699442220,8.5,32.7833213806152,218.32145771557,4675.5304,..,..,..,314.1421,24112664.395
2024,YR2024,South Sudan,SSD,..,..,..,91.4408220769046,..,..,..,..,..,..,5.2748763167096,..,5.4,..,..,..,..,..,..,..,11943408,6069044,5874364,3.92792442239756,21.3768190444906,57.738,..,..,8,..,..,..,..,..,..,..,55034
2024,YR2024,Spain,ESP,1428595035672.37,3.45525405630191,29245.2192451729,2.747147886618,2.47896679493344,37.0558792721708,32.8943819660923,95.7574516,39.2337541858756,130.260997343256,29986.3824811398,9.28447661569937,100,..,..,..,..,..,2303.6111637731,1.20383169974367,48848840,24866250,23982590,1.02121260938381,80.315199821207,83.8878048780488,11.4,24604513,10,93.7689666748047,-3.02454277246077,285.6383,..,..,..,18.8736,1010662.769
2024,YR2024,Sri Lanka,LKA,92019698428.6062,4.99241614398109,4198.74513727898,-0.42936004906973,0.764077754153862,19.7559774138192,22.3636324192921,54.59,8.4682688580745,132.548743018664,448.71326884468,1.53793971540437,100,..,..,..,..,..,..,..,21916000,11312992,10603008,-0.550589519145017,20.2996997058686,77.672,4.239,8304691,11,..,133.481380038195,37.1665,..,..,..,2.1601,412019.9
2024,YR2024,St. Kitts and Nevis,KNA,1016129628.26613,0.312226855858171,21692.2406392872,..,3.74957950139418,..,..,76.88400269,..,..,11720.0008539163,..,100,..,..,..,..,..,..,..,46843,24420,22423,0.181622041143753,31.795061903951,72.281,..,..,12,..,209.682804674457,0.1855,..,..,..,0.0073,679
2024,YR2024,St. Lucia,LCA,2191222631.96802,4.76890217855616,12190.7970890156,-0.674240853418779,7.16313123587196,..,..,68.20500183,..,..,734.377781734022,..,100,..,..,..,..,..,..,..,179744,91001,88743,0.255689791113258,29.0973354237452,72.846,10.199,101133,10,..,213.377926421405,0.4685,..,..,..,0.0173,1987.005
2024,YR2024,St. Martin (French part),MAF,..,..,..,..,..,..,..,..,..,..,2411.11408779517,..,100,..,..,..,..,..,..,..,26129,13979,12150,-5.16855018990472,100,80.438,..,..,..,..,..,..,..,..,..,..,180
2024,YR2024,St. Vincent and the Grenadines,VCT,954361646.832288,4.06183490050209,9485.18771201686,3.62770736940927,12.0060314102276,..,..,76.19010162,29.4605231772283,108.354536057883,268.346982587262,..,100,..,..,..,..,..,..,..,100616,49380,51236,-0.700214310937747,47.8487050456749,71.382,18.093,53881,12,..,135.923566878981,0.1852,..,..,..,0.0092,981
2024,YR2024,Sub-Saharan Africa,SSF,2049630863414.25,3.6161279249573,1588.93961326571,4.30009584697999,2.25184588074954,28.0149452901749,28.6331255603768,33.6,0.84,89.2,903.203524580903,5.99721188493197,55.1103542559,..,..,..,..,..,..,..,1289936286,647039741,642896546,2.44264156497122,44.1495101463121,62.8036817702073,5.6711358365663,511743767,8,..,93.7150477228824,2444.835,..,..,..,305.43,9705393.372
2024,YR2024,Sub-Saharan Africa (excluding high income),SSA,2047614853404.7,3.61639391196729,1587.52608812619,4.36115246518962,2.24271392562186,27.9446912332729,28.5532626337698,34.7,0.87,91.9,890.155611875022,6.0324365194789,55.1061307522528,..,..,..,..,..,..,..,1289814932,646985331,642829602,2.44274860744435,44.1494028547268,62.8024124096261,5.6711358365663,511743767,8,..,93.6864087915258,2443.8586,..,..,..,305.406,9569630.527
2024,YR2024,Sub-Saharan Africa (IDA & IBRD countries),TSS,2049630863414.25,3.61612792495724,1588.93961326571,4.30009584697999,2.25184588074954,28.0149452901749,28.6331255603768,33.3,0.84,89.2,903.203524580903,5.99721188493197,55.1103542559,..,..,..,..,..,..,..,1289936286,647039741,642896546,2.44264156497122,44.1495101463121,62.8036817702073,5.6711358365663,511743767,8,..,93.7150477228825,2444.835,..,..,..,305.43,9705393.372
2024,YR2024,Sudan,SDN,29179132448.9899,-13.9643378424022,578.38916015625,..,..,0.720930190156301,1.27448191209378,..,..,..,2.3984635719866,..,66,..,..,..,..,..,..,..,50448963,25436214,25012749,0.808373216038761,34.8673015510839,66.521,..,..,8,..,126.742845933155,138.702,..,..,..,29.876,46510
2024,YR2024,Suriname,SUR,4597250507.58532,1.72095749127065,7246.25768221495,16.2296159130279,15.0817654468923,..,..,..,18.7523938773484,142.122626416427,2060.11370818891,10.3729916697731,99,..,..,..,..,..,..,..,634431,317505,316926,0.877853398525397,65.7641857200885,73.757,7.621,253976,6,2.56642457392281,65.6546489563567,3.6666,..,..,..,0.1579,32196.927
2024,YR2024,Sweden,SWE,574107082599.29,1.01779633304398,54316.2619329718,2.83581658224034,5.0794723229992,54.4971396815443,51.4703526317996,95.52930428,40.6156538715616,140.686673016562,55097.2595366627,17.6524551082203,100,..,..,..,..,..,4308.30881527016,0.212678176081259,10569709,5246154,5323555,0.313432129983607,88.8559748346228,84.0634146341463,8.4,5680083,10,83.9988098144531,-30.1468800123319,52.5658,..,..,..,5.7768,149653.956
2024,YR2024,Switzerland,CHE,837684620415.719,1.39033363875791,93018.3768706697,1.06234041976595,-11.1757250603926,71.202289539209,59.1522265023689,97.3443985,47.0197818175134,129.471369643132,167357.645513638,29.6239015157944,100,..,..,..,..,..,2491.51225467078,..,9005582,4531829,4473753,1.30500749907811,85.4615370020764,84.4073170731707,4.343,5139536,11,73.5430526733398,-20.34668287188,42.9924,..,..,..,2.0814,4090
2024,YR2024,Syrian Arab Republic,SYR,..,..,..,..,..,..,..,..,..,71.2231424453527,113.89078481694,..,89.3,..,..,..,..,..,..,..,24672760,12331590,12341170,4.46809539676654,72.0761345758254,72.56,13.359,6464691,9,..,-25.6051357276929,47.1656,..,..,..,3.9074,6000
2024,YR2024,Tajikistan,TJK,15847607943.9846,8.39999980983981,1496.33813395037,..,2.01948198566107,11.2126477768242,47.8772838528243,55.79339981,..,..,152.489012529309,..,99.9,..,..,..,..,..,..,..,10590927,5386930,5203997,1.91732317936133,26.1788063651548,71.927,7.041,2588617,9,35.6398418742497,0.926987245965472,22.189,..,..,..,2.0812,5483
2024,YR2024,Tanzania,TZA,74463225268.4644,5.5263138305945,1120.77416992188,3.05694676312373,2.16767805172059,19.7325494051531,21.5755574597037,31.16209984,0.246433216306666,126.559163217786,52.4065310993964,3.00569275084221,52.4,..,..,..,..,..,..,..,68560157,34576910,33983247,2.87426672866542,36.1684458862992,67.212,1.557,32994873,7,4.01880979537964,251.144279970134,102.525,..,..,..,21.4734,669539.481
2024,YR2024,Thailand,THA,474197514753.712,2.94859986593323,6616.58539335928,0.398333333333422,2.70165281834265,69.6726291658353,66.0523066719304,90.86718789,14.8870491187484,160.639312286761,3149.99672587537,28.3057768762254,100,..,..,..,..,..,..,..,71668011,36772621,34895390,-0.0480210554154485,61.8689338391321,76.564,0.781,41014040,9,44.9845744019321,130.457475116228,422.3873,..,..,..,18.2877,2652236.98
2024,YR2024,Timor-Leste,TLS,1609639647.68265,-9.10069289810397,1149.21889002201,2.06284153005468,12.0853687045097,10.5575525825886,84.8909504280014,..,0.00599726695977119,116.382391453038,264.879290723228,..,94.3,..,..,..,..,..,..,..,1400638,694510,706128,1.17433638550192,28.6641074179574,67.904,1.523,620365,9,..,266.263922975269,1.9401,..,..,..,0.2281,9130.81
2024,YR2024,Togo,TGO,8858969845.08846,6.52651376797853,1053.81653764697,2.86262074089801,0.786914262545951,..,..,39.48320007,1.41538265577438,80.8035554767112,101.944220214742,0.681948279595617,61.1,0.22229,..,..,..,..,..,..,8406558,4298712,4107847,2.197364628925,43.8148491605996,62.935,1.948,2880204,10,..,233.794016252155,10.8443,..,..,..,1.3768,23498.521
2024,YR2024,Tonga,TON,497948582.594322,1.71653807667747,4779.92399898557,3.18188924237472,-1.86561431411564,16.8991227673575,60.6803482440612,67.4417038,..,..,969.522438204944,..,100,..,..,..,..,..,..,..,104175,54962,49213,-0.404269322267007,21.1505271125521,73.07,1.965,33779,15,..,50.9015971148892,0.2929,..,..,..,0.0256,1232.9
2024,YR2024,Trinidad and Tobago,TTO,22320911476.7121,2.50920813979569,16312.4849555716,0.526884625776839,-1.76782828873977,..,..,82.15989685,27.0294379426204,118.786668099235,480.146280181798,0.223696636088891,100,..,..,..,..,..,..,..,1368333,691904,676429,0.0601642729371072,53.961056681951,73.617,3.318,654403,7,23.8493010569383,111.316219957217,33.5866,..,..,..,0.2543,12942.574
2024,YR2024,Tunisia,TUN,49184626298.0351,1.61444564976986,4006.20588267443,7.20661657168794,1.47747574805229,50.0016900287054,56.2968591755414,76.5,14.9741523024679,117.606816067203,912.34833868462,..,100,..,..,..,..,..,..,..,12277109,6208686,6068423,0.626519256572759,70.3585355691955,76.711,15.341,4241942,9,..,92.1811337657527,44.621,..,..,..,2.4533,104773.873
2024,YR2024,Turkiye,TUR,1316562171166.78,3.3276230893799,15395.0278894893,58.5064507300342,0.860701598247461,27.5682232095509,27.0305829100406,87.3078767,23.4317347919186,107.826875714392,11103.4011629345,5.13775956987065,100,..,..,..,..,..,1924.93815098993,34.5013685673751,85518661,42833032,42685629,0.225580501096507,89.3443122873887,77.421,8.8,36409307,12,..,156.217365276345,579.5068,..,..,..,31.9713,933118.5
2024,YR2024,Turkmenistan,TKM,61677264924.8609,6.28235647996578,8229.67261114232,..,3.71704110413,17.5725615007301,11.1619622404447,..,..,..,188.271449268517,..,100,..,..,..,..,..,..,..,7494498,3816376,3678122,1.75064111797897,47.0875253910294,70.201,4.02,2164626,12,20.4250351701637,87.2400037835423,114.8122,..,..,..,5.9426,16165
2024,YR2024,Turks and Caicos Islands,TCA,2660838540.233,5.63682517443362,57179.29601876,..,2.5209301366237,..,..,..,..,..,859.568067046309,..,100,..,..,..,..,..,..,..,46535,23244,23291,0.726821053031156,94.1670917861964,78.181,..,..,13,..,2484.78260869565,0.2378,..,..,..,0.0046,2306
2024,YR2024,Tuvalu,TUV,42277334.4153235,3.38983050847457,4382.8876648687,..,0.454748363534884,..,..,..,..,..,311.009744972009,..,100,..,..,..,..,..,..,..,9646,4710,4936,-1.74703857618302,64.7254793441291,67.259,..,..,9,..,32.258064516129,0.0041,..,..,..,0.0015,45442.3
2024,YR2024,Uganda,UGA,49319389340.67,6.05558075875589,986.090145363924,3.32338033691819,6.04170465908871,16.7575931152554,25.8951957936008,8.949831061,0.207613333991268,83.165031466902,53.7637719430767,1.91593833437355,55.3,..,..,..,..,..,..,..,50015092,25209966,24805126,2.75373170025335,31.2777698213557,68.487,2.74,22581703,7,..,274.635160581651,57.2982,..,..,..,10.8497,641580
2024,YR2024,Ukraine,UKR,78790238103.5768,3.24811808426423,2226.05810546875,6.50198464669254,2.10549664352154,29.6719973021423,50.0164700870853,82.47489929,21.6539327212609,..,9936.86751062547,6.37028789775054,100,0.36988,..,..,..,..,..,..,37860221,20262170,17598051,0.33702862573394,69.5315643200148,74.692,..,..,11,87.1920013427734,-79.8594155218009,196.964,..,..,..,15.5355,53556.574
2024,YR2024,United Arab Emirates,ARE,457093718948.957,3.99181200361831,41605.4138706908,1.66336510224894,8.26261604873876,..,..,100,40.840113505519,203.206410299544,4192.27408432243,..,100,..,..,..,..,..,..,..,10986400,3965934,7020466,4.68316095317394,85.8171088279791,83.069,2.16,7233386,12,63.7384451086316,232.246675311967,264.1484,..,..,..,2.2055,60641
2024,YR2024,United Kingdom,GBR,3318626965006.66,1.08027716858781,47900.9680144146,3.2715729463592,-0.350561573947678,31.0561435739375,31.7829084706465,95.4720993,42.1648283773461,121.643331373201,68394.8557324519,29.233260009076,100,..,..,..,..,..,2069.37917526374,0.935044544288448,69281000,35166189,34114811,1.09574630336216,83.2429544416085,81.3868536585366,4.361,35317772,11,..,-50.3045566486161,386.6957,..,..,..,25.6235,981329.286
2024,YR2024,United States,USA,22731468331925.1,2.79318715363841,66856.5131698371,2.94952520485207,1.01391858895004,10.97469647515,14.0413208226783,94.69380188,38.8571729185246,113.190481805755,196616.101319598,24.322982844202,100,..,..,..,..,..,6361.4447017904,15.6886189759167,340003797,169176816,170826981,0.960096778979565,80.1247798047184,78.890243902439,4.022,174166487,12,..,-4.88566358282501,5912.6177,..,..,..,215.603,4681397.1
2024,YR2024,Upper middle income,UMC,30114927617862,4.23445227221156,9814.41283901258,3.18188924237472,1.03326352436218,25.2621191284205,23.7442954112289,86.9,31.37,129.9,3110.16107409036,23.2103543757357,99.3152839959032,..,..,..,..,..,..,10.2348266229037,3068439051,1528537212,1539901839,0.343160938123363,67.8220882951789,76.0451247995029,5.26143156011161,1524421033,10,64.5994720458984,171.548101015338,25498.1079,..,..,..,1016.0273,154703926.469
2024,YR2024,Uruguay,URY,64426857947.3311,3.32575905957381,19024.1204266155,4.84914366613156,-4.78198682520397,28.2349014551456,23.2233223003309,91.99109007,33.0440254320868,145.501755749445,4640.65897593684,9.84178975855216,100,..,..,..,..,..,..,..,3386588,1744028,1642560,-0.0440759548302792,95.5981951588181,78.287,8.209,1799101,14,..,54.4115509975295,44.6271,..,..,..,7.2195,48410.369
2024,YR2024,Uzbekistan,UZB,162825039488.938,6.67618796188361,4477.90745486742,9.62825465956682,2.45125129042312,21.5670052817339,35.9625379735638,89.50550079,34.7381414135069,110.492018573638,966.617245834433,1.73386305963966,100,0.10416,..,..,..,..,..,..,36361859,18018147,18343712,1.97065383660565,50.9986686706543,72.528,4.439,14455298,11,56.517478700865,39.4083758371823,227.4884,..,..,..,14.3893,199432.228
2024,YR2024,Vanuatu,VUT,1056704661.50717,3.76564827114278,3223.85237984109,1.14348948727412,2.22365213685823,25.3486432492193,48.0348610922539,..,1.15566375920214,..,1918.98760437737,..,65.5,..,..,..,..,..,..,..,327777,162312,165465,2.27351944261437,22.2866933360645,71.654,4.988,117969,..,..,34.6039182282794,0.6321,..,..,..,0.0713,44428.051
2024,YR2024,"Venezuela, RB",VEN,42643028331.5954,5.52486187845305,1501.22207949327,..,1.35409801107577,16.7350337150912,9.5023548582854,76.67890167,12.9446636524427,71.0075917225029,246.677206628298,..,100,..,..,..,..,..,..,..,28405543,14371684,14033859,0.369232130679939,89.285859883201,72.673,5.321,11010896,17,..,2.19103285266689,167.3184,..,..,..,8.9096,284460.118
2024,YR2024,Viet Nam,VNM,405213877699.255,7.03955197123018,4012.50779921084,3.62109273885844,4.23450755062236,90.1662693374998,83.7189908785716,84.15,23.711259212336,127.606471743496,5733.7485681175,..,100,..,..,..,..,..,..,..,100987686,51526287,49461399,0.631267006487247,38.4900703430176,74.736,1.602,56703936,10,37.5923642016718,535.786852849768,584.2576,..,..,..,26.0906,9080444.16
2024,YR2024,Virgin Islands (U.S.),VIR,..,..,..,..,..,..,..,..,..,..,5614.26367877981,..,100,..,..,..,..,..,..,..,104377,54690,49687,-0.516021671191835,95.3312197036061,80.7707317073171,11.423,47476,..,..,2.51046025104602,0.0245,..,..,..,0.0051,499.84
2024,YR2024,West Bank and Gaza,PSE,11944000000,-22.8573273913324,2258.20698667764,53.6691458303782,1.01253497329187,21.8525432511909,52.7355480773433,..,8.16158042217888,..,427.100601381847,..,100,..,..,..,..,..,..,..,5289152,2663386,2625766,2.36027908447521,87.1196014117004,69.213,..,..,..,..,..,..,..,..,..,..,282
2024,YR2024,World,WLD,96829887869984.7,2.90001340156714,11894.2521505051,3.01447576977999,1.36470917779216,29.0778030379811,28.1121512588265,71.2,19.31,110.4,16381.4711611511,24.7171414918448,91.9264843853681,..,..,..,..,..,..,15.0430358904435,8140897523,4047858202,4093039322,0.962423716684401,57.565600293551,73.4818184164654,4.80627976615483,3697172611,10,43.6151390075684,64.1404926519607,53206.40126586,..,..,..,2527.41095710846,235811491.28
2024,YR2024,"Yemen, Rep.",YEM,..,..,..,..,..,..,..,..,..,..,15.0062227775045,..,86.3,..,..,..,..,..,..,..,40583164,20025126,20558038,2.98210396880689,36.8077517596594,69.439,16.97,7928543,9,..,87.9397501585071,32.9028,..,..,..,4.2174,152440
2024,YR2024,Zambia,ZMB,28634291574.827,3.82004825518591,1343.38966380353,14.9856262747939,9.32437789659637,34.9818727491304,27.5530146573139,17.10099983,0.789797548725881,108.704779873813,80.5068516209933,1.4719428559393,53.6,..,..,..,..,..,..,..,21314956,10764716,10550240,2.81182258530958,45.4703838491279,66.528,5.898,7724343,7,..,142.806084177482,38.519,..,..,..,8.6696,211913
2024,YR2024,Zimbabwe,ZWE,23567590555.905,1.67649454921512,1416.80065463874,..,1.12093172517355,18.0564211017017,23.4475316221799,41.64279938,1.93865437549104,94.2451753366358,89.9943749006951,2.79801736625087,62,..,..,..,..,..,..,..,16634373,8705285,7929088,1.7804822981922,39.8933716820696,63.064,9.435,6660943,7,7.74912957845971,-10.6255915364561,30.7843,..,..,..,4.4281,113130.01
2025,YR2025,Afghanistan,AFG,..,..,..,..,..,..,..,..,..,..,..,..,..,..,..,..,..,..,..,..,43844111,21701532,22142579,2.76719430653303,25.9401644699898,..,13.351,9433041,9,..,..,..,..,..,..,..,..
2025,YR2025,Africa Eastern and Southern,AFE,1143249446768.12,3.7430158719504,1449.27138341047,4.27011140706666,..,25.5665587243646,27.7853990968836,30.4,1.41,93.1,..,..,..,..,..,..,..,..,..,..,788844284,398291260,390553024,2.51127758940208,38.7021396558821,..,7.53923324035891,299259736,7.5,..,..,..,..,..,..,..,..
2025,YR2025,Africa Western and Central,AFW,991221406822.122,4.6000999560392,1860.36585549564,1.65781767585277,..,..,..,42.4,0.69,86.5,..,..,..,..,..,..,..,..,..,..,532809933,264577168,268232765,2.30763633387899,53.4772052295821,..,3.19297271435272,227704620,9,..,..,..,..,..,..,..,..
2025,YR2025,Albania,ALB,16158243058.8297,3.78893836241024,6877.07720478965,2.14618551167388,6.0631729079562,37.0141194079686,42.5186952159475,..,..,..,..,..,..,..,..,..,..,..,..,..,2349580,1188396,1161184,-1.16564475393365,58.871474331067,..,10.926,1259172,9,..,..,..,..,..,..,..,..
2025,YR2025,Algeria,DZA,231616947638.689,3.815543719231,4882.79591454336,1.41835151429016,..,16.8347751595565,22.1441688566065,..,..,..,..,..,..,..,..,..,..,..,..,..,47435312,23248471,24186841,1.31780475504384,75.8187358069877,..,11.633,13556625,10,..,..,..,..,..,..,..,..
2025,YR2025,American Samoa,ASM,..,..,..,..,..,..,..,..,..,..,..,..,..,..,..,..,..,..,..,..,46029,22823,23206,-1.5863427255336,80.5123508239818,..,..,..,..,..,..,..,..,..,..,..,..
2025,YR2025,Andorra,AND,3508466410.96936,3.86803450687808,42319.6276533021,..,..,..,..,..,..,..,..,..,..,..,..,..,..,..,..,..,82904,40544,42360,1.17204481645642,88.9492672283129,..,..,..,10,..,..,..,..,..,..,..,..
2025,YR2025,Angola,AGO,109349503922.107,3.13353542450008,2800.95785565447,20.1620197572331,0.940234642686515,22.9777500640377,11.668890306414,..,..,..,..,..,..,..,..,..,..,..,..,..,39040039,19717792,19322247,3.00100954627922,71.4615915176085,..,14.108,16321277,10,..,..,..,..,..,..,..,..
2025,YR2025,Antigua and Barbuda,ATG,1802246648.67464,4.99803998431987,19130.3022925054,1.36873527521954,12.05860582627,..,..,..,..,..,..,..,..,..,..,..,..,..,..,..,94209,49360,44849,0.464941443253073,24.3334834700661,..,..,..,11,..,..,..,..,..,..,..,..
2025,YR2025,Arab World,ARB,3223339169009.29,3.67757993848036,6403.69503357038,1.76646490894206,2.49152728062213,..,..,..,..,..,..,..,..,..,..,..,..,..,..,..,503356133,242793354,260562779,2.15748085841541,60.0362191816888,..,9.19017299614363,140072764,9,..,..,..,..,..,..,..,..
2025,YR2025,Argentina,ARG,609232576079.322,4.36733330217022,13287.1159527489,..,0.458822968080686,15.5556611218587,14.8089725633333,..,..,..,..,..,..,..,..,..,..,..,..,..,45851378,23088159,22763219,0.339100654860035,92.3519221615173,..,7.145,22422031,14,..,..,..,..,..,..,..,..
2025,YR2025,Armenia,ARM,17489816843.4203,7.2,5666.18616756416,3.30693341072904,2.06928849014455,48.0989027205254,53.6070336751762,..,..,..,..,..,..,..,..,..,..,..,..,..,3086700,1654215,1432485,1.73854906675217,65.9287015589872,..,12.871,1485063,12,..,..,..,..,..,..,..,..
2025,YR2025,Aruba,ABW,..,..,..,..,..,..,..,..,..,..,..,..,..,..,..,..,..,..,..,..,108785,57403,51382,0.728852751394889,61.7485249229588,..,..,..,13,..,..,..,..,..,..,..,..
2025,YR2025,Australia,AUS,1694657951604.12,1.35039785076631,61368.6075579929,2.87403791660173,2.030634840302,23.2444383508997,22.6570110371129,..,..,..,..,..,..,..,..,..,..,..,..,..,27614411,13911645,13702766,1.53308964338105,87.7192672666333,..,4.09,15125385,11,..,..,..,..,..,..,..,..
2025,YR2025,Austria,AUT,424406547759.14,0.615747280959056,46090.2514170459,3.52719439956928,-2.01581463662181,54.7019473752362,52.3178918904941,91.92573373,..,..,..,..,..,..,..,..,..,..,..,..,9208163,4673092,4535071,0.328301850203979,69.7152152366353,..,5.582,4753079,13,..,..,..,..,..,..,..,..
2025,YR2025,Azerbaijan,AZE,60821385330.4903,1.44985591122698,5935.53323632509,5.62208788068338,0.492755588950687,43.0222163694672,36.8073651757634,90.80000181,..,..,..,..,..,..,..,..,..,..,..,..,10246996,5222374,5024622,0.431945667113889,58.6371024281175,..,5.457,5110243,9,..,..,..,..,..,..,..,..
2025,YR2025,"Bahamas, The",BHS,..,..,..,..,..,..,..,..,..,..,..,..,..,..,..,..,..,..,..,..,403033,210739,192294,0.43515303971882,81.3309172016028,..,9.207,245159,12,..,..,..,..,..,..,..,..
2025,YR2025,Bahrain,BHR,42556396855.4905,3.48137573668635,26591.6651912691,-0.137708855447902,..,..,..,..,..,..,..,..,..,..,..,..,..,..,..,..,1600366,607514,992852,0.733516488465226,100,..,1.102,919501,9,..,..,..,..,..,..,..,..
2025,YR2025,Bangladesh,BGD,348691572810.162,3.48990671836833,1984.73292428118,8.7687628116114,0.404544313117544,11.1161085689856,16.8344754735707,..,..,..,..,..,..,..,..,..,..,..,..,..,175686899,89320170,86366729,1.21664463269168,33.2395847043975,..,3.778,74739682,5,..,..,..,..,..,..,..,..
2025,YR2025,Barbados,BRB,6504343545.82786,2.70000021764021,23014.2045970351,0.846576563196289,..,..,..,..,..,..,..,..,..,..,..,..,..,..,..,..,282623,147106,135517,0.0552124454380577,59.6996239887007,..,6.524,151620,11,50.801079116886,..,..,..,..,..,..,..
2025,YR2025,Belarus,BLR,63041907030.8365,1.29999999999998,6938.36335858537,6.59877945951182,1.71482023151392,55.0805784287869,57.0270473925912,..,..,..,..,..,..,..,..,..,..,..,..,..,9085991,4852925,4233066,-0.511982816210923,79.4945820380127,..,3.38,4795335,11,..,..,..,..,..,..,..,..
2025,YR2025,Belgium,BEL,539119634585.727,0.983117967125935,45145.6641673237,2.46705543774613,-3.96835875820548,75.4500710497086,77.4677176696568,..,..,..,..,..,..,..,..,..,..,..,..,..,11941781,6050530,5891251,0.698907329339411,87.6726083114649,..,5.906,5463472,13,..,..,..,..,..,..,..,..
2025,YR2025,Belize,BLZ,2695693009.71686,2.74831731763744,6373.94191324413,1.06281547952896,0.0072149017030738,..,..,..,..,..,..,..,..,..,..,..,..,..,..,..,422924,209590,213334,1.39336251081714,41.5621435428272,..,8.856,184286,8,..,..,..,..,..,..,..,..
2025,YR2025,Benin,BEN,20706965104.7399,8.07408453688336,1397.75362076916,1.10155247902978,..,17.0524416091327,20.0644940157668,..,..,..,..,..,..,..,..,..,..,..,..,..,14814460,7383962,7430498,2.40291500851022,53.3620073968188,..,1.589,6644562,6,..,..,..,..,..,..,..,..
2025,YR2025,Bermuda,BMU,..,..,..,..,..,..,..,..,..,..,..,..,..,..,..,..,..,..,..,..,64555,33005,31550,-0.125395748331922,100,..,..,..,13,..,..,..,..,..,..,..,..
2025,YR2025,Bhutan,BTN,3177790168.58628,8.00502716233098,3988.78118067972,3.55513663074987,..,..,..,..,..,..,..,..,..,..,..,..,..,..,..,..,796682,371188,425494,0.649540189970473,43.4301832473753,..,3.227,411263,..,..,..,..,..,..,..,..,..
2025,YR2025,Bolivia,BOL,37207939737.9555,-1.58237567348246,2957.27261403242,19.517120804733,0.957783217657101,..,..,..,..,..,..,..,..,..,..,..,..,..,..,..,12581843,6279563,6302280,1.34850560934918,71.5631037265869,..,2.967,6980187,14,..,..,..,..,..,..,..,..
2025,YR2025,Bosnia and Herzegovina,BIH,21803508730.6731,2.12861913138053,6943.58251284534,..,2.19810904099247,41.0015226327566,54.1200490872497,..,..,..,..,..,..,..,..,..,..,..,..,..,3140095,1644733,1495362,-0.766395454237064,52.6915440779561,..,11.037,1340707,9,..,..,..,..,..,..,..,..
2025,YR2025,Botswana,BWA,17399198450.9626,-0.733898323852287,6790.93284822604,2.6597506179431,..,32.0337480184486,37.5109197674166,..,..,..,..,..,..,..,..,..,..,..,..,..,2562122,1285629,1276493,1.61250378521521,67.9559561532102,..,24.477,1199393,..,..,..,..,..,..,..,..,..
2025,YR2025,Brazil,BRA,2074494382804.15,2.2857464902475,9747.99557762692,5.01675279604836,3.40696865505948,17.8207228961707,17.4707593653367,..,..,..,..,..,..,..,..,..,..,..,..,..,212812405,108154997,104657408,0.383150642409967,88.1772996487898,..,5.97,108318282,14,..,..,..,..,..,..,..,..
2025,YR2025,British Virgin Islands,VGB,..,..,..,..,..,..,..,..,..,..,..,..,..,..,..,..,..,..,..,..,39732,20923,18809,0.659068330129875,57.3951909813643,..,..,..,12,..,..,..,..,..,..,..,..
2025,YR2025,Brunei Darussalam,BRN,13771417606.902,0.66956214816436,29531.4854435743,-0.302994414446762,0.411162483586338,71.5712945703066,52.0378303612952,..,..,..,..,..,..,..,..,..,..,..,..,..,466330,218895,247435,0.776925734682091,75.0109886586819,..,5.277,237763,9,..,..,..,..,..,..,..,..
2025,YR2025,Bulgaria,BGR,67254858232.0129,3.0963663917961,10454.1739579477,4.58084355235697,3.7338455582314,50.738480678418,51.7757828295128,..,..,..,..,..,..,..,..,..,..,..,..,..,6433302,3320474,3112828,-0.126123118551665,74.1727501848475,..,3.536,3090210,12,..,..,..,..,..,..,..,..
2025,YR2025,Burkina Faso,BFA,18945886455.8867,5.29461839319283,786.966437457548,-0.586235316330579,..,34.9899001231927,30.01305057375,..,..,..,..,..,..,..,..,..,..,..,..,..,24074580,12080402,11994178,2.20824551344995,28.9226360719085,..,3.477,9914873,10,..,..,..,..,..,..,..,..
2025,YR2025,Burundi,BDI,3934701368.14248,4.24010529884178,273.432977612477,34.1339985744832,1.04365754120843,..,..,..,..,..,..,..,..,..,..,..,..,..,..,..,14390003,7240984,7149019,2.40689260858279,25.6870184681663,..,0.922,6308213,..,6.38454008102417,..,..,..,..,..,..,..
2025,YR2025,Cabo Verde,CPV,2476302510.90263,6.29698518253096,4695.96134251417,2.34333897365163,5.03338899080779,41.9760625876389,53.3523975315592,..,..,..,..,..,..,..,..,..,..,..,..,..,527326,259172,268154,0.465500368710652,77.6300668010068,..,11.939,226448,10,..,..,..,..,..,..,..,..
2025,YR2025,Cambodia,KHM,40575632562.1218,5.34932084572877,2273.40169673646,2.35127105896507,9.94609689113059,68.6465213655928,67.4432273077899,..,..,..,..,..,..,..,..,..,..,..,..,..,17847982,9098347,8749635,1.17893708663597,41.10561939401,..,0.263,10367640,..,..,..,..,..,..,..,..,..
2025,YR2025,Cameroon,CMR,44504411650.8349,3.20000015616144,1489.47119043622,3.40373458279055,..,13.0891506194146,20.2951200435817,..,..,..,..,..,..,..,..,..,..,..,..,..,29879337,14989108,14890229,2.56133847709635,55.6692041661323,..,3.602,11466010,6,..,..,..,..,..,..,..,..
2025,YR2025,Canada,CAN,1891740160107.82,1.74268536175708,45418.1292662699,2.07232411149103,2.97568378108142,31.3323868147182,32.1781181545045,..,..,..,..,..,..,..,..,..,..,..,..,..,41651653,20970240,20681413,0.939110272846239,82.8757020253886,..,6.907,22846475,10,..,..,..,..,..,..,..,..
2025,YR2025,Caribbean small states,CSS,91372154983.2326,7.97505570265018,20052.8896994689,1.21577537737425,..,..,..,..,..,..,..,..,..,..,..,..,..,..,..,..,4556558,2314777,2241781,0.384757178377881,50.1011216203825,..,7.55485245853424,1972049,7,..,..,..,..,..,..,..,..
2025,YR2025,Cayman Islands,CYM,..,..,..,..,..,..,..,..,..,..,..,..,..,..,..,..,..,..,..,..,75844,37781,38063,1.84568216276921,100,..,..,..,12,..,..,..,..,..,..,..,..
2025,YR2025,Central African Republic,CAF,2172168656.51218,4.49950000393781,393.988309778491,1.00198012768088,..,19.3448050350028,33.5619408733475,..,..,..,..,..,..,..,..,..,..,..,..,..,5513282,2862802,2650480,3.36794044132968,44.5532156681816,..,6.251,2076374,10,..,..,..,..,..,..,..,..
2025,YR2025,Central Europe and the Baltics,CEB,1727266718893.41,2.36701156809835,17304.7508892728,3.81419531520146,-0.707546590191542,56.3896097998902,54.9254041410272,..,..,..,..,..,..,..,..,..,..,..,..,..,99814596,51446354,48368242,-0.247519896811324,61.9065627516826,..,4.14260588932297,48835154,10,..,..,..,..,..,..,..,..
2025,YR2025,Chad,TCD,18347335765.9226,5.58988021765651,873.528540127688,-3.9119812440659,..,29.4140577724768,16.7180920306513,..,..,..,..,..,..,..,..,..,..,..,..,..,21003705,10469209,10534496,3.41211675890953,27.5658786336865,..,1.057,6746477,10,..,..,..,..,..,..,..,..
2025,YR2025,Channel Islands,CHI,..,..,..,..,..,..,..,..,..,..,..,..,..,..,..,..,..,..,..,..,168466,85304,83162,0.202025072,32.6430856346098,..,6.169,81617,..,..,..,..,..,..,..,..,..
2025,YR2025,Chile,CHL,296005043455.575,2.45925474781374,14904.6435509776,4.21293601694293,4.06114644888118,34.5635609348334,30.4208161074476,..,..,..,..,..,..,..,..,..,..,..,..,..,19859921,9988733,9871188,0.480257021978241,89.1772830019223,..,8.974,10326077,12,..,..,..,..,..,..,..,..
2025,YR2025,China,CHN,19401316126585.1,4.95994886240992,13793.2056196996,0.0595646916565403,0.410194399848574,21.0711983566772,16.8851895085539,91.6,..,..,..,..,..,..,..,..,..,..,..,..,1406585000,690538986,716046014,-0.169770885652674,66.3429910348272,..,4.615,768071923,9,..,..,..,..,..,..,..,..
2025,YR2025,Colombia,COL,372674094475.955,2.64201548985928,6975.56696286259,5.14222911946201,2.52970921188005,14.9840475310756,20.384908937428,..,..,..,..,..,..,..,..,..,..,..,..,..,53425635,27067163,26358472,1.01451696044498,78.7827914751151,..,8.29,27099025,12,..,..,..,..,..,..,..,..
2025,YR2025,Comoros,COM,1261102493.64924,3.7544428489181,1428.44965622497,3.24909332306433,..,9.2978020237782,31.5874225945439,..,..,..,..,..,..,..,..,..,..,..,..,..,882847,438969,443878,1.85420936957363,33.941547481361,..,3.819,310841,6,..,..,..,..,..,..,..,..
2025,YR2025,"Congo, Dem. Rep.",COD,64039235049.4082,5.75924471639999,567.560325026362,..,2.05275472591522,43.4174837745438,43.9168041039769,..,..,..,..,..,..,..,..,..,..,..,..,..,112832473,56847963,55984510,3.20249618590858,45.1135633042151,..,4.434,39217778,6,..,..,..,..,..,..,..,..
2025,YR2025,"Congo, Rep.",COG,10913368247.3216,3.08292728120063,1683.00937264433,2.40069559361747,..,48.022613302008,43.6464039344374,..,..,..,..,..,..,..,..,..,..,..,..,..,6484437,3242815,3241622,2.36370989746216,64.1236534817412,..,19.876,2641346,10,..,..,..,..,..,..,..,..
2025,YR2025,Costa Rica,CRI,80741594727.0308,4.56033547844829,15669.0041096907,-0.073671440596217,5.42895237748853,38.8499059117269,32.6419987386084,..,..,..,..,..,..,..,..,..,..,..,..,..,5152950,2607281,2545669,0.448125104429705,79.7268137993004,..,6.843,2427166,13,..,..,..,..,..,..,..,..
2025,YR2025,Cote d'Ivoire,CIV,81476260434.278,6.4999999999999,2490.74922791875,0.125038772593104,..,29.785395705048,24.7725112286093,..,..,..,..,..,..,..,..,..,..,..,..,..,32711547,16083185,16628362,2.40496595908985,54.5489501450761,..,2.323,13067763,10,..,..,..,..,..,..,..,..
2025,YR2025,Croatia,HRV,71377484555.933,3.40307537181749,18414.2935235367,3.69153459605729,..,47.9720354934122,53.0142511427803,..,..,..,..,..,..,..,..,..,..,..,..,..,3876200,2005676,1870524,0.258317977905583,57.8144543604143,..,5.002,1744218,8,..,..,..,..,..,..,..,..
2025,YR2025,Cuba,CUB,..,..,..,..,..,..,..,..,..,..,..,..,..,..,..,..,..,..,..,..,10937203,5543237,5393966,-0.388557565092683,77.2270774821152,..,1.746,4855941,9,..,..,..,..,..,..,..,..
2025,YR2025,Curacao,CUW,..,..,..,..,..,..,..,..,..,..,..,..,..,..,..,..,..,..,..,..,156263,81811,74452,0.189603874500038,91.4727714986125,..,..,..,14,..,..,..,..,..,..,..,..
2025,YR2025,Cyprus,CYP,33079649143.5759,3.77325347982725,33526.828125,0.126528851920189,27.0778550174763,97.5738320583018,91.9222700471352,..,..,..,..,..,..,..,..,..,..,..,..,..,1370754,680291,690463,0.914028750872649,66.6950270703775,..,4.924,770268,10,..,..,..,..,..,..,..,..
2025,YR2025,Czechia,CZE,228752549524.494,2.58046673293437,21011.7675172345,2.45996367838865,2.68622429295406,66.9450959346234,61.0943414396528,..,..,..,..,..,..,..,..,..,..,..,..,..,10886878,5517651,5369227,-0.16657564691038,72.8754367116112,..,2.825,5578235,10,..,..,..,..,..,..,..,..
2025,YR2025,Denmark,DNK,373876120004.794,2.92843280014236,62217.6077931564,1.89367372703044,..,70.117072547021,59.1052317850969,..,..,..,..,..,..,..,..,..,..,..,..,..,6009169,3022023,2987146,0.536903805914283,88.8458435892689,..,5.529,3294817,10,..,..,..,..,..,..,..,..
2025,YR2025,Djibouti,DJI,4095380799.70674,6.4954610524268,3458.71447416107,-0.313731799533481,..,110.493588636595,95.8024545556204,..,..,..,..,..,..,..,..,..,..,..,..,..,1184076,597272,586804,1.30518794764358,72.9758660686475,..,26.015,267610,10,..,..,..,..,..,..,..,..
2025,YR2025,Dominica,DMA,625816120.233098,3.05243763087539,9500.63184456131,2.53385126107135,6.8354356791273,..,..,..,..,..,..,..,..,..,..,..,..,..,..,..,65871,32978,32893,-0.505770483641074,73.9861616678942,..,..,..,12,..,..,..,..,..,..,..,..
2025,YR2025,Dominican Republic,DOM,106991487756.082,2.11739113534632,9287.06293024608,3.8731176804813,3.86068433895096,23.6399210081098,27.8549846998204,..,..,..,..,..,..,..,..,..,..,..,..,..,11520487,5794308,5726179,0.809920950082305,72.517694062591,..,5.092,5512758,15,..,..,..,..,..,..,..,..
2025,YR2025,Early-demographic dividend,EAR,14401835893175,4.3721639998719,4008.58216469443,3.20550474112603,1.72072095608312,25.6949153050205,27.5852391141137,..,..,..,..,..,..,..,..,..,..,..,..,..,3592750579,1771417075,1821333504,1.13210033331684,47.668162672247,..,5.15217207899997,1487981100,10,..,..,..,..,..,..,..,..
2025,YR2025,East Asia & Pacific,EAS,33022789352605.6,3.99734138634533,13812.0162098692,1.9133344329508,1.27253339192307,32.5369215045494,28.4519492961992,88.4,36.46,135.1,..,..,..,..,..,..,..,..,..,..,2390873921,1185728232,1205145689,0.106898927720114,64.7709883214594,..,3.80602951002153,1283877645,9,..,..,..,..,..,..,..,..
2025,YR2025,East Asia & Pacific (excluding high income),EAP,22757329753833.4,4.9444935536329,10614.8796455435,2.06264825470915,0.60851415096412,25.5218884751343,21.8410075570993,88.1,35.91,129.8,..,..,..,..,..,..,..,..,..,..,2143908411,1060123865,1083784546,0.130041234607189,62.0532518845953,..,3.91810951483912,1145559230,9,..,..,..,..,..,..,..,..
2025,YR2025,East Asia & Pacific (IDA & IBRD countries),TEA,22729145290902.3,4.94449693162349,10734.6268335252,1.9133344329508,0.60851415096412,25.5201398982836,21.8274922508322,88.9,36.36,131,..,..,..,..,..,..,..,..,..,..,2117367063,1046721432,1070645631,0.128259615137576,62.0267995645331,..,3.92396383247478,1127862376,9,..,..,..,..,..,..,..,..
2025,YR2025,Ecuador,ECU,112749552668.283,3.72594857272087,6164.58139883809,0.710469324989076,0.99695043238739,31.438582119541,27.9181990841101,..,..,..,..,..,..,..,..,..,..,..,..,..,18289896,9172882,9117014,0.847864596028112,63.3918189058262,..,3.308,8977208,15,..,..,..,..,..,..,..,..
2025,YR2025,"Egypt, Arab Rep.",EGY,503367605841.295,4.39201068570188,4252.63696588953,14.0735136645934,4.23066505478546,19.8200284513845,31.5143194274435,..,..,..,..,..,..,..,..,..,..,..,..,..,118365995,58605499,59760496,1.55618628611795,42.9043204925248,..,6.781,36106369,12,38.0398346509947,..,..,..,..,..,..,..
2025,YR2025,El Salvador,SLV,30140111727.9972,3.90594189242583,4734.91438586978,0.257570528307203,2.08052874206816,32.0465695455309,56.1114968872001,..,..,..,..,..,..,..,..,..,..,..,..,..,6365503,3341750,3023753,0.429954275845337,75.5237123209951,..,3.303,2989409,15,..,..,..,..,..,..,..,..
2025,YR2025,Equatorial Guinea,GNQ,8718580207.6518,-5.84678505700693,4497.75112328053,..,..,46.5199788593141,28.4121930553738,..,..,..,..,..,..,..,..,..,..,..,..,..,1938431,917139,1021292,2.39717222444002,71.5761028458697,..,8.337,737977,6,..,..,..,..,..,..,..,..
2025,YR2025,Eritrea,ERI,..,..,..,..,..,..,..,..,..,..,..,..,..,..,..,..,..,..,..,..,3607003,1825728,1781275,1.99933689205926,34.5404504255216,..,5.978,1763700,8,..,..,..,..,..,..,..,..
2025,YR2025,Estonia,EST,27715055071.5067,0.584308464789387,20282.1530371991,4.82920753628342,-1.78224185932094,78.3623550209044,77.397561624675,..,..,..,..,..,..,..,..,..,..,..,..,..,1366475,716019,650456,-0.428360939161402,70.7208526598129,..,8.313,754206,9,..,..,..,..,..,..,..,..
2025,YR2025,Eswatini,SWZ,5006737885.86805,4.1939175580556,3985.70411891032,..,..,..,..,..,..,..,..,..,..,..,..,..,..,..,..,..,1256174,639179,616995,1.06859931393766,26.7213709706525,..,34.202,430869,7,..,..,..,..,..,..,..,..
2025,YR2025,Ethiopia,ETH,128069700729.493,9.7715182202934,945.358838108184,13.2296432836809,..,13.2837545839474,20.176028072184,..,..,..,..,..,..,..,..,..,..,..,..,..,135472051,67595947,67876104,2.55107529460765,24.1096952088946,..,3.323,56779061,8,..,..,..,..,..,..,..,..
2025,YR2025,Euro area,EMU,13689135855870.7,1.41107242318353,38166.9810117283,2.46705543774613,0.55892808667362,48.5702603387684,44.6886469236171,..,..,..,..,..,..,..,..,..,..,..,..,..,358664361,183058151,175606210,0.296259275510713,77.4751873230132,..,6.28355946264135,175747128,11,..,..,..,..,..,..,..,..
2025,YR2025,Europe & Central Asia,ECS,24600940778761.2,1.703297097267,26380.9976734418,3.74577316751945,0.630343895245969,43.7131847710584,41.0143773517471,92.4,34.45,134.6,..,..,..,..,..,..,..,..,..,..,932525035,479624664,452900371,0.425354152592411,74.0723400318719,..,5.35931988514529,429151566,11,..,..,..,..,..,..,..,..
2025,YR2025,Europe & Central Asia (excluding high income),ECA,2274969077900.55,4.20093767131738,8982.015348118,5.62208788068338,..,29.0176419153296,32.7714442747874,87.5,24.53,117.3,..,..,..,..,..,..,..,..,..,..,253280471,129436667,123843804,1.14598534910776,68.3267539699245,..,6.84424613953164,91032930,10,..,..,..,..,..,..,..,..
2025,YR2025,Europe & Central Asia (IDA & IBRD countries),TEC,4971445801622.93,2.84310557858637,10747.6908845634,5.10146571652018,1.46575747404048,29.2365909395474,29.7382563981368,90.8,26.72,142.4,..,..,..,..,..,..,..,..,..,..,462559433,240321985,222237448,0.558598108857146,69.1547566263432,..,4.62126731959311,195057396,10,..,..,..,..,..,..,..,..
2025,YR2025,European Union,EUU,15954312288194.7,1.53795434836212,35365.4242663492,2.46705543774613,0.412153341183079,49.6067179750537,45.8155242538209,..,..,..,..,..,..,..,..,..,..,..,..,..,451127411,230397148,220730263,0.199526868046785,75.1738610583145,..,5.92604538207809,221676603,11,..,..,..,..,..,..,..,..
2025,YR2025,Faroe Islands,FRO,..,..,..,..,..,..,..,..,..,..,..,..,..,..,..,..,..,..,..,..,54900,26558,28342,0.474713325295028,39.643321785446,..,..,..,..,..,..,..,..,..,..,..,..
2025,YR2025,Fiji,FJI,5688678190.51222,3.19546862124029,6096.1836851283,-1.38326833934224,..,..,..,..,..,..,..,..,..,..,..,..,..,..,..,..,933154,470027,463127,0.469404246979013,59.5444551836369,..,5.347,390290,..,..,..,..,..,..,..,..,..
2025,YR2025,Finland,FIN,253757802164.372,0.173444509584499,44941.2341102195,0.337874659400574,-0.090167862928476,42.3266920911003,41.0692518801012,..,..,..,..,..,..,..,..,..,..,..,..,..,5646436,2854293,2792143,0.470872218110853,74.5247844319848,..,9.461,2886946,12,..,..,..,..,..,..,..,..
2025,YR2025,France,FRA,2743239233772.68,0.840949955479587,39918.8850568745,0.943770212469976,2.16930740558009,33.3928225145364,33.7995547693485,..,..,..,..,..,..,..,..,..,..,..,..,..,68720337,35404381,33315956,0.245766211891762,78.8449650563584,..,7.542,31862995,13,..,..,..,..,..,..,..,..
2025,YR2025,French Polynesia,PYF,..,..,..,..,..,..,..,..,..,..,..,..,..,..,..,..,..,..,..,..,282465,139706,142759,0.23322096373719,61.7583766473831,..,11.662,120628,..,..,..,..,..,..,..,..,..
2025,YR2025,Gabon,GAB,17220864511.3862,2.47287961498321,6640.95687890165,1.76766609003481,..,55.4925877518666,29.3993027616937,..,..,..,..,..,..,..,..,..,..,..,..,..,2593130,1277916,1315214,2.11142428155027,92.0876666682068,..,20.154,844145,10,..,..,..,..,..,..,..,..
2025,YR2025,"Gambia, The",GMB,2218181510.8707,5.89309208233146,786.0058158504,..,..,12.7304316126942,49.4409619200013,..,..,..,..,..,..,..,..,..,..,..,..,..,2822093,1416778,1405315,2.22524763449017,64.9884861325581,..,6.521,807275,9,..,..,..,..,..,..,..,..
2025,YR2025,Georgia,GEO,27066204097.3435,7.46161504152039,6876.98508939391,3.8692132193969,4.33966026261481,47.4056403368221,53.2223570641145,..,..,..,..,..,..,..,..,..,..,..,..,..,3935766,2100569,1835197,3.1815662969341,61.1781364090406,..,12.097,2012582,9,89.4861221313477,..,..,..,..,..,..,..
2025,YR2025,Germany,DEU,3685858188650.63,0.239578342117881,44146.6409090446,2.17178770949721,1.88462297077013,40.4347738545071,38.0780373654056,..,..,..,..,..,..,..,..,..,..,..,..,..,83491249,42261807,41229442,-0.0303506708320264,82.13822205362,..,3.711,43549178,13,..,..,..,..,..,..,..,..
2025,YR2025,Ghana,GHA,79265436278.5707,5.95441714756899,2260.57555903544,14.2046755548989,1.6708218135385,..,..,..,..,..,..,..,..,..,..,..,..,..,..,..,35064272,17554892,17509380,1.83295547173437,58.9246861473125,..,2.979,13250486,11,..,..,..,..,..,..,..,..
2025,YR2025,Gibraltar,GIB,..,..,..,..,..,..,..,..,..,..,..,..,..,..,..,..,..,..,..,..,40126,20157,19969,2.00623430210837,100,..,..,..,13,..,..,..,..,..,..,..,..
2025,YR2025,Greece,GRC,228291607840.839,2.07306882481713,21921.6862747184,2.48209745378857,..,39.4617692969977,43.9898535848415,..,..,..,..,..,..,..,..,..,..,..,..,..,10413962,5367892,5046070,0.0848067613416544,79.2246082848537,..,8.54,4715509,10,..,..,..,..,..,..,..,..
2025,YR2025,Greenland,GRL,..,..,..,..,..,..,..,..,..,..,..,..,..,..,..,..,..,..,..,..,56831,26987,29844,-0.00879762816511268,88.5740108655152,..,..,..,..,..,..,..,..,..,..,..,..
2025,YR2025,Grenada,GRD,1229001313.63051,4.41201,10477.151595701,0.610311975893833,12.0171926585936,..,..,..,..,..,..,..,..,..,..,..,..,..,..,..,117303,58537,58766,0.081872845816827,36.6708064336827,..,..,..,12,..,..,..,..,..,..,..,..
2025,YR2025,Guam,GUM,..,..,..,..,..,..,..,..,..,..,..,..,..,..,..,..,..,..,..,..,168999,83462,85537,0.725708104538761,94.2197463433641,..,5.569,78007,0,..,..,..,..,..,..,..,..
2025,YR2025,Guatemala,GTM,87606236290.0643,4.28003207921405,4687.86355660464,1.48841591086169,..,15.5591718853697,30.9684374704532,..,..,..,..,..,..,..,..,..,..,..,..,..,18687881,9418650,9269231,1.5179036167086,56.2972033013999,..,2.604,7684762,16,..,..,..,..,..,..,..,..
2025,YR2025,Guinea,GIN,16581617762.5156,7.44709668357611,1098.14023541721,3.54630163142885,..,41.4119356368784,62.2660777034909,..,..,..,..,..,..,..,..,..,..,..,..,..,15099727,7622055,7477672,2.31092272302565,38.5165334466562,..,5.163,4722818,6,..,..,..,..,..,..,..,..
2025,YR2025,Guinea-Bissau,GNB,1830722598.28661,5.81813762310792,813.829913686556,0.874929691038717,..,13.8662930962048,27.0129904065306,..,..,..,..,..,..,..,..,..,..,..,..,..,2249515,1137222,1112293,2.16429203622489,46.6510315281292,..,2.673,899220,9,..,..,..,..,..,..,..,..
2025,YR2025,Guyana,GUY,32763601884.4747,19.3360097091818,39191.5676631842,3.32982339132475,..,..,..,..,..,..,..,..,..,..,..,..,..,..,..,..,835986,429164,406822,0.58773840166977,26.4913876548981,..,11.962,326682,6,..,..,..,..,..,..,..,..
2025,YR2025,Haiti,HTI,13224852042.6065,-2.71291075761471,1110.76318831712,28.6427976686095,..,1.55997335042545,14.3255059948423,..,..,..,..,..,..,..,..,..,..,..,..,..,11906095,6017941,5888154,1.12793089533676,55.6148855859942,..,14.944,5268189,6,..,..,..,..,..,..,..,..
2025,YR2025,Heavily indebted poor countries (HIPC),HPC,1011278193672.84,5.82575819723698,1047.79533535811,3.40373458279055,..,24.1692383963972,30.0880843330824,..,..,..,..,..,..,..,..,..,..,..,..,..,965148593,484166496,480982097,2.60784745398428,38.332449317985,..,4.14304356025997,359327907,8,..,..,..,..,..,..,..,..
2025,YR2025,High income,HIC,60727124414914.7,1.90733502746166,42653.2432852435,2.34898778499373,1.36014370625814,31.7468572222019,30.8167928694479,94.2,38.71,141.6,..,..,..,..,..,..,..,..,..,..,1423739902,716662098,707077804,0.409174607962311,80.2483970459505,..,4.40673460951033,733623052,11,..,..,..,..,..,..,..,..
2025,YR2025,Honduras,HND,28925544388.8026,3.75143102801252,2628.19722136887,4.59657982325258,3.52535439103993,34.9917417691344,56.5155957723696,..,..,..,..,..,..,..,..,..,..,..,..,..,11005850,5465961,5539889,1.65037355718421,59.2517075900659,..,4.92,4340779,12,..,..,..,..,..,..,..,..
2025,YR2025,"Hong Kong SAR, China",HKG,348325324736.967,3.48764886355949,46450.1893260301,1.43633540372673,..,199.757696650493,196.887724077323,..,..,..,..,..,..,..,..,..,..,..,..,..,7498900,4123815,3375085,-0.33548590342358,100,..,2.799,3790314,9,..,..,..,..,..,..,..,..
2025,YR2025,Hungary,HUN,158992270290.276,0.509542309726868,16710.9602521813,4.41198445905562,-28.3736403614031,72.6304321068483,68.1488717964849,..,..,..,..,..,..,..,..,..,..,..,..,..,9514251,4942201,4572050,-0.501292808614035,70.6936831786278,..,4.521,4936333,13,..,..,..,..,..,..,..,..
2025,YR2025,IBRD only,IBD,39039764465763.9,4.30532305518705,7797.15079685089,3.68256369784336,1.11528147580307,26.1345631356604,24.5272894667426,82.7,22.32,115.9,..,..,..,..,..,..,..,..,..,..,5006926951,2481473192,2525453759,0.545865461962873,58.6463509114596,..,4.97728646218035,2344866979,10,..,..,..,..,..,..,..,..
2025,YR2025,Iceland,ISL,23116588684.0143,1.27946207863934,58910.1759513518,4.09085056006515,-0.52278219243446,40.113798877848,42.3739315034894,..,..,..,..,..,..,..,..,..,..,..,..,..,392404,191342,201062,1.51445294794602,94.2179320191117,..,3.625,242507,10,..,..,..,..,..,..,..,..
2025,YR2025,IDA & IBRD total,IBT,42092920647698.4,4.33570580325535,6018.61307031399,3.51074539609587,1.13579605065342,25.8553692142377,24.8201626376378,70.3,16.76,107.8,..,..,..,..,..,..,..,..,..,..,6993790788,3476319998,3517470790,0.983237218148019,53.6757479244859,..,4.84350017425836,3102450812,9,..,..,..,..,..,..,..,..
2025,YR2025,IDA blend,IDB,1492100062682.87,4.57673954149303,2163.14295417872,2.40069559361747,1.53091429038713,..,25.2379106978346,44.2,3.44,84.2,..,..,..,..,..,..,..,..,..,..,689783382,341794302,347989080,1.8768892130296,49.2173940770698,..,4.42715825954522,281147023,9.5,..,..,..,..,..,..,..,..
2025,YR2025,IDA only,IDX,1561056119251.72,4.86860827326892,1203.51525862111,3.55071913108936,..,22.8446342447197,31.2162895082481,36.1,2.35,88.6,..,..,..,..,..,..,..,..,..,..,1297080455,653052504,644027951,2.20962118823943,36.8594065949293,..,4.43073240687791,476436811,9,..,..,..,..,..,..,..,..
2025,YR2025,IDA total,IDA,3053156181934.58,4.72576659326165,1536.6710718056,3.36462189317825,..,23.6663370579335,28.9098364245075,38.9,2.73,87.1,..,..,..,..,..,..,..,..,..,..,1986863837,994846806,992017031,2.09398047967704,41.1497531407779,..,4.42940600465558,757583833,9,..,..,..,..,..,..,..,..
2025,YR2025,India,IND,3693970992045.56,7.56666179284244,2523.43601851376,2.39884954182294,0.988285383995246,22.2630410669804,24.0051596190103,70,..,..,..,..,..,..,..,..,..,..,..,..,1463865525,709090076,754775449,0.887183543977214,35.689155772396,..,4.219,617625336,8,34.4465039692543,..,..,..,..,..,..,..
2025,YR2025,Indonesia,IDN,1301511819008.36,5.10808904438025,4555.18055720702,1.9133344329508,1.54140671670434,22.8465482987858,20.5446587523346,..,..,..,..,..,..,..,..,..,..,..,..,..,285721236,142193712,143527524,0.784708535785041,59.3929063969984,..,3.237,147104597,9,..,..,..,..,..,..,..,..
2025,YR2025,"Iran, Islamic Rep.",IRN,519149083728.835,-2.82597163290347,5617.42166770918,42.1712244965444,..,25.754375261588,34.4882471351587,..,..,..,..,..,..,..,..,..,..,..,..,..,92417681,45470197,46947484,0.923930875479985,77.3761530941751,..,8.301,29521716,9,..,..,..,..,..,..,..,..
2025,YR2025,Iraq,IRQ,188320119060.069,-2.15574219066178,4005.04081579067,0.303454715219382,..,..,..,..,..,..,..,..,..,..,..,..,..,..,..,..,47020774,23407475,23613299,2.10351548706844,69.9396739468105,..,15.485,12493376,6,..,..,..,..,..,..,..,..
2025,YR2025,Ireland,IRL,572660227885.924,12.3375990291434,104416.83204022,2.21044788475857,..,140.066665278394,99.892247065173,..,..,..,..,..,..,..,..,..,..,..,..,..,5484367,2769497,2714870,1.62826615443033,64.5875793756168,..,4.632,2912741,10,..,..,..,..,..,..,..,..
2025,YR2025,Isle of Man,IMN,..,..,..,..,..,..,..,..,..,..,..,..,..,..,..,..,..,..,..,..,84118,42491,41627,-0.0499173996269448,52.1358064010515,..,..,..,..,..,..,..,..,..,..,..,..
2025,YR2025,Israel,ISR,431191570915.148,2.93114966387968,42596.0772627285,3.0414132155654,4.29339412127743,27.5583636636004,25.4308527107197,..,..,..,..,..,..,..,..,..,..,..,..,..,10122800,5080550,5042250,1.19852366348133,91.5783060866328,..,3.489,4828536,15,..,..,..,..,..,..,..,..
2025,YR2025,Italy,ITA,2045324195978.49,0.539583636778445,34716.1405786348,1.5316682765282,0.034602983660439,32.2270197272539,30.2962066318587,..,..,..,..,..,..,..,..,..,..,..,..,..,58915656,30100972,28814684,-0.0628633523365352,69.680861801678,..,6.391,25660587,12,..,..,..,..,..,..,..,..
2025,YR2025,Jamaica,JAM,17322971206.1042,0.0816454877745656,6105.9221184706,4.00459048079239,..,..,..,..,..,..,..,..,..,..,..,..,..,..,..,..,2837077,1434537,1402540,-0.0739220209228623,59.4254051751628,..,3.286,1612761,6,..,..,..,..,..,..,..,..
2025,YR2025,Japan,JPN,4764341438831.9,1.19311288444599,38619.3367073485,3.17253034260248,1.03278551644542,..,..,..,..,..,..,..,..,..,..,..,..,..,..,..,123366734,63215259,60151475,-0.492142838725375,92.3001449420786,..,2.451,69477012,9,..,..,..,..,..,..,..,..
2025,YR2025,Jordan,JOR,52757023329.6643,2.82660839845745,4579.33082182137,1.76646490894206,..,..,..,..,..,..,..,..,..,..,..,..,..,..,..,..,11520684,5586195,5934489,-0.279038179525473,93.2085150119551,..,16.535,3220931,10,..,..,..,..,..,..,..,..
2025,YR2025,Kazakhstan,KAZ,260383077834.12,6.5,12492.1392679131,11.3879454675914,-0.299243931188651,..,..,..,..,..,..,..,..,..,..,..,..,..,..,..,20843754,10686969,10156785,1.21239553353742,62.3855569507987,..,4.771,10009918,9,52.8612860406142,..,..,..,..,..,..,..
2025,YR2025,Kenya,KEN,109761569108.182,4.63261093844984,1907.81875397233,4.06912878540729,..,15.7640677825707,21.756976808552,..,..,..,..,..,..,..,..,..,..,..,..,..,57532493,28935937,28596556,1.92967823977399,32.2121192871745,..,5.449,24711751,12,..,..,..,..,..,..,..,..
2025,YR2025,Kiribati,KIR,287797935.373709,4.22163588390501,2108.59515396012,..,1.19148861022682,..,..,..,..,..,..,..,..,..,..,..,..,..,..,..,136488,70182,66306,1.45386795887331,63.3850857782871,..,..,..,9,..,..,..,..,..,..,..,..
2025,YR2025,"Korea, Dem. People's Rep.",PRK,..,..,..,..,..,..,..,..,..,..,..,..,..,..,..,..,..,..,..,..,26571036,13416497,13154539,0.272143344374275,64.1897858311258,..,3.545,17696854,12,..,..,..,..,..,..,..,..
2025,YR2025,"Korea, Rep.",KOR,1936603041534.49,1.00701840291242,37469.6600233386,2.12309421458659,0.844067044503223,45.7630385215931,40.5985621226499,..,..,..,..,..,..,..,..,..,..,..,..,..,51684564,25901005,25783559,-0.128584337535563,81.1740263306674,..,2.683,29865575,9,..,..,..,..,..,..,..,..
2025,YR2025,Kosovo,XKX,9301422197.20169,3.59217142544483,5898.63895271517,3.85953869869506,10.0048592791683,43.9520877225768,74.2387964379752,..,..,..,..,..,..,..,..,..,..,..,..,..,1576876,801249,775627,-1.10223367296906,50.9260971650398,..,..,..,..,..,..,..,..,..,..,..,..
2025,YR2025,Kuwait,KWT,121451130439.078,2.731825804492,24962.7320750091,2.36195936682045,0.262764598716339,..,..,100,..,..,..,..,..,..,..,..,..,..,..,..,4865298,1893866,2971432,-0.654851001278566,100,..,2.181,2927890,9,..,..,..,..,..,..,..,..
2025,YR2025,Kyrgyz Republic,KGZ,11421728478.9395,11.0960203357132,1555.4444955048,8.21496013406325,..,26.8114572968262,65.5959903448177,..,..,..,..,..,..,..,..,..,..,..,..,..,7343064,3713841,3629223,1.66425490124613,34.7463537261057,..,3.526,2868314,10,53.8761747562613,..,..,..,..,..,..,..
2025,YR2025,Lao PDR,LAO,22101637863.16,4.53760564766725,2807.25374437797,7.74226936553695,..,..,..,..,..,..,..,..,..,..,..,..,..,..,..,..,7873046,3917638,3955408,1.31981575540414,40.3129835040701,..,1.187,3650484,9,..,..,..,..,..,..,..,..
2025,YR2025,Late-demographic dividend,LTE,28991690925359.3,4.45332355682564,12440.5129765472,3.74577316751945,1.00093236355797,31.291063421231,26.638737214391,..,..,..,..,..,..,..,..,..,..,..,..,..,2330425681,1160285565,1170140116,0.0665060155266648,67.6587211144091,..,4.49833547120506,1236506364,10,..,..,..,..,..,..,..,..
2025,YR2025,Latin America & Caribbean,LCN,6010984327947.16,2.32153204967842,9017.47873959526,2.30758626602756,2.68387818651293,26.1462714281691,26.4309130863693,83.7,20.54,116.8,..,..,..,..,..,..,..,..,..,..,666592570,338555446,328037124,0.663311937426025,81.5060587040558,..,5.45907691012021,325052802,13,..,..,..,..,..,..,..,..
2025,YR2025,Latin America & Caribbean (excluding high income),LAC,5286636914155.63,2.21490070818977,8434.21631085993,3.1702688841681,2.62090199400708,24.5640711542528,25.2903293027894,83.6,20.54,117.7,..,..,..,..,..,..,..,..,..,..,626808315,318379847,308428468,0.679405115613968,81.3986631711555,..,5.28646121885159,305574395,14,..,..,..,..,..,..,..,..
2025,YR2025,Latin America & the Caribbean (IDA & IBRD countries),TLA,5791060278313.32,2.356382434447,8889.25615975034,2.30758626602756,2.68387818651293,26.1141647927264,26.3536114347648,83.9,20.76,117.5,..,..,..,..,..,..,..,..,..,..,651467364,330803112,320664252,0.687521739687515,81.5103934487331,..,5.50986634654456,318695262,14,..,..,..,..,..,..,..,..
2025,YR2025,Latvia,LVA,31213460641.1947,2.13786855731288,16892.3660713745,3.74577316751945,0.501253304600754,62.573000305163,67.1514535681639,..,..,..,..,..,..,..,..,..,..,..,..,..,1847785,990297,857488,-0.987592806179397,68.6325719753517,..,6.568,948428,11,..,..,..,..,..,..,..,..
2025,YR2025,Least developed countries: UN classification,LDC,1349797503062.71,4.30000841303122,1111.70616607056,3.36462189317825,..,21.6584551764879,28.5054330675747,33.7,2.04,86.3,..,..,..,..,..,..,..,..,..,..,1214167506,611339871,602827635,2.29085125307675,36.6351976248878,..,4.66754018615311,450679763,8,..,..,..,..,..,..,..,..
2025,YR2025,Lebanon,LBN,..,..,..,14.597595869611,..,..,..,..,..,..,..,..,..,..,..,..,..,..,..,..,5849421,3003391,2846030,0.745736135898232,90.9602314263044,..,..,..,10,..,..,..,..,..,..,..,..
2025,YR2025,Lesotho,LSO,2413784465.89837,1.98256080770996,1021.35104816239,4.27011140706666,-0.22425996725048,49.530822364134,104.450671184674,..,..,..,..,..,..,..,..,..,..,..,..,..,2363325,1211158,1152167,1.1020485314959,44.6695855817109,..,16.315,889530,7,..,..,..,..,..,..,..,..
2025,YR2025,Liberia,LBR,3920364939.63214,5.01656107992214,684.038392553354,8.31564329402952,..,..,..,..,..,..,..,..,..,..,..,..,..,..,..,..,5731206,2869500,2861706,2.08732472424606,56.0819747159338,..,2.884,2673807,6,..,..,..,..,..,..,..,..
2025,YR2025,Libya,LBY,64400741235.432,13.3717080516958,8634.47963250683,1.84166666666702,..,71.7134746269549,65.9450985743532,..,..,..,..,..,..,..,..,..,..,..,..,..,7458555,3666852,3791703,1.04494488295615,87.9112413015221,..,18.758,2616929,9,..,..,..,..,..,..,..,..
2025,YR2025,Liechtenstein,LIE,..,..,..,..,..,..,..,..,..,..,..,..,..,..,..,..,..,..,..,..,41024,20634,20390,1.4090617793704,14.6298998993293,..,..,..,9,..,..,..,..,..,..,..,..
2025,YR2025,Lithuania,LTU,57090361644.5279,2.92007656461696,19762.8342142819,3.79170510860467,3.24263476181387,72.9839535290335,69.1223511663482,..,..,..,..,..,..,..,..,..,..,..,..,..,2888774,1524547,1364227,0.0171713878019065,69.0816381352764,..,6.731,1553918,11,..,..,..,..,..,..,..,..
2025,YR2025,Low & middle income,LMY,38928798567748.6,4.53280075988324,5731.83217704224,3.54555214890893,1.06819640648454,25.2600453287365,24.3440264590284,..,..,..,..,..,..,..,..,..,..,..,..,..,6791684991,3369086176,3422598815,1.01688538175573,53.1245267427522,..,4.88528914450382,3003002334,9,..,..,..,..,..,..,..,..
2025,YR2025,Low income,LIC,552395102673.173,5.33668200665313,719.742252064173,4.3684695014615,..,23.5985850446637,33.9161504364218,23.4,0.57,69.3,..,..,..,..,..,..,..,..,..,..,767490169,384948694,382541475,2.6856183373172,35.1617278732072,..,4.89021265057929,267166977,8.5,..,..,..,..,..,..,..,..
2025,YR2025,Lower middle income,LMC,6993555946958.05,5.96181800412216,2374.49400143309,3.54630163142885,1.29568871658119,23.2304305510864,26.2834076868719,62.9,5.05,89.9,..,..,..,..,..,..,..,..,..,..,2945282634,1449661013,1495621621,1.29525816665262,42.0137846915991,..,4.50434385605843,1204149070,9,..,..,..,..,..,..,..,..
2025,YR2025,Luxembourg,LUX,70958604647.057,0.63787818818335,103292.144703636,2.25723817871726,-92.8195151180004,190.522135684017,159.364743494859,99.12902211,..,..,..,..,..,..,..,..,..,..,..,..,686970,341071,345899,1.46016251329208,94.8841729598587,..,6.343,355974,12,..,..,..,..,..,..,..,..
2025,YR2025,"Macao SAR, China",MAC,45573992396.3692,4.67106705680436,66444.076973858,0.333311677308542,..,92.2861448665199,46.8543680030619,..,..,..,..,..,..,..,..,..,..,..,..,..,685900,370199,315701,-0.160244771707362,100,..,2.347,401572,10,..,..,..,..,..,..,..,..
2025,YR2025,Madagascar,MDG,14946436415.4163,3.002568866856,456.509679348005,8.05052431791227,..,21.3332640704507,32.9081155307207,..,..,..,..,..,..,..,..,..,..,..,..,..,32740678,16318887,16421791,2.39781026296956,32.9017070836898,..,3.041,17092352,5,..,..,..,..,..,..,..,..
2025,YR2025,Malawi,MWI,12177998253.3931,1.88518707821663,548.160446261232,28.3702565330281,..,10.6488595679017,28.7506099038274,..,..,..,..,..,..,..,..,..,..,..,..,..,22216120,11372170,10843950,2.55685698114353,17.5949868386317,..,5.072,8323726,8,..,..,..,..,..,..,..,..
2025,YR2025,Malaysia,MYS,444411684411.754,5.17127082911057,12352.373269671,1.38060872293692,..,70.9677892986947,65.4286310242549,..,..,..,..,..,..,..,..,..,..,..,..,..,35977838,17156769,18821069,1.17471679693395,77.3948812296229,..,3.764,18719406,6,..,..,..,..,..,..,..,..
2025,YR2025,Maldives,MDV,6620396113.49078,6.31092335003081,12498.9542918516,4.00578494118752,..,..,..,..,..,..,..,..,..,..,..,..,..,..,..,..,529676,202826,326850,0.35499694483684,42.5061567995467,..,4.514,272320,12,..,..,..,..,..,..,..,..
2025,YR2025,Mali,MLI,23530596747.9351,5.59946842896643,933.797527588101,3.27823540357584,..,22.0767726182095,26.6954300437397,..,..,..,..,..,..,..,..,..,..,..,..,..,25198821,12487184,12711637,2.89981455024173,32.2127137183989,..,2.831,9156646,9,..,..,..,..,..,..,..,..
2025,YR2025,Malta,MLT,20403744841.7559,3.96156139018959,35196.832938458,2.36351752252186,..,119.109581237895,99.9047898051853,..,..,..,..,..,..,..,..,..,..,..,..,..,579704,278675,301029,1.8906123268828,95.6805856649593,..,2.896,323052,11,..,..,..,..,..,..,..,..
2025,YR2025,Marshall Islands,MHL,224000000,2.28310502283105,6173.86031641034,..,..,36.038961038961,79.8701298701299,..,..,..,..,..,..,..,..,..,..,..,..,..,36282,17721,18561,-3.42983639556145,79.105503091452,..,..,..,13,..,..,..,..,..,..,..,..
2025,YR2025,Mauritania,MRT,9103536665.50591,4.02891976567948,1712.77993129076,1.54796926167072,..,39.8529382759178,54.1713249621087,..,..,..,..,..,..,..,..,..,..,..,..,..,5315065,2706263,2608802,2.77895808619534,61.4888190537696,..,10.319,1248560,9,..,..,..,..,..,..,..,..
2025,YR2025,Mauritius,MUS,15316148267.1641,3.15157395305867,12314.5801796066,3.67359279962943,..,65.0363961733561,74.9062848992882,..,..,..,..,..,..,..,..,..,..,..,..,..,1243741,623563,620178,-0.163726377394902,39.0369663368524,..,5.635,622328,12,..,..,..,..,..,..,..,..
2025,YR2025,Mexico,MEX,1353338023059.52,0.561683456144578,10256.6867661121,3.80668650726485,2.35098180233848,39.6453397926899,40.2786127888756,..,..,..,..,..,..,..,..,..,..,..,..,..,131946900,67964083,63982817,0.826382426690595,80.0408930629723,..,2.673,61707262,14,..,..,..,..,..,..,..,..
2025,YR2025,"Micronesia, Fed. Sts.",FSM,343292813.445378,1.0626071425539,3019.73745806654,..,..,22.1204724773494,70.9449387561838,..,..,..,..,..,..,..,..,..,..,..,..,..,113683,57227,56456,0.46111268735637,22.4809290622703,..,..,..,8,..,..,..,..,..,..,..,..
2025,YR2025,"Middle East, North Africa, Afghanistan & Pakistan",MEA,4583014791072.13,2.74495660378074,5534.87366579572,2.08420853585036,2.57533719358913,..,..,63.7,9.69,107.1,..,..,..,..,..,..,..,..,..,..,828025185,402217074,425808111,1.80985405047339,55.9556552886396,..,7.78205479742957,264222503,9.5,..,..,..,..,..,..,..,..
2025,YR2025,"Middle East, North Africa, Afghanistan & Pakistan (excluding high income)",MNA,2293685653372.88,1.99549507789871,3042.41316868445,2.69360940778798,..,25.2126490539461,34.9544775842835,0,7.3,101,..,..,..,..,..,..,..,..,..,..,753903407,372628432,381274975,1.63316512463689,52.8628681640079,..,8.69378066221379,224195301,9,..,..,..,..,..,..,..,..
2025,YR2025,"Middle East, North Africa, Afghanistan & Pakistan (IDA & IBRD)",TMN,2281222753372.88,1.9829526200861,3047.76727731953,1.84166666666702,..,25.2430320910544,34.8145379080342,60.2,7.3,101.1,..,..,..,..,..,..,..,..,..,..,748489811,369900943,378588868,1.6281746415265,52.6132026777518,..,8.69378066221379,224195301,9,..,..,..,..,..,..,..,..
2025,YR2025,Middle income,MIC,38375173573648.4,4.52178755917781,6370.17472169135,3.45723998944321,1.06566616800138,25.308821790288,24.2011996765431,..,..,..,..,..,..,..,..,..,..,..,..,..,6024194822,2984137482,3040057340,0.806272627807298,55.413010423551,..,4.88480834136692,2735835357,10,..,..,..,..,..,..,..,..
2025,YR2025,Moldova,MDA,9486079719.1752,2.41649734575068,4018.62792468597,7.75904124001159,2.25785505605625,31.7519320468579,60.9142407389342,..,..,..,..,..,..,..,..,..,..,..,..,..,2360527,1274954,1085573,-1.75442101889586,43.7336240404545,..,1.505,1373086,10,..,..,..,..,..,..,..,..
2025,YR2025,Monaco,MCO,..,..,..,..,..,..,..,..,..,..,..,..,..,..,..,..,..,..,..,..,38341,19590,18751,-0.753524326194984,100,..,..,..,11,..,..,..,..,..,..,..,..
2025,YR2025,Mongolia,MNG,17424613413.4745,6.84391415938607,4882.24175477532,8.60536487369695,..,68.0690875802365,62.6383532330381,..,..,..,..,..,..,..,..,..,..,..,..,..,3568978,1790576,1778402,1.24589876857071,71.1450719126123,..,5.233,1457964,12,..,..,..,..,..,..,..,..
2025,YR2025,Montenegro,MNE,5471051068.05593,2.74455354258522,8779.9654133509,3.89960910704956,7.32378193243735,40.0626882380633,65.7111131958305,..,..,..,..,..,..,..,..,..,..,..,..,..,623129,323108,300021,-0.0635300593940256,65.6085083521036,..,13.572,296618,9,..,..,..,..,..,..,..,..
2025,YR2025,Morocco,MAR,142223991027.897,4.59524349182247,3643.8095703125,0.701902154839545,1.81954513887835,41.9692139163022,51.1324428826402,..,..,..,..,..,..,..,..,..,..,..,..,..,38430770,19058691,19372079,0.913842778572571,63.1278612260269,..,9,12631464,9,..,..,..,..,..,..,..,..
2025,YR2025,Mozambique,MOZ,20868838925.8263,-0.523485382072337,585.682593109736,4.3684695014615,..,41.3814750416072,55.7223347212611,..,..,..,..,..,..,..,..,..,..,..,..,..,35631653,18330893,17300760,2.84630186701375,37.2077944927189,..,6.628,15658114,..,..,..,..,..,..,..,..,..
2025,YR2025,Myanmar,MMR,61867003258.5508,-2.01184475795665,1127.91745429427,..,..,..,..,..,..,..,..,..,..,..,..,..,..,..,..,..,54850648,27557101,27293547,0.641162929716532,30.5836915476767,..,3.047,22940495,5,..,..,..,..,..,..,..,..
2025,YR2025,Namibia,NAM,12430110584.9587,1.73018153842335,4019.02686256106,3.51074539609587,..,44.6767598538623,63.9037413199657,..,..,..,..,..,..,..,..,..,..,..,..,..,3092816,1582457,1510359,2.04761498541566,50.8666984399326,..,19.291,1152801,7,..,..,..,..,..,..,..,..
2025,YR2025,Naoero,NRU,100293157.049327,2.14285714285656,8340.38728060931,..,..,61.7647058823529,103.676470588235,..,..,..,..,..,..,..,..,..,..,..,..,..,12025,5907,6118,0.650761515673821,100,..,..,..,14,..,..,..,..,..,..,..,..
2025,YR2025,Nepal,NPL,36537085383.278,4.43073194983359,1233.60590916945,2.65334269811436,..,8.82763359925247,33.7244112435844,..,..,..,..,..,..,..,..,..,..,..,..,..,29618118,15487908,14130210,-0.111140420150509,66.999424884859,..,10.465,8362760,9,..,..,..,..,..,..,..,..
2025,YR2025,Netherlands,NLD,937247947433.363,1.78463214703797,51817.0590609265,3.2595766451366,..,80.6693413415314,69.4506290177353,..,..,..,..,..,..,..,..,..,..,..,..,..,18087633,9100258,8987375,0.521869714098474,95.9385903481191,..,3.874,10347056,13,..,..,..,..,..,..,..,..
2025,YR2025,New Caledonia,NCL,..,..,..,..,..,..,..,..,..,..,..,..,..,..,..,..,..,..,..,..,295333,149630,145703,0.916376579929707,68.1717888335577,..,11.174,131488,0,..,..,..,..,..,..,..,..
2025,YR2025,New Zealand,NZL,220101916574.919,0.462871830681081,41336.0220434801,2.8397963180572,1.36610006279868,..,..,..,..,..,..,..,..,..,..,..,..,..,..,..,5324700,2678081,2646619,0.653812611006536,83.9978515774731,..,5.076,3076335,10,..,..,..,..,..,..,..,..
2025,YR2025,Nicaragua,NIC,16620068188.7789,4.92352556770889,2371.75361331026,2.08132127098376,..,41.5934723818613,54.8562223486615,..,..,..,..,..,..,..,..,..,..,..,..,..,7007502,3559745,3447757,1.31234789341176,59.4435892957332,..,5.04,3319222,7,..,..,..,..,..,..,..,..
2025,YR2025,Niger,NER,17040361036.8007,7.00782960149,610.375535148154,-4.45470804102568,..,15.7618372545511,18.1438491044232,..,..,..,..,..,..,..,..,..,..,..,..,..,27917831,13742974,14174857,3.22289981385576,18.3740697195469,..,0.394,11971064,..,..,..,..,..,..,..,..,..
2025,YR2025,Nigeria,NGA,562593735122.067,4.01336180700973,2368.53866265659,23.0101235833333,1.37738584935978,..,..,..,..,..,..,..,..,..,..,..,..,..,..,..,237527782,117350045,120177737,2.06227178599451,63.7754180467872,..,3.064,116581818,9,..,..,..,..,..,..,..,..
2025,YR2025,North America,NAC,25122213704738.4,2.12972384862783,65507.5461256891,..,1.41903161263591,..,..,95.6,39.96,112,..,..,..,..,..,..,..,..,..,..,383501065,191050332,192450733,0.567525761500349,80.4869628398688,..,4.51108669589749,197680392,11,..,..,..,..,..,..,..,..
2025,YR2025,North Macedonia,MKD,12515101178.9676,3.48706619829503,6872.99649733602,4.07249176848348,3.53789593592464,59.6492997278415,73.393734112706,93.1,..,..,..,..,..,..,..,..,..,..,..,..,1820909,934812,886097,-0.189286550678574,62.8909857826036,..,12.256,789369,13,..,..,..,..,..,..,..,..
2025,YR2025,Northern Mariana Islands,MNP,..,..,..,..,..,..,..,..,..,..,..,..,..,..,..,..,..,..,..,..,43541,20507,23034,-1.67849167730668,92.1765383642716,..,..,..,..,..,..,..,..,..,..,..,..
2025,YR2025,Norway,NOR,470262478012.781,1.08528185031417,83812.7559563457,3.05562484410077,-1.4735026863079,45.3729560131418,33.6798759181448,..,..,..,..,..,..,..,..,..,..,..,..,..,5610870,2782665,2828205,0.690166127329719,83.5705787708326,..,4.637,3094897,10,..,..,..,..,..,..,..,..
2025,YR2025,Not classified,INX,..,..,..,..,..,..,..,..,..,..,..,..,..,..,..,..,..,..,..,..,..,..,..,..,..,..,..,..,..,..,..,..,..,..,..,..,..
2025,YR2025,OECD members,OED,57858058449481.4,1.77005853071937,41261.0616629323,2.8397963180572,1.14631014203299,28.2538396080872,28.3294100454494,..,..,..,..,..,..,..,..,..,..,..,..,..,1402243571,709576147,692667424,0.387043991013275,81.3158337292265,..,4.92729125540891,709911432,11,..,..,..,..,..,..,..,..
2025,YR2025,Oman,OMN,93817318343.1259,2.39787382295398,17074.1754801364,0.967741935483928,..,..,..,..,..,..,..,..,..,..,..,..,..,..,..,..,5494691,2065724,3428967,3.95650101545376,79.4781383307689,..,3.251,2843365,10,..,..,..,..,..,..,..,..
2025,YR2025,Other small states,OSS,167530397562.151,2.88340086402312,12852.42216621,2.8063054227931,7.22032645469283,75.9580881911356,74.0599664929989,..,..,..,..,..,..,..,..,..,..,..,..,..,13034928,6437154,6597774,0.793709792345381,55.1790329785941,..,8.59085524676197,5836657,9.5,..,..,..,..,..,..,..,..
2025,YR2025,Pacific island small states,PSS,11205835214.4342,3.31927523064815,4066.49584705243,1.43420860934971,..,..,..,..,..,..,..,..,..,..,..,..,..,..,..,..,2755649,1373324,1382325,1.21145320106702,40.8754719242034,..,3.51831083728422,1051028,..,..,..,..,..,..,..,..,..
2025,YR2025,Pakistan,PAK,426041897772.178,3.69842668749033,1669.31526638503,3.54555214890893,0.454693640126553,9.98520671042165,17.2083306683448,..,..,..,..,..,..,..,..,..,..,..,..,..,255219554,125904872,129314682,1.55994397009632,39.5256010979606,..,5.42,85158214,12,..,..,..,..,..,..,..,..
2025,YR2025,Palau,PLW,275839216.548176,6.28637654202731,15616.7817781904,-0.418410041841039,..,..,..,..,..,..,..,..,..,..,..,..,..,..,..,..,17663,8157,9506,-0.181005762412027,79.2835934246556,..,..,..,12,..,..,..,..,..,..,..,..
2025,YR2025,Panama,PAN,80682556210.6412,4.35030460627731,17650.2341536614,-0.189587880235675,1.03740687229861,..,..,..,..,..,..,..,..,..,..,..,..,..,..,..,4571189,2285610,2285579,1.22403711826792,66.1500999418126,..,8.36,2287522,11,..,..,..,..,..,..,..,..
2025,YR2025,Papua New Guinea,PNG,28679571266.808,5.63792052319458,2664.69004042418,4.42141364166485,..,..,..,..,..,..,..,..,..,..,..,..,..,..,..,..,10762817,5232623,5530194,1.74625754996746,15.7797448680276,..,2.571,3746653,..,..,..,..,..,..,..,..,..
2025,YR2025,Paraguay,PRY,49292671875.7034,6.64262511156879,7028.67868797458,4.0380642333938,2.39525418709854,37.1780127232973,39.3000576076725,..,..,..,..,..,..,..,..,..,..,..,..,..,7013078,3497689,3515389,1.20391081847026,70.3897639855864,..,4.803,3528777,13,..,..,..,..,..,..,..,..
2025,YR2025,Peru,PER,238266842609.231,3.43056395124466,6890.97235402058,1.53125450314273,3.09176833503603,29.9698270665613,21.8456559013034,..,..,..,..,..,..,..,..,..,..,..,..,..,34576665,17383431,17193234,1.04316532874658,85.5963484845463,..,5.117,19242514,14,..,..,..,..,..,..,..,..
2025,YR2025,Philippines,PHL,474842491496.932,4.40240158710621,4065.88615171728,1.6587364525509,1.59958262597666,26.5503358170748,40.2432695143595,..,..,..,..,..,..,..,..,..,..,..,..,..,116786962,58535632,58251330,0.810982768568445,55.7732907605332,..,2.235,52204133,13,..,..,..,..,..,..,..,..
2025,YR2025,Poland,POL,681596153335.986,3.5727250346774,18706.7393120197,3.81419531520146,1.93405687091201,49.9505650987029,47.07961715558,..,..,..,..,..,..,..,..,..,..,..,..,..,36435861,18790638,17645223,-0.338028518667454,60.0853330309371,..,2.976,18174157,9,..,..,..,..,..,..,..,..
2025,YR2025,Portugal,PRT,246903381349.295,1.86448007464475,22851.1179216572,2.33601620316701,..,43.6580888492067,42.7407881300597,..,..,..,..,..,..,..,..,..,..,..,..,..,10804871,5659014,5145857,1.02505359028502,61.4953199318985,..,6.164,5485246,12,..,..,..,..,..,..,..,..
2025,YR2025,Post-demographic dividend,PST,53756353047517.1,1.6533096131564,47461.8746538614,2.37284807226549,1.28404732762631,28.9126216845255,29.2006990448979,..,..,..,..,..,..,..,..,..,..,..,..,..,1132621782,573741535,558880247,0.382361704355291,81.2440377612744,..,4.69905638249338,565100388,11,..,..,..,..,..,..,..,..
2025,YR2025,Pre-demographic dividend,PRE,1647539677447.1,3.57431469085844,1453.96948741356,3.27823540357584,..,..,31.0415983058925,..,..,..,..,..,..,..,..,..,..,..,..,..,1133132223,566911674,566220549,2.52823339248427,45.9503662459409,..,4.54407578031541,434666638,9,..,..,..,..,..,..,..,..
2025,YR2025,Puerto Rico (US),PRI,99525249619.7237,0.317670046196895,31249.7349532154,..,..,46.8831342261072,43.574909635642,..,..,..,..,..,..,..,..,..,..,..,..,..,3184835,1686493,1498342,-0.553782979963777,94.3404836598892,..,5.991,1209307,13,..,..,..,..,..,..,..,..
2025,YR2025,Qatar,QAT,183488780201.551,2.90166036660493,61734.692881084,..,1.40702006150615,..,..,..,..,..,..,..,..,..,..,..,..,..,..,..,2972215,859219,2112996,3.92476698437933,99.3593427696312,..,0.13,2198274,12,..,..,..,..,..,..,..,..
2025,YR2025,Romania,ROU,238992844283.874,0.677829835052762,12565.1650433306,7.18903362292063,2.18672174987663,35.4843123183415,40.7304740245655,..,..,..,..,..,..,..,..,..,..,..,..,..,19020271,9808459,9211812,-0.165649007627974,52.1728885041698,..,5.992,8244587,10,..,..,..,..,..,..,..,..
2025,YR2025,Russian Federation,RUS,1637255383314.57,1.00117656925738,11216.2451171875,8.71986939402666,0.895273062759947,18.2030774281844,15.5069734394404,..,..,..,..,..,..,..,..,..,..,..,..,..,143513328,76960071,66553257,-0.108864402490546,75.2506636608215,..,2.133,72771294,11,..,..,..,..,..,..,..,..
2025,YR2025,Rwanda,RWA,16266231947.2257,9.37579834182446,1116.46998633814,5.913000168826,..,21.5547314535693,35.1186182959686,..,..,..,..,..,..,..,..,..,..,..,..,..,14569341,7456953,7112388,2.17017465948949,30.9133840928162,..,11.363,5843274,6,..,..,..,..,..,..,..,..
2025,YR2025,Samoa,WSM,1108788407.22014,4.20440659006225,5055.89636042853,2.2119620764675,0.17252947016909,27.6189873403951,43.0106450094633,..,..,..,..,..,..,..,..,..,..,..,..,..,219306,108833,110473,0.58857998761608,17.5063874123422,..,4.996,57776,8,..,..,..,..,..,..,..,..
2025,YR2025,San Marino,SMR,..,..,..,2.29519525025037,..,..,..,..,..,..,..,..,..,..,..,..,..,..,..,..,34109,17336,16773,0.387745396648668,97.1870254171573,..,..,..,10,..,..,..,..,..,..,..,..
2025,YR2025,Sao Tome and Principe,STP,326781365.560781,1.02847453097097,1360.14953158233,11.0474362281814,..,13.2636548253815,33.3049760687217,..,..,..,..,..,..,..,..,..,..,..,..,..,240254,120885,119369,1.98329290197673,69.1721865415984,..,9.132,35075,6,..,..,..,..,..,..,..,..
2025,YR2025,Saudi Arabia,SAU,926779452930.387,4.50246560191663,25066.008744098,2.08420853585036,2.55517254024168,29.7448740074211,28.1733498505598,..,..,..,..,..,..,..,..,..,..,..,..,..,36973555,14632159,22341396,4.63120314543082,84.6123121062185,..,3.038,18383677,9,..,..,..,..,..,..,..,..
2025,YR2025,Senegal,SEN,29955264558.0666,6.68227744849194,1582.25852286375,1.45900719841385,..,32.4878683497667,38.580837965299,..,..,..,..,..,..,..,..,..,..,..,..,..,18931966,9317276,9614690,2.29738465638923,55.7672494455246,..,2.735,6131225,11,..,..,..,..,..,..,..,..
2025,YR2025,Serbia,SRB,57661132821.882,2.03039196235113,8804.37834719475,3.8903678606001,3.93697525829801,54.3130854032047,58.6104052058788,..,..,..,..,..,..,..,..,..,..,..,..,..,6549143,3444925,3104218,-0.56842544719633,62.6379872799333,..,7.123,3321043,8,..,..,..,..,..,..,..,..
2025,YR2025,Seychelles,SYC,2132897396.95785,5.79795669973812,17378.7777801503,0.297589655467556,..,79.6187766714083,92.6685633001423,..,..,..,..,..,..,..,..,..,..,..,..,..,122730,55161,67569,1.12749264749076,45.4828390704609,..,..,..,11,..,..,..,..,..,..,..,..
2025,YR2025,Sierra Leone,SLE,10281446270.4261,4.60865077581276,1165.72408271963,7.48750166612986,..,20.8910645571601,28.2050101250856,..,..,..,..,..,..,..,..,..,..,..,..,..,8819794,4420775,4399019,2.03619305233604,45.9267781356681,..,3.15,2934968,9,..,..,..,..,..,..,..,..
2025,YR2025,Singapore,SGP,431960358591.093,5.02588199508003,70683.6833491257,0.902998495002676,26.3447254389071,177.851484150301,142.454541263325,..,..,..,..,..,..,..,..,..,..,..,..,..,6111175,2954709,3156466,1.22350531679895,100,..,2.818,3760133,6,..,..,..,..,..,..,..,..
2025,YR2025,Sint Maarten (Dutch part),SXM,1561672780.75933,3.40000000000001,35554.7840712003,..,..,..,..,..,..,..,..,..,..,..,..,..,..,..,..,..,43923,22579,21344,1.3131397652904,100,..,..,..,14,..,..,..,..,..,..,..,..
2025,YR2025,Slovak Republic,SVK,108093566997.137,0.807418690144758,19966.2542827277,4.00042823495829,1.32903607891854,85.0946294110273,85.2478669923037,..,..,..,..,..,..,..,..,..,..,..,..,..,5413813,2771186,2642627,-0.152382641257418,53.1940341971169,..,5.359,2761816,11,..,..,..,..,..,..,..,..
2025,YR2025,Slovenia,SVN,56188114316.4633,1.05992996255246,26367.1907353982,2.37284807226549,2.26084906229915,78.6394707763247,73.2758980628106,..,..,..,..,..,..,..,..,..,..,..,..,..,2130986,1059206,1071780,0.168420657387838,55.9906997845822,..,3.175,1049047,9,..,..,..,..,..,..,..,..
2025,YR2025,Small states,SST,269706638448.018,4.39108110908893,13255.2636254695,2.25357866335894,..,74.9378932422971,70.2110435964071,0,17.31,161.6,..,..,..,..,..,..,..,..,..,..,20347135,10125255,10221880,0.758404978573975,52.1047234338587,..,7.75850083202263,8859734,9,..,..,..,..,..,..,..,..
2025,YR2025,Solomon Islands,SLB,1533311980.79215,3.61715088072386,1828.320661057,3.36462189317825,..,..,..,..,..,..,..,..,..,..,..,..,..,..,..,..,838645,409870,428775,2.34616812843002,31.3093190325418,..,1.431,448502,..,..,..,..,..,..,..,..,..
2025,YR2025,"Somalia, Fed. Rep.",SOM,9148089787.32035,2.99114404482197,465.439392877227,..,..,29.2484917491797,98.8149470599555,..,..,..,..,..,..,..,..,..,..,..,..,..,19654739,9809765,9844974,3.3397984923678,55.1399062872976,..,18.948,3555419,8,..,..,..,..,..,..,..,..
2025,YR2025,South Africa,ZAF,369909150542.474,1.11462608103956,5713.1191878767,3.20550474112603,-0.505823116244258,31.4101947337253,29.5009024056375,..,..,..,..,..,..,..,..,..,..,..,..,..,64747319,33243194,31504125,1.14969203871645,63.8154011002522,..,32.391,26731522,9,..,..,..,..,..,..,..,..
2025,YR2025,South Asia,SAS,4185575669896.82,7.12381420637792,2473.37479516024,3.10423966443212,0.927916174520209,21.0377211836739,23.4649237331428,67.8,4.27,81.7,..,..,..,..,..,..,..,..,..,..,1692252900,825704098,866548802,0.882496398833338,35.7927050201319,..,4.24320442446027,709676121,8.5,..,..,..,..,..,..,..,..
2025,YR2025,South Asia (IDA & IBRD),TSA,4185575669896.82,7.12381420637792,2473.37479516024,3.10423966443212,0.927916174520209,21.0377211836739,23.4649237331428,67.8,4.27,81.7,..,..,..,..,..,..,..,..,..,..,1692252900,825704098,866548802,0.882496398833338,35.7927050201319,..,4.24320442446027,709676121,8.5,..,..,..,..,..,..,..,..
2025,YR2025,South Sudan,SSD,..,..,..,..,..,..,..,..,..,..,..,..,..,..,..,..,..,..,..,..,12188788,6194568,5994220,2.0337018417734,21.6843599017401,..,..,..,8,..,..,..,..,..,..,..,..
2025,YR2025,Spain,ESP,1468952188359.05,2.82495400578509,29762.9000560093,2.699932857627,1.47335515487964,36.6374813887545,32.8133446186236,..,..,..,..,..,..,..,..,..,..,..,..,..,49355143,25128973,24226170,1.03113431966787,80.5149251039138,..,10.376,24759183,10,..,..,..,..,..,..,..,..
2025,YR2025,Sri Lanka,LKA,96577833375.7408,4.9534339114043,4439.13556608479,-4.76386036960983,..,18.9673796128721,22.8416230396327,..,..,..,..,..,..,..,..,..,..,..,..,..,21756000,11231930,10524070,-0.732738211545502,20.4501355167937,..,4.005,8264760,11,..,..,..,..,..,..,..,..
2025,YR2025,St. Kitts and Nevis,KNA,1043449132.66188,2.68858456990016,22237.9509113396,..,2.39552084343872,..,..,..,..,..,..,..,..,..,..,..,..,..,..,..,46922,24488,22434,0.168506412185747,31.8987713138283,..,..,..,12,..,..,..,..,..,..,..,..
2025,YR2025,St. Lucia,LCA,2178643364.46113,-0.57407528214496,12093.5634639167,2.02709512086274,7.30212999832689,..,..,..,..,..,..,..,..,..,..,..,..,..,..,..,180149,91291,88858,0.225066989889272,29.096571131107,..,9.452,101771,10,..,..,..,..,..,..,..,..
2025,YR2025,St. Martin (French part),MAF,..,..,..,..,..,..,..,..,..,..,..,..,..,..,..,..,..,..,..,..,24941,13394,11547,-4.65327729336626,100,..,..,..,..,..,..,..,..,..,..,..,..
2025,YR2025,St. Vincent and the Grenadines,VCT,986735188.198088,3.3921670546227,9874.85677312846,0.815322893749171,8.87423003157177,..,..,..,..,..,..,..,..,..,..,..,..,..,..,..,99924,49104,50820,-0.690139370317183,47.9810480381821,..,18.003,53688,12,..,..,..,..,..,..,..,..
2025,YR2025,Sub-Saharan Africa,SSF,2134470853590.24,4.13928145259649,1614.99946516665,3.40373458279055,..,27.8582494939805,27.8779985168193,35.7,1.12,90.4,..,..,..,..,..,..,..,..,..,..,1321654217,662868428,658785789,2.42913202460595,44.6585400495213,..,5.66118665705316,526964357,8,..,..,..,..,..,..,..,..
2025,YR2025,Sub-Saharan Africa (excluding high income),SSA,2132337956193.29,4.13764837892776,1613.53549057987,3.45723998944321,..,27.792502296504,27.80414145306,36.5,1.17,92.7,..,..,..,..,..,..,..,..,..,..,1321531487,662813267,658718220,2.42925369746173,44.6584634972637,..,5.66118665705316,526964357,8,..,..,..,..,..,..,..,..
2025,YR2025,Sub-Saharan Africa (IDA & IBRD countries),TSS,2134470853590.24,4.13928145259648,1614.99946516665,3.40373458279055,..,27.8582494939805,27.8779985168193,35.2,1.12,90.4,..,..,..,..,..,..,..,..,..,..,1321654217,662868428,658785789,2.42913202460595,44.6585400495213,..,5.66118665705316,526964357,8,..,..,..,..,..,..,..,..
2025,YR2025,Sudan,SDN,30073262602.2896,3.06427942935869,582.114074707031,..,..,1.1030420269355,1.27888825694147,..,..,..,..,..,..,..,..,..,..,..,..,..,51662147,26057109,25605038,2.3763155422004,34.9349444966605,..,..,..,8,..,..,..,..,..,..,..,..
2025,YR2025,Suriname,SUR,4679619055.64692,1.79169153226913,7313.61890387891,9.2054681878919,45.0639636830093,..,..,..,..,..,..,..,..,..,..,..,..,..,..,..,639850,320340,319510,0.850523968746845,65.7886836406706,..,7.834,257128,6,..,..,..,..,..,..,..,..
2025,YR2025,Sweden,SWE,582966494884.607,1.54316373266217,55014.3814616932,0.679869285243995,2.86246002434244,53.2286033614108,51.1066068253172,95.76629783,..,..,..,..,..,..,..,..,..,..,..,..,10596620,5258025,5338595,0.254281358853672,89.0778677789555,..,8.694,5701347,10,..,..,..,..,..,..,..,..
2025,YR2025,Switzerland,CHE,848575173117.719,1.30007790958307,93327.5937403044,0.154376978290185,-1.17732336606846,78.0527434720482,69.109307845911,97.32103855,..,..,..,..,..,..,..,..,..,..,..,..,9092436,4574140,4518296,0.95982517858888,85.7272157802756,..,4.873,5165662,11,..,..,..,..,..,..,..,..
2025,YR2025,Syrian Arab Republic,SYR,..,..,..,..,..,..,..,..,..,..,..,..,..,..,..,..,..,..,..,..,25620427,12794815,12825612,3.76901619394327,72.0836286208518,..,13.569,6764801,9,..,..,..,..,..,..,..,..
2025,YR2025,Tajikistan,TJK,17178807095.8898,8.40000053390075,1592.58651375753,..,0.486117105867933,..,..,..,..,..,..,..,..,..,..,..,..,..,..,..,10786734,5482654,5304080,1.83193545840317,26.16476270853,..,6.931,2647875,9,..,..,..,..,..,..,..,..
2025,YR2025,Tanzania,TZA,78821459765.6257,5.85286828692739,1153.17529296875,3.32697361316105,..,18.9846818575722,19.9868892820017,..,..,..,..,..,..,..,..,..,..,..,..,..,70545865,35568490,34977375,2.85515014149945,36.8833115936643,..,1.572,34052654,7,..,..,..,..,..,..,..,..
2025,YR2025,Thailand,THA,485779667893.642,2.44247444990198,6782.7505882501,-0.133634356480207,3.26524902878263,71.1480976123329,67.2655883991896,..,..,..,..,..,..,..,..,..,..,..,..,..,71619863,36783262,34836601,-0.0672045728198196,62.7993377136296,..,0.781,40871242,9,49.0776442074561,..,..,..,..,..,..,..
2025,YR2025,Timor-Leste,TLS,1721918280.90359,6.97538939119629,1213.88624944473,0.428322848346937,13.3130496450646,..,..,..,..,..,..,..,..,..,..,..,..,..,..,..,1418517,703273,715244,1.26841125849065,28.7864318960935,..,1.592,635489,9,..,..,..,..,..,..,..,..
2025,YR2025,Togo,TGO,9417999786.00817,6.31032671625633,1096.18363113201,0.433183451279109,..,..,..,..,..,..,..,..,..,..,..,..,..,..,..,..,8591626,4386494,4205132,2.17758924189303,44.3949892074399,..,1.995,2960760,10,..,..,..,..,..,..,..,..
2025,YR2025,Tonga,TON,511891142.906963,2.79999999999998,4934.27100795206,5.59276642101027,..,..,..,..,..,..,..,..,..,..,..,..,..,..,..,..,103742,54743,48999,-0.416512960445247,21.1561406217448,..,2.008,33628,15,..,..,..,..,..,..,..,..
2025,YR2025,Trinidad and Tobago,TTO,22145074350.9522,-0.787768572727643,16190.712981883,0.994489987904821,-3.06209801717702,..,..,..,..,..,..,..,..,..,..,..,..,..,..,..,1367764,692080,675684,-0.0415920932776015,53.9696087417106,..,3.329,651715,7,..,..,..,..,..,..,..,..
2025,YR2025,Tunisia,TUN,50410853187.1956,2.49311010666248,4082.32215877864,5.15100197572676,..,46.6517326028796,54.7944728488274,..,..,..,..,..,..,..,..,..,..,..,..,..,12348573,6246900,6101673,0.580403828948731,70.7029326009864,..,15.108,4268286,9,..,..,..,..,..,..,..,..
2025,YR2025,Turkiye,TUR,1364019302183.26,3.60462514082589,15883.1187401807,34.8811629820306,..,24.8497719904256,25.0849063722672,89.77024003,..,..,..,..,..,..,..,..,..,..,..,..,85878556,43031595,42846961,0.419954927193433,89.494060002186,..,8.52,36882225,12,..,..,..,..,..,..,..,..
2025,YR2025,Turkmenistan,TKM,65562932637.9347,6.30000003697894,8605.36149865389,..,..,14.4706421310531,13.6954291597467,..,..,..,..,..,..,..,..,..,..,..,..,..,7618847,3877187,3741660,1.64558945876185,47.1053608253747,..,4.267,2202574,12,..,..,..,..,..,..,..,..
2025,YR2025,Turks and Caicos Islands,TCA,..,..,..,..,..,..,..,..,..,..,..,..,..,..,..,..,..,..,..,..,46855,23416,23439,0.685300893811321,94.3959450720822,..,..,..,13,..,..,..,..,..,..,..,..
2025,YR2025,Tuvalu,TUV,42970405.4713124,1.63934426229508,4527.01279723055,..,..,..,..,..,..,..,..,..,..,..,..,..,..,..,..,..,9492,4633,4859,-1.6093983073263,65.4480709525093,..,..,..,9,..,..,..,..,..,..,..,..
2025,YR2025,Uganda,UGA,52442200144.5364,6.33181157677313,1020.5762056167,3.58082784438067,..,21.4395980877865,28.759419520652,..,..,..,..,..,..,..,..,..,..,..,..,..,51384894,25889256,25495638,2.70194383324801,31.9399557536617,..,2.746,23393999,7,..,..,..,..,..,..,..,..
2025,YR2025,Ukraine,UKR,80225421017.1528,1.82152376756284,2196.63818359375,12.7303341026903,..,25.3335332319508,51.8467407605299,..,..,..,..,..,..,..,..,..,..,..,..,..,38980376,20842863,18137513,2.91573569457478,69.5954924645764,..,..,..,11,..,..,..,..,..,..,..,..
2025,YR2025,United Arab Emirates,ARE,..,..,..,1.250865245598,..,..,..,..,..,..,..,..,..,..,..,..,..,..,..,..,11513149,4170935,7342214,4.68316292656212,85.9617641324017,..,2.174,7602907,12,..,..,..,..,..,..,..,..
2025,YR2025,United Kingdom,GBR,3364704178220.16,1.38844207858726,48422.0671236369,3.88306881626,1.91447167382408,30.5969582161816,31.8603712472379,..,..,..,..,..,..,..,..,..,..,..,..,..,69487000,35261705,34225295,0.296898638478743,83.323608078271,..,4.746,35409108,11,..,..,..,..,..,..,..,..
2025,YR2025,United States,USA,23222782186839.4,2.16138195623856,67945.6146497427,..,1.30166689957978,..,..,..,..,..,..,..,..,..,..,..,..,..,..,..,341784857,170047087,171737770,0.522468081877868,80.1921733027869,..,4.198,174833917,12,..,..,..,..,..,..,..,..
2025,YR2025,Upper middle income,UMC,31381361153940.3,4.20533481650185,10192.3534150303,3.20550474112603,1.01645482325972,25.8824489872026,23.7592759251214,88.8,33.01,132.4,..,..,..,..,..,..,..,..,..,..,3078912188,1534476469,1544435719,0.340736903610036,68.2306890215885,..,5.18391394822957,1531686286,10,..,..,..,..,..,..,..,..
2025,YR2025,Uruguay,URY,65576691278.1303,1.78471117082752,19374.5158425622,4.65032720433324,1.31014232152148,27.0714370867375,22.6457126321473,..,..,..,..,..,..,..,..,..,..,..,..,..,3384688,1742680,1642008,-0.0561194093953689,95.6537192104085,..,7.516,1806025,14,..,..,..,..,..,..,..,..
2025,YR2025,Uzbekistan,UZB,175361956576.381,7.69962477932913,4732.67835236137,8.79638847052461,2.99134974013705,22.0359976818514,35.3645415221702,..,..,..,..,..,..,..,..,..,..,..,..,..,37053428,18359298,18694130,1.88404754637167,51.0173495084299,..,4.622,14638807,11,59.8086982926392,..,..,..,..,..,..,..
2025,YR2025,Vanuatu,VUT,1088971965.11482,3.05357824026483,3249.02352280438,0.656455142231905,..,..,..,..,..,..,..,..,..,..,..,..,..,..,..,..,335169,166024,169145,2.23013831174813,22.3219888836722,..,5.073,120833,..,..,..,..,..,..,..,..,..
2025,YR2025,"Venezuela, RB",VEN,43312814116.9084,1.57068062827224,1518.84742704495,..,..,14.9031673538596,10.1083640240415,..,..,..,..,..,..,..,..,..,..,..,..,..,28516896,14433911,14082985,0.39124515392802,89.3219112298988,..,5.307,11118416,17,..,..,..,..,..,..,..,..
2025,YR2025,Viet Nam,VNM,437707289646.964,8.01882998978245,4308.20507512834,3.3099931421974,..,98.2444078637672,92.0924009535244,..,..,..,..,..,..,..,..,..,..,..,..,..,101598527,51840189,49758338,0.603044839155161,38.8299160351294,..,1.523,57041323,10,..,..,..,..,..,..,..,..
2025,YR2025,Virgin Islands (U.S.),VIR,..,..,..,..,..,..,..,..,..,..,..,..,..,..,..,..,..,..,..,..,103792,54558,49234,-0.562044819338406,95.388579075538,..,11.443,47132,..,..,..,..,..,..,..,..,..
2025,YR2025,West Bank and Gaza,PSE,12462900000,4.34444072337577,2302.14814699878,9.80840118100493,1.9212691698858,21.2278136668395,53.5326292734358,..,..,..,..,..,..,..,..,..,..,..,..,..,5413596,2727489,2686107,2.32556364928187,87.3818962963393,..,..,..,10,..,..,..,..,..,..,..,..
2025,YR2025,World,WLD,99658553419775.2,2.92127318539153,12130.6633214662,3.0414132155654,1.26299311421324,29.4807508820934,28.4991941096843,73.6,20.11,111.5,..,..,..,..,..,..,..,..,..,..,8215424893,4085748274,4129676619,0.911303701154864,57.8251158115221,..,4.7913330740211,3736625386,10,..,..,..,..,..,..,..,..
2025,YR2025,"Yemen, Rep.",YEM,..,..,..,..,..,..,..,..,..,..,..,..,..,..,..,..,..,..,..,..,41773878,20608781,21165097,2.8917915150724,37.0336664607078,..,17.322,8155939,9,..,..,..,..,..,..,..,..
2025,YR2025,Zambia,ZMB,29710290472.2068,3.75772836763902,1355.77536277733,13.9099095827735,..,..,..,..,..,..,..,..,..,..,..,..,..,..,..,..,21913874,11065695,10848179,2.77109662765952,45.9171510161461,..,5.918,8011366,7,..,..,..,..,..,..,..,..
2025,YR2025,Zimbabwe,ZWE,25478147584.7432,8.10671343048909,1503.06505298089,..,..,..,..,..,..,..,..,..,..,..,..,..,..,..,..,..,16950795,8862928,8087867,1.88435182354047,40.4951287431452,..,9.293,6854692,7,..,..,..,..,..,..,..,..
,,,,,,,,,,,,,,,,,,,,,,,,,,,,,,,,,,,,,,,,
,,,,,,,,,,,,,,,,,,,,,,,,,,,,,,,,,,,,,,,,
,,,,,,,,,,,,,,,,,,,,,,,,,,,,,,,,,,,,,,,,
Data from database: World Development Indicators,,,,,,,,,,,,,,,,,,,,,,,,,,,,,,,,,,,,,,,,
Last Updated: 07/13/2026,,,,,,,,,,,,,,,,,,,,,,,,,,,,,,,,,,,,,,,,
